init_time,valid_time,lead_day,latitude,longitude,region_v2,month,year,fcst_precip_mm,fcst_temp_c,fcst_mslp_hpa,wind_speed_10m,precip_forecast_jump,temp_forecast_jump,obs_precip_mm,obs_temp_c,obs_mslp_hpa,error_precip_mm,error_temp_c,abs_error_precip_mm,abs_error_temp_c,bust_precip_categorical,bust_temp_hard,bust_precip,bust_temp,missed_heavy_rain_event,false_alarm_heavy_rain,split,status,analog_rain_bust_rate,analog_temp_bust_rate,analog_precip_abs_error,analog_temp_abs_error,n_analogs,mean_distance,top1_distance
2021-09-16 12:00:00,2021-09-17 12:00:00,1,9.0,76.5,Kerala,9,2021,2.3833363,26.494171,1006.8931,4.2425165,0.13713741,0.36730957,1.8022364,27.341309,1006.59595,0.58109987,-0.84713745,0.58109987,0.84713745,False,False,False,False,False,False,test,ok,0.0,0.0,2.2259330451488495,1.05108642578125,6,0.4093698014815648,0.36829572916030884
2021-07-04 00:00:00,2021-07-05 00:00:00,1,31.499999999999993,76.5,Himachal Pradesh,7,2021,0.6121401,22.926086,1004.7882,1.4069691,-0.00607121,0.0087890625,0.78284836,23.276642,1005.4736,-0.17070824,-0.35055542,0.17070824,0.35055542,False,False,False,False,False,False,test,ok,0.0,0.0,2.548633575439453,1.4276046752929688,8,0.45617102086544037,0.3610132336616516
2021-07-02 12:00:00,2021-07-03 12:00:00,1,26.999999999999996,76.5,Rajasthan,7,2021,0.14348342,36.35965,998.3591,3.0010157,0.14126056,-1.2373962,0.32046276,36.31125,999.0108,-0.17697935,0.04840088,0.17697935,0.04840088,False,False,False,False,False,False,test,no_reliable_analogs,,,,,0,,
2021-06-01 12:00:00,2021-06-02 12:00:00,1,11.999999999999991,94.5,Andaman and Nicobar,6,2021,0.5194745,29.029999,1006.8402,2.106817,0.0,0.0,0.7382908,29.49524,1007.2166,-0.21881628,-0.46524048,0.21881628,0.46524048,False,False,False,False,False,False,test,no_reliable_analogs,,,,,0,,
2021-06-28 12:00:00,2021-06-29 12:00:00,1,19.499999999999996,73.5,Maharashtra,6,2021,5.136098,26.700409,1005.4932,3.2948608,-5.1301756,0.23602295,5.4910946,29.41446,1005.952,-0.35499668,-2.7140503,0.35499668,2.7140503,False,False,False,True,False,False,test,ok,0.0,0.0,1.8619675874710082,1.544232177734375,5,0.4625361442565918,0.3808315694332123
2021-07-15 00:00:00,2021-07-16 00:00:00,1,14.999999999999996,74.99999999999999,Karnataka,7,2021,40.8056,21.39972,1007.6895,2.7504125,11.911583,-0.18136597,37.11363,22.996735,1006.6623,3.6919708,-1.5970154,3.6919708,1.5970154,False,False,False,False,False,False,test,no_reliable_analogs,,,,,0,,
2021-07-29 12:00:00,2021-07-30 12:00:00,1,28.499999999999982,97.49999999999999,Arunachal Pradesh,7,2021,10.087996,10.483734,1010.673,0.8573157,-5.582095,0.15774536,8.639255,11.507385,1011.7554,1.448741,-1.0236511,1.448741,1.0236511,False,False,False,False,False,False,test,ok,0.0,0.1111111111111111,3.459809568193224,1.823455810546875,9,0.39128244254324174,0.29669874906539917
2021-07-12 00:00:00,2021-07-13 00:00:00,1,28.499999999999982,76.5,Haryana,7,2021,1.6152865,28.30484,1002.57367,3.278142,-4.314698,0.6626892,2.1747649,29.631927,1003.2689,-0.5594784,-1.3270874,0.5594784,1.3270874,False,False,False,False,False,False,test,no_reliable_analogs,,,,,0,,
2021-07-31 12:00:00,2021-08-01 12:00:00,1,20.999999999999993,79.49999999999999,Maharashtra,8,2021,1.1851234,28.648499,999.90735,3.7686856,-0.81622696,0.73373413,5.209628,28.279419,1000.0838,-4.0245047,0.3690796,4.0245047,0.3690796,False,False,False,False,False,False,test,ok,0.0,0.0,0.9022840857505798,0.668658447265625,5,0.4944911479949951,0.46500536799430847
2021-08-24 00:00:00,2021-08-25 00:00:00,1,13.5,81.0,Tamil Nadu,8,2021,5.865236,27.391449,1006.70593,7.9371924,-7.042525,0.5531616,3.0553925,28.012146,1006.5305,2.8098433,-0.620697,2.8098433,0.620697,False,False,False,False,False,False,test,no_reliable_analogs,,,,,0,,
2021-06-04 00:00:00,2021-06-05 00:00:00,1,20.999999999999993,82.5,Chhattisgarh,6,2021,4.109929,25.862213,1007.51666,1.9726266,0.71449757,-0.3062439,1.4584842,29.644257,1007.5069,2.651445,-3.7820435,2.651445,3.7820435,False,True,False,True,False,False,test,ok,0.0,0.2,1.865218949317932,1.7892120361328125,10,0.5112175315618515,0.394520103931427
2021-07-22 12:00:00,2021-07-23 12:00:00,1,18.0,74.99999999999999,Maharashtra,7,2021,7.722297,24.8042,1001.21155,7.0954213,6.5911913,-1.2882385,3.02819,25.233551,1001.2188,4.694107,-0.4293518,4.694107,0.4293518,False,False,False,False,False,False,test,no_reliable_analogs,,,,,0,,
2021-06-28 12:00:00,2021-06-29 12:00:00,1,11.999999999999991,73.5,Lakshadweep,6,2021,2.3411,27.336365,1007.0404,6.4577184,-6.815406,0.0005187988,2.109991,27.23703,1007.615,0.2311089,0.09933472,0.2311089,0.09933472,False,False,False,False,False,False,test,no_reliable_analogs,,,,,0,,
2021-07-03 00:00:00,2021-07-04 00:00:00,1,14.999999999999996,73.5,Goa,7,2021,8.656,26.256073,1008.13116,4.0236583,-1.2834997,-0.6676941,4.578463,26.520477,1008.16064,4.077537,-0.2644043,4.077537,0.2644043,False,False,False,False,False,False,test,no_reliable_analogs,,,,,0,,
2021-08-12 12:00:00,2021-08-13 12:00:00,1,20.999999999999993,82.5,Chhattisgarh,8,2021,1.9061761,29.421173,1001.85706,1.5594478,-0.24365544,-0.013702393,1.6331716,30.967133,1001.9992,0.27300453,-1.5459595,0.27300453,1.5459595,False,False,False,False,False,False,test,ok,0.0,0.0,0.70789053440094,0.939752197265625,10,0.37655232548713685,0.30737024545669556
2021-08-01 12:00:00,2021-08-02 12:00:00,1,26.999999999999996,69.0,Rajasthan,8,2021,0.0,39.83429,994.0245,4.7283134,0.0,0.26205444,0.00033181623,38.194458,995.0848,-0.00033181623,1.6398315,0.00033181623,1.6398315,False,False,False,False,False,False,test,ok,0.0,0.16666666666666666,0.01296808051605088,1.2871297200520833,6,0.461532602707545,0.37481069564819336
2021-08-11 12:00:00,2021-08-12 12:00:00,1,32.999999999999986,79.49999999999999,Jammu and Kashmir,8,2021,0.046782296,14.022491,1003.8201,2.9122348,-0.11710355,0.2692871,0.43820658,16.278992,1003.7541,-0.3914243,-2.2565002,0.3914243,2.2565002,False,False,False,False,False,False,test,ok,0.0,0.14285714285714285,0.04558244700144444,2.4332057407924106,7,0.36996973412377493,0.2590106427669525
2021-07-03 12:00:00,2021-07-04 12:00:00,1,18.0,74.99999999999999,Maharashtra,7,2021,0.2726885,30.176208,1005.5108,4.659399,-0.2325936,-0.07839966,0.38481346,33.441833,1005.5436,-0.11212495,-3.265625,0.11212495,3.265625,False,True,False,True,False,False,test,ok,0.0,0.2,0.3283760339021683,2.5429351806640623,10,0.44622153639793394,0.3092871308326721
2021-06-01 12:00:00,2021-06-02 12:00:00,1,24.0,83.99999999999999,Jharkhand,6,2021,0.8309858,31.050446,1003.2488,1.1780134,0.0,0.0,1.673658,31.85019,1003.43384,-0.8426722,-0.79974365,0.8426722,0.79974365,False,False,False,False,False,False,test,no_reliable_analogs,,,,,0,,
2021-08-19 12:00:00,2021-08-20 12:00:00,1,25.49999999999999,70.49999999999999,Rajasthan,8,2021,0.0,36.98111,999.8801,4.7444506,-0.000106565814,0.66171265,0.0,37.542603,1000.5399,0.0,-0.5614929,0.0,0.5614929,False,False,False,False,False,False,test,no_reliable_analogs,,,,,0,,
2021-08-03 12:00:00,2021-08-04 12:00:00,1,16.499999999999993,81.0,Andhra Pradesh,8,2021,0.2464631,32.48999,1003.07275,4.387791,0.06494093,0.003540039,0.57503283,32.995697,1003.75275,-0.3285697,-0.5057068,0.3285697,0.5057068,False,False,False,False,False,False,test,ok,0.0,0.0,0.2768776848912239,1.18402099609375,10,0.34206206947565077,0.21728835999965668
2021-08-07 12:00:00,2021-08-08 12:00:00,1,20.999999999999993,74.99999999999999,Maharashtra,8,2021,1.5840079,29.648834,1004.1486,3.9297032,-0.97490394,1.022644,0.5576836,31.250824,1004.7268,1.0263243,-1.6019897,1.0263243,1.6019897,False,False,False,False,False,False,test,ok,0.0,0.0,1.8231366991996765,1.052899169921875,5,0.492766410112381,0.43305134773254395
2021-07-10 12:00:00,2021-07-11 12:00:00,1,18.0,78.0,Andhra Pradesh,7,2021,12.659607,26.096924,999.5062,2.322825,0.46429253,-0.2857666,12.342618,27.425964,999.8562,0.31698895,-1.3290405,0.31698895,1.3290405,False,False,False,False,False,False,test,no_reliable_analogs,,,,,0,,
2021-08-03 12:00:00,2021-08-04 12:00:00,1,11.999999999999991,92.99999999999999,Andaman and Nicobar,8,2021,7.105444,28.065277,1007.22815,9.097943,-2.7923727,0.0014953613,7.9803605,27.598602,1007.6255,-0.87491655,0.4666748,0.87491655,0.4666748,False,False,False,False,False,False,test,ok,0.0,0.0,3.401751677195231,0.3959418402777778,9,0.41881899038950604,0.3541889488697052
2021-09-25 00:00:00,2021-09-26 00:00:00,1,25.49999999999999,94.5,Manipur,9,2021,3.16828,19.265747,1009.9514,1.0486671,0.91619897,-0.055236816,3.3129258,22.094849,1010.2347,-0.14464593,-2.8291016,0.14464593,2.8291016,False,False,False,True,False,False,test,ok,0.0,0.2,0.7002604007720947,2.6296142578125,10,0.3203387349843979,0.25865381956100464
2021-06-17 00:00:00,2021-06-18 00:00:00,1,22.5,69.0,Gujarat,6,2021,0.8739369,28.713287,999.74805,5.1955304,-0.26078868,0.08773804,0.99132025,29.105743,999.90045,-0.11738336,-0.39245605,0.11738336,0.39245605,False,False,False,False,False,False,test,ok,0.0,0.0,0.18140886314213275,1.172198486328125,10,0.3150909632444382,0.2661862075328827
2021-09-24 12:00:00,2021-09-25 12:00:00,1,26.999999999999996,73.5,Rajasthan,9,2021,2.4073915,29.204681,1003.6107,1.9332746,-0.93703413,0.47036743,1.5822101,32.244904,1003.57153,0.8251815,-3.0402222,0.8251815,3.0402222,False,True,False,True,False,False,test,ok,0.0,0.0,0.4655096069909632,0.9667510986328125,10,0.4249745100736618,0.37040314078330994
2021-06-07 00:00:00,2021-06-08 00:00:00,1,14.999999999999996,78.0,Andhra Pradesh,6,2021,0.1844594,24.260895,1008.1074,3.670747,-0.06518717,0.44540405,0.043101337,26.829102,1007.9643,0.14135806,-2.5682068,0.14135806,2.5682068,False,False,False,True,False,False,test,ok,0.0,0.2,0.5389176845550537,2.416168212890625,5,0.45062811970710753,0.4261772334575653
2021-07-26 00:00:00,2021-07-27 00:00:00,1,22.5,70.49999999999999,Gujarat,7,2021,23.212084,26.017944,999.72876,6.2272835,17.151716,-0.2543335,8.592376,27.368225,1000.0196,14.619708,-1.3502808,14.619708,1.3502808,False,False,True,False,False,False,test,no_reliable_analogs,,,,,0,,
2021-08-23 00:00:00,2021-08-24 00:00:00,1,24.0,85.5,Jharkhand,8,2021,7.420998,24.79779,1004.73,2.4358518,3.8844833,-0.11138916,5.246224,26.1633,1004.7483,2.1747742,-1.365509,2.1747742,1.365509,False,False,False,False,False,False,test,ok,0.0,0.0,3.1181292057037355,1.70958251953125,10,0.4448640763759613,0.36378440260887146
2021-07-27 00:00:00,2021-07-28 00:00:00,1,22.5,74.99999999999999,Madhya Pradesh,7,2021,3.8390005,23.61444,1001.45404,5.199337,-4.697756,0.010528564,23.672197,24.730774,1001.53015,-19.833197,-1.116333,19.833197,1.116333,False,False,True,False,False,False,test,ok,0.0,0.0,3.929453694820404,1.2155792236328125,10,0.5135067611932754,0.46358436346054077
2021-06-26 00:00:00,2021-06-27 00:00:00,1,28.499999999999982,88.49999999999999,Sikkim,6,2021,1.3396919,3.3969116,1018.62885,1.0356655,0.11666477,0.038635254,2.87354,5.26297,1017.9631,-1.533848,-1.8660583,1.533848,1.8660583,False,False,False,False,False,False,test,ok,0.0,0.0,0.7002232202461788,2.171757289341518,7,0.32212252063410624,0.14463169872760773
2021-09-01 12:00:00,2021-09-02 12:00:00,1,7.499999999999991,92.99999999999999,Andaman and Nicobar,9,2021,9.90709,27.849731,1008.08844,8.359082,-6.678317,0.8590088,10.105021,27.331299,1008.9192,-0.19793129,0.5184326,0.19793129,0.5184326,False,False,False,False,False,False,test,no_reliable_analogs,,,,,0,,
2021-09-12 12:00:00,2021-09-13 12:00:00,1,20.999999999999993,74.99999999999999,Maharashtra,9,2021,20.889824,26.669495,997.1379,3.2110314,12.992777,0.1763916,12.553744,27.868195,999.3391,8.33608,-1.1987,8.33608,1.1987,False,False,False,False,False,False,test,no_reliable_analogs,,,,,0,,
2021-09-25 12:00:00,2021-09-26 12:00:00,1,13.5,74.99999999999999,Karnataka,9,2021,2.2173367,25.234436,1005.84717,3.4214427,-0.8706641,-0.07443237,1.8276389,26.247894,1005.6357,0.3896978,-1.0134583,0.3896978,1.0134583,False,False,False,False,False,False,test,ok,0.0,0.0,0.5423137620091438,1.803863525390625,8,0.3837820999324322,0.3257952928543091
2021-07-18 12:00:00,2021-07-19 12:00:00,1,10.499999999999996,79.49999999999999,Tamil Nadu,7,2021,0.34363472,30.59851,1004.21295,6.3839154,-0.097904,-0.44250488,0.49472937,31.721619,1005.00073,-0.15109465,-1.1231079,0.15109465,1.1231079,False,False,False,False,False,False,test,ok,0.0,0.0,3.4066642416375026,1.1531720842633928,7,0.3125050216913223,0.23777572810649872
2021-06-13 00:00:00,2021-06-14 00:00:00,1,24.0,73.5,Rajasthan,6,2021,0.11261445,27.381683,1000.61304,4.533704,0.02927944,-0.0055236816,0.012594832,29.462402,1000.978,0.10001962,-2.080719,0.10001962,2.080719,False,False,False,False,False,False,test,ok,0.0,0.0,0.1396493457717952,2.05804443359375,10,0.2893517166376114,0.2244352102279663
2021-07-19 00:00:00,2021-07-20 00:00:00,1,20.999999999999993,73.5,Gujarat,7,2021,22.889978,24.607605,1003.63696,5.119749,10.727584,0.17358398,15.946023,25.638367,1003.74756,6.9439554,-1.0307617,6.9439554,1.0307617,False,False,True,False,False,False,test,no_reliable_analogs,,,,,0,,
2021-09-14 00:00:00,2021-09-15 00:00:00,1,29.999999999999993,74.99999999999999,Punjab,9,2021,2.3023543,25.945251,1004.6464,1.8184389,0.9604604,-0.11682129,2.9846992,27.748138,1005.799,-0.6823449,-1.802887,0.6823449,1.802887,False,False,False,False,False,False,test,ok,0.0,0.0,0.7297322242942755,1.597607421875,10,0.37833957076072694,0.2941649556159973
2021-06-07 12:00:00,2021-06-08 12:00:00,1,26.999999999999996,81.0,Uttar Pradesh,6,2021,0.004955259,37.998505,994.6647,2.698507,0.0030398155,-0.6564331,0.2309324,38.18393,995.01483,-0.22597714,-0.1854248,0.22597714,0.1854248,False,False,False,False,False,False,test,ok,0.0,0.1,0.27990276194177566,1.283441162109375,10,0.4238439351320267,0.342430055141449
2021-06-17 00:00:00,2021-06-18 00:00:00,1,31.499999999999993,78.0,Himachal Pradesh,6,2021,5.973852,4.911743,1011.6649,0.72874296,-0.077116966,0.69937134,7.6753445,6.935669,1011.8153,-1.7014923,-2.0239258,1.7014923,2.0239258,False,False,False,False,False,False,test,no_reliable_analogs,,,,,0,,
2021-07-06 00:00:00,2021-07-07 00:00:00,1,24.0,78.0,Madhya Pradesh,7,2021,2.9530742,27.308533,1002.89624,3.290199,2.5750563,-0.9503784,0.47142,29.458527,1002.8643,2.4816542,-2.149994,2.4816542,2.149994,False,False,False,False,False,False,test,ok,0.0,0.0,2.7375988761583963,1.8349609375,6,0.5477077464262644,0.4333359897136688
2021-06-20 00:00:00,2021-06-21 00:00:00,1,11.999999999999991,74.99999999999999,Kerala,6,2021,9.012091,24.759918,1011.3343,3.378942,-1.7720613,0.009979248,8.322618,24.87204,1011.25604,0.68947315,-0.11212158,0.68947315,0.11212158,False,False,False,False,False,False,test,no_reliable_analogs,,,,,0,,
2021-07-28 12:00:00,2021-07-29 12:00:00,1,11.999999999999991,73.5,Lakshadweep,7,2021,1.4338497,27.775818,1009.05237,7.475993,0.0923785,-0.16885376,1.2221601,28.104187,1009.86,0.21168959,-0.32836914,0.21168959,0.32836914,False,False,False,False,False,False,test,ok,0.0,0.0,0.7594643115997315,0.17025146484375,10,0.311872573196888,0.20071624219417572
2021-06-16 00:00:00,2021-06-17 00:00:00,1,20.999999999999993,72.0,Gujarat,6,2021,2.059719,27.79422,1000.50226,6.5147457,-0.82883525,-0.09259033,2.3627608,28.213898,999.53394,-0.3030417,-0.41967773,0.3030417,0.41967773,False,False,False,False,False,False,test,ok,0.0,0.0,0.16525267213582992,0.9307098388671875,10,0.3721804082393646,0.25679558515548706
2021-07-24 12:00:00,2021-07-25 12:00:00,1,29.999999999999993,81.0,Uttarakhand,7,2021,5.1896367,14.244354,1007.17944,0.8771345,-1.281012,-0.1065979,5.8805213,15.163239,1007.33936,-0.6908846,-0.9188843,0.6908846,0.9188843,False,False,False,False,False,False,test,ok,0.0,0.1,3.770392370223999,2.23790283203125,10,0.364306715130806,0.2612555921077728
2021-07-10 00:00:00,2021-07-11 00:00:00,1,20.999999999999993,83.99999999999999,Odisha,7,2021,2.3060515,24.974396,1001.36383,2.1033041,-3.4674132,0.03274536,2.7003834,28.157227,1001.2518,-0.39433193,-3.1828308,0.39433193,3.1828308,False,True,False,True,False,False,test,ok,0.0,0.1,1.9091380834579468,1.9415863037109375,10,0.43836145997047427,0.3724730908870697
2021-09-08 12:00:00,2021-09-09 12:00:00,1,28.499999999999982,73.5,Rajasthan,9,2021,0.62413096,33.585785,999.14685,4.6098957,-1.2317288,1.7836304,0.2910449,34.89206,999.8156,0.33308607,-1.3062744,0.33308607,1.3062744,False,False,False,False,False,False,test,no_reliable_analogs,,,,,0,,
2021-08-24 12:00:00,2021-08-25 12:00:00,1,20.999999999999993,88.49999999999999,West Bengal,8,2021,5.198526,29.176575,1000.4314,8.271105,2.8803275,-0.10836792,3.9578714,29.463135,1000.0852,1.2406545,-0.28656006,1.2406545,0.28656006,False,False,False,False,False,False,test,ok,0.0,0.0,2.429780912399292,0.322039794921875,10,0.5216675132513047,0.38064080476760864
2021-07-05 00:00:00,2021-07-06 00:00:00,1,16.499999999999993,74.99999999999999,Karnataka,7,2021,2.482131,22.109467,1007.9405,2.3895085,0.4654646,-0.07867432,5.6838126,23.683533,1007.7644,-3.2016816,-1.5740662,3.2016816,1.5740662,False,False,False,False,False,False,test,ok,0.0,0.0,1.26556898355484,1.76007080078125,10,0.33714175373315813,0.18185566365718842
2021-06-16 00:00:00,2021-06-17 00:00:00,1,28.499999999999982,76.5,Haryana,6,2021,1.6695492,25.897095,999.038,2.6025078,-0.2995745,-0.951355,3.7085025,28.259949,998.5351,-2.0389533,-2.362854,2.0389533,2.362854,False,False,False,False,False,False,test,no_reliable_analogs,,,,,0,,
2021-09-03 12:00:00,2021-09-04 12:00:00,1,28.499999999999982,72.0,Rajasthan,9,2021,0.33957464,33.95645,999.21454,1.196926,0.10526627,-1.1480103,0.731346,36.893707,999.96,-0.39177138,-2.9372559,0.39177138,2.9372559,False,False,False,True,False,False,test,no_reliable_analogs,,,,,0,,
2021-08-13 12:00:00,2021-08-14 12:00:00,1,16.499999999999993,82.5,Andhra Pradesh,8,2021,14.189024,29.300293,1000.21985,5.753316,-3.2829742,0.011474609,17.37795,28.181335,1001.8593,-3.1889267,1.1189575,3.1889267,1.1189575,False,False,False,False,False,False,test,no_reliable_analogs,,,,,0,,
2021-07-28 12:00:00,2021-07-29 12:00:00,1,34.49999999999999,78.0,Jammu and Kashmir,7,2021,2.7590244,8.266266,1004.979,1.5669211,-0.29959798,-0.12231445,4.686237,9.306122,1004.5625,-1.9272125,-1.039856,1.9272125,1.039856,False,False,False,False,False,False,test,ok,0.0,0.1,0.8226550579071045,1.44471435546875,10,0.36878691613674164,0.27429014444351196
2021-09-05 12:00:00,2021-09-06 12:00:00,1,28.499999999999982,74.99999999999999,Rajasthan,9,2021,0.7221173,32.359985,1001.7031,1.0199438,-1.2871658,1.3156433,0.74023926,33.605103,1001.9928,-0.018121958,-1.2451172,0.018121958,1.2451172,False,False,False,False,False,False,test,no_reliable_analogs,,,,,0,,
2021-08-30 00:00:00,2021-08-31 00:00:00,1,26.999999999999996,88.49999999999999,West Bengal,8,2021,16.225855,17.396637,1013.4158,0.68058246,-0.14144707,-0.2116394,20.7458,19.45285,1013.0648,-4.519945,-2.0562134,4.519945,2.0562134,False,False,False,False,False,False,test,no_reliable_analogs,,,,,0,,
2021-09-24 12:00:00,2021-09-25 12:00:00,1,18.0,82.5,Andhra Pradesh,9,2021,11.479176,25.870361,1003.6663,1.2302185,3.7310114,-0.46054077,6.129024,26.743866,1004.7303,5.3501515,-0.87350464,5.3501515,0.87350464,False,False,False,False,False,False,test,ok,0.0,0.0,2.2095019817352295,1.634051513671875,5,0.3999090254306793,0.3083696663379669
2021-06-19 00:00:00,2021-06-20 00:00:00,1,36.0,78.0,Jammu and Kashmir,6,2021,1.2019101,-9.139709,1021.2729,0.90819263,0.30504507,0.8456421,1.9944881,-5.554596,1020.4233,-0.792578,-3.5851135,0.792578,3.5851135,False,True,False,True,False,False,test,no_reliable_analogs,,,,,0,,
2021-07-14 12:00:00,2021-07-15 12:00:00,1,28.499999999999982,76.5,Haryana,7,2021,2.5941877,34.07321,999.40466,3.3105874,-4.380651,0.49169922,2.2334414,33.619415,1000.6875,0.36074638,0.4537964,0.36074638,0.4537964,False,False,False,False,False,False,test,no_reliable_analogs,,,,,0,,
2021-07-23 12:00:00,2021-07-24 12:00:00,1,28.499999999999982,88.49999999999999,Sikkim,7,2021,0.7540219,11.996033,1005.5361,2.5489635,-0.14580947,0.05899048,1.1479144,14.120361,1005.6474,-0.39389253,-2.1243286,0.39389253,2.1243286,False,False,False,False,False,False,test,no_reliable_analogs,,,,,0,,
2021-08-19 12:00:00,2021-08-20 12:00:00,1,16.499999999999993,79.49999999999999,Andhra Pradesh,8,2021,0.46459523,30.07544,1003.2683,2.5522397,-0.23163685,0.37210083,0.80578756,30.380676,1004.0736,-0.34119233,-0.30523682,0.34119233,0.30523682,False,False,False,False,False,False,test,ok,0.0,0.0,0.32702034413814546,1.4720001220703125,10,0.36363778710365297,0.2795167863368988
2021-08-18 00:00:00,2021-08-19 00:00:00,1,25.49999999999999,82.5,Uttar Pradesh,8,2021,19.17869,25.551697,1000.84717,2.0693624,2.8175087,-0.054779053,22.802479,27.670624,1000.8959,-3.6237888,-2.118927,3.6237888,2.118927,False,False,False,False,False,False,test,ok,0.0,0.0,5.478496074676514,2.0947113037109375,10,0.4611303210258484,0.3800061047077179
2021-07-17 12:00:00,2021-07-18 12:00:00,1,28.499999999999982,70.49999999999999,Rajasthan,7,2021,0.004895882,41.056732,991.58765,6.586333,0.004684453,-0.12081909,0.0028021282,41.538483,992.99664,0.002093754,-0.4817505,0.002093754,0.4817505,False,False,False,False,False,False,test,ok,0.0,0.0,0.03805866533884909,0.6921051025390625,10,0.40670221447944643,0.2865985929965973
2021-08-01 00:00:00,2021-08-02 00:00:00,1,25.49999999999999,83.99999999999999,Bihar,8,2021,4.229503,25.71466,999.02124,2.3597786,-0.24875355,-0.32000732,3.3835747,27.608948,999.06335,0.84592843,-1.8942871,0.84592843,1.8942871,False,False,False,False,False,False,test,ok,0.0,0.1,2.7491992950439452,2.0010711669921877,10,0.4817408561706543,0.36406540870666504
2021-06-04 12:00:00,2021-06-05 12:00:00,1,9.0,76.5,Kerala,6,2021,22.686853,25.550201,1008.8728,4.558587,4.196907,-0.30789185,29.97385,26.266266,1010.0552,-7.286997,-0.71606445,7.286997,0.71606445,False,False,False,False,False,False,test,no_reliable_analogs,,,,,0,,
2021-06-24 00:00:00,2021-06-25 00:00:00,1,22.5,88.49999999999999,West Bengal,6,2021,3.4313028,27.18042,1000.9387,2.7090883,-2.6367033,0.4899292,6.0087223,28.651886,1000.9018,-2.5774195,-1.4714661,2.5774195,1.4714661,False,False,False,False,False,False,test,ok,0.0,0.0,1.4501563787460328,1.707098388671875,10,0.49602262675762177,0.3280312120914459
2021-07-31 12:00:00,2021-08-01 12:00:00,1,22.5,76.5,Madhya Pradesh,8,2021,4.046317,27.080444,999.3677,5.4913454,-30.358032,2.4951172,10.288043,26.7677,999.93115,-6.241726,0.31274414,6.241726,0.31274414,False,False,False,False,False,False,test,no_reliable_analogs,,,,,0,,
2021-07-20 12:00:00,2021-07-21 12:00:00,1,25.49999999999999,74.99999999999999,Rajasthan,7,2021,0.46993592,31.666687,995.8683,4.1890774,0.005608171,-1.0440979,1.0322256,33.584167,996.10706,-0.5622897,-1.9174805,0.5622897,1.9174805,False,False,False,False,False,False,test,no_reliable_analogs,,,,,0,,
2021-07-11 12:00:00,2021-07-12 12:00:00,1,19.499999999999996,76.5,Maharashtra,7,2021,18.602488,26.789764,998.8008,1.932023,-2.2193089,-0.46237183,22.875494,29.194733,998.9231,-4.2730064,-2.4049683,4.2730064,2.4049683,False,False,False,False,False,False,test,no_reliable_analogs,,,,,0,,
2021-09-10 00:00:00,2021-09-11 00:00:00,1,10.499999999999996,76.5,Kerala,9,2021,3.1094954,22.822327,1010.1772,2.5535553,1.3382787,0.10775757,1.8520502,24.516235,1010.2974,1.2574452,-1.6939087,1.2574452,1.6939087,False,False,False,False,False,False,test,ok,0.0,0.0,1.9676514148712159,1.428106689453125,10,0.3014319524168968,0.1259586066007614
2021-07-15 12:00:00,2021-07-16 12:00:00,1,18.0,79.49999999999999,Andhra Pradesh,7,2021,3.374723,28.815033,1002.32904,2.692923,-4.063901,1.0675354,2.127258,30.326294,1003.3567,1.2474649,-1.511261,1.2474649,1.511261,False,False,False,False,False,False,test,no_reliable_analogs,,,,,0,,
2021-07-15 00:00:00,2021-07-16 00:00:00,1,19.499999999999996,82.5,Odisha,7,2021,1.5082668,22.778381,1006.88354,1.9395353,-3.020874,-0.085235596,1.1879549,25.27353,1006.55884,0.3203119,-2.4951477,0.3203119,2.4951477,False,False,False,False,False,False,test,ok,0.0,0.4,1.485759472846985,2.3131195068359376,10,0.49862741231918334,0.325206458568573
2021-08-15 12:00:00,2021-08-16 12:00:00,1,34.49999999999999,76.5,Jammu and Kashmir,8,2021,1.4943999,6.440399,1017.18555,1.3857174,-0.7418395,-0.13690186,1.8251914,8.89447,1016.2394,-0.33079147,-2.454071,0.33079147,2.454071,False,False,False,False,False,False,test,ok,0.0,0.16666666666666666,0.5082268019517263,1.9184824625651042,6,0.3854762564102809,0.310780793428421
2021-09-01 12:00:00,2021-09-02 12:00:00,1,22.5,69.0,Gujarat,9,2021,102.38176,27.114166,998.73376,8.155739,-3.116768,0.033203125,69.14899,27.634308,999.4254,33.232773,-0.5201416,33.232773,0.5201416,False,False,True,False,False,False,test,no_reliable_analogs,,,,,0,,
2021-06-26 00:00:00,2021-06-27 00:00:00,1,11.999999999999991,79.49999999999999,Tamil Nadu,6,2021,1.9139333,26.586243,1006.9772,2.3591993,0.21569598,-0.58688354,3.006966,28.026764,1006.47205,-1.0930328,-1.4405212,1.0930328,1.4405212,False,False,False,False,False,False,test,no_reliable_analogs,,,,,0,,
2021-07-28 12:00:00,2021-07-29 12:00:00,1,28.499999999999982,97.49999999999999,Arunachal Pradesh,7,2021,12.940385,10.2795105,1011.404,0.8704663,-4.104026,-0.13626099,19.348785,13.01474,1010.7361,-6.4084005,-2.7352295,6.4084005,2.7352295,False,False,False,False,False,False,test,ok,0.0,0.0,3.487923812866211,1.2222503662109374,10,0.35730370283126833,0.2966688871383667
2021-08-18 00:00:00,2021-08-19 00:00:00,1,28.499999999999982,76.5,Haryana,8,2021,0.003600438,27.279541,1000.66437,1.5506493,-0.009747606,-0.2159729,0.03115135,29.891083,1000.5566,-0.027550913,-2.6115417,0.027550913,2.6115417,False,False,False,False,False,False,test,ok,0.0,0.3,0.5070702465251088,2.5080780029296874,10,0.4184596389532089,0.33153170347213745
2021-07-02 12:00:00,2021-07-03 12:00:00,1,34.49999999999999,73.5,Jammu and Kashmir,7,2021,3.9274726,21.054596,1006.224,1.1371198,1.4349172,-0.58895874,5.7995,21.653107,1006.4749,-1.8720274,-0.59851074,1.8720274,0.59851074,False,False,False,False,False,False,test,ok,0.0,0.3,2.198302221298218,2.05657958984375,10,0.3508183345198631,0.23691405355930328
2021-07-20 00:00:00,2021-07-21 00:00:00,1,26.999999999999996,81.0,Uttar Pradesh,7,2021,19.638882,25.549866,998.28,1.9206073,-7.398382,-0.13485718,13.625809,26.688873,997.6146,6.013073,-1.1390076,6.013073,1.1390076,False,False,False,False,False,False,test,ok,0.0,0.0,2.913031578063965,1.1482086181640625,6,0.4847910056511561,0.42119988799095154
2021-08-16 00:00:00,2021-08-17 00:00:00,1,31.499999999999993,74.99999999999999,Punjab,8,2021,0.11454897,26.036896,1003.68085,1.1367912,-0.16576718,-0.2232666,0.06972284,28.564606,1004.19916,0.044826128,-2.52771,0.044826128,2.52771,False,False,False,False,False,False,test,ok,0.0,0.0,0.2814723366871476,1.837982177734375,10,0.4441704869270325,0.36633265018463135
2021-06-21 00:00:00,2021-06-22 00:00:00,1,28.499999999999982,91.5,Arunachal Pradesh,6,2021,2.498828,4.2902527,1016.0943,1.1822284,-0.03934121,0.3060608,4.48609,4.8418884,1015.8466,-1.9872622,-0.55163574,1.9872622,0.55163574,False,False,False,False,False,False,test,ok,0.0,0.1,0.7559577703475953,1.2690765380859375,10,0.2834834039211273,0.1379181295633316
2021-08-06 12:00:00,2021-08-07 12:00:00,1,25.49999999999999,83.99999999999999,Bihar,8,2021,11.654827,30.078827,1000.6354,0.95914465,5.040949,-0.52841187,10.803163,31.610657,999.73,0.85166454,-1.5318298,0.85166454,1.5318298,False,False,False,False,False,False,test,no_reliable_analogs,,,,,0,,
2021-09-28 00:00:00,2021-09-29 00:00:00,1,25.49999999999999,70.49999999999999,Rajasthan,9,2021,1.5356466,27.195618,1003.0429,4.480818,-1.2332128,-0.03527832,0.594111,27.241852,1003.5478,0.94153553,-0.04623413,0.94153553,0.04623413,False,False,False,False,False,False,test,ok,0.0,0.0,0.5375717158196494,1.1936279296875,10,0.3437705785036087,0.2819637656211853
2021-06-23 00:00:00,2021-06-24 00:00:00,1,10.499999999999996,78.0,Tamil Nadu,6,2021,5.804484,23.979004,1008.5555,2.8120637,1.0436373,0.06121826,2.3046768,25.44696,1009.02234,3.4998071,-1.4679565,3.4998071,1.4679565,False,False,False,False,False,False,test,no_reliable_analogs,,,,,0,,
2021-06-26 12:00:00,2021-06-27 12:00:00,1,28.499999999999982,72.0,Rajasthan,6,2021,0.012434373,40.739532,1000.923,3.7532244,0.012434373,-0.41937256,0.10358904,41.4144,1001.83453,-0.09115467,-0.6748657,0.09115467,0.6748657,False,False,False,False,False,False,test,ok,0.0,0.0,0.06481718949362403,1.1735331217447917,6,0.47710971037546795,0.3949085474014282
2021-07-22 12:00:00,2021-07-23 12:00:00,1,9.0,79.49999999999999,Tamil Nadu,7,2021,0.30860686,28.158813,1004.5252,12.422897,0.20137617,-0.15505981,0.37822783,28.574738,1004.42334,-0.06962097,-0.41592407,0.06962097,0.41592407,False,False,False,False,False,False,test,no_reliable_analogs,,,,,0,,
2021-07-09 00:00:00,2021-07-10 00:00:00,1,20.999999999999993,76.5,Maharashtra,7,2021,24.19963,23.929169,1001.99744,2.97342,3.4734783,1.6178589,4.9967127,26.03891,1001.7347,19.202919,-2.1097412,19.202919,2.1097412,False,False,True,False,False,False,test,no_reliable_analogs,,,,,0,,
2021-08-26 12:00:00,2021-08-27 12:00:00,1,25.49999999999999,70.49999999999999,Rajasthan,8,2021,0.15878345,35.725525,997.91205,7.3202057,0.029648393,-0.21878052,0.09324192,36.03006,998.74994,0.06554153,-0.3045349,0.06554153,0.3045349,False,False,False,False,False,False,test,ok,0.0,0.0,0.03653914429014549,0.3755615234375,10,0.3724103420972824,0.23467019200325012
2021-07-17 00:00:00,2021-07-18 00:00:00,1,26.999999999999996,81.0,Uttar Pradesh,7,2021,23.80847,26.930542,998.91425,3.525731,-15.993696,1.0818787,18.039606,27.69043,1000.4314,5.7688637,-0.7598877,5.7688637,0.7598877,False,False,False,False,False,False,test,no_reliable_analogs,,,,,0,,
2021-09-25 12:00:00,2021-09-26 12:00:00,1,25.49999999999999,92.99999999999999,Assam,9,2021,1.2314646,27.316345,1005.06006,1.1825799,-0.5340506,0.11734009,2.2345295,28.798126,1005.40967,-1.0030649,-1.481781,1.0030649,1.481781,False,False,False,False,False,False,test,ok,0.0,0.1,1.008102262020111,2.13519287109375,10,0.3564649820327759,0.18596012890338898
2021-09-27 00:00:00,2021-09-28 00:00:00,1,25.49999999999999,91.5,Meghalaya,9,2021,3.714678,23.60968,1008.9614,1.4638587,-6.071352,0.57315063,9.3143425,25.505432,1008.9961,-5.5996647,-1.895752,5.5996647,1.895752,False,False,False,False,False,False,test,ok,0.0,0.0,3.330648524420602,2.1545933314732144,7,0.4772513891969408,0.2687564492225647
2021-09-17 00:00:00,2021-09-18 00:00:00,1,16.499999999999993,73.5,Maharashtra,9,2021,2.6391237,24.203735,1007.5386,2.8049965,-0.66258645,-0.05532837,2.5531518,24.461273,1007.71234,0.08597183,-0.25753784,0.08597183,0.25753784,False,False,False,False,False,False,test,ok,0.0,0.0,0.6478032410144806,1.5201446533203125,10,0.34594967365264895,0.24420788884162903
2021-09-27 12:00:00,2021-09-28 12:00:00,1,11.999999999999991,72.0,Lakshadweep,9,2021,2.1089296,26.776031,1006.0589,8.89733,-2.302215,0.09710693,2.3318477,26.42331,1006.0475,-0.22291803,0.35272217,0.22291803,0.35272217,False,False,False,False,False,False,test,ok,0.0,0.0,0.5114687442779541,0.2810333251953125,10,0.38776948153972624,0.29388538002967834
2021-07-02 00:00:00,2021-07-03 00:00:00,1,25.49999999999999,82.5,Uttar Pradesh,7,2021,1.0885167,28.114655,999.8977,4.5605683,0.8931546,-1.2572632,4.3131366,29.068146,999.9769,-3.2246199,-0.9534912,3.2246199,0.9534912,False,False,False,False,False,False,test,no_reliable_analogs,,,,,0,,
2021-08-18 00:00:00,2021-08-19 00:00:00,1,26.999999999999996,94.5,Assam,8,2021,11.81374,24.106537,1005.0734,1.9489425,-13.2889805,0.19073486,12.888638,25.561676,1005.31134,-1.0748978,-1.4551392,1.0748978,1.4551392,False,False,False,False,False,False,test,no_reliable_analogs,,,,,0,,
2021-06-24 12:00:00,2021-06-25 12:00:00,1,28.499999999999982,94.5,Arunachal Pradesh,6,2021,34.900505,18.096588,1004.7943,0.9725212,-3.5315132,-0.057647705,29.565016,19.60727,1006.0154,5.3354893,-1.5106812,5.3354893,1.5106812,False,False,False,False,False,False,test,ok,0.0,0.0,13.936277151107788,0.6401710510253906,8,0.409245315939188,0.17672580480575562
2021-08-08 12:00:00,2021-08-09 12:00:00,1,28.499999999999982,79.49999999999999,Uttar Pradesh,8,2021,21.06767,27.698486,1001.14044,1.0105582,5.162588,-0.5803833,32.010754,28.551208,1001.4816,-10.943083,-0.85272217,10.943083,0.85272217,False,False,True,False,False,False,test,no_reliable_analogs,,,,,0,,
2021-07-20 12:00:00,2021-07-21 12:00:00,1,26.999999999999996,83.99999999999999,Uttar Pradesh,7,2021,12.685168,29.27414,995.2184,2.4544568,-6.0624666,0.3418579,17.350185,30.555237,995.32263,-4.665017,-1.2810974,4.665017,1.2810974,False,False,False,False,False,False,test,no_reliable_analogs,,,,,0,,
2021-06-15 12:00:00,2021-06-16 12:00:00,1,11.999999999999991,94.5,Andaman and Nicobar,6,2021,7.949464,29.02533,1007.20197,9.666654,-1.1844034,0.42077637,10.664799,29.016968,1007.3576,-2.715335,0.008361816,2.715335,0.008361816,False,False,False,False,False,False,test,no_reliable_analogs,,,,,0,,
2021-09-16 00:00:00,2021-09-17 00:00:00,1,29.999999999999993,73.5,Rajasthan,9,2021,0.009934656,26.781738,1001.8046,2.050002,0.007930785,-0.19836426,0.009390909,27.00705,1002.23083,0.0005437471,-0.22531128,0.0005437471,0.22531128,False,False,False,False,False,False,test,ok,0.0,0.0,0.3548937207033305,1.1194061279296874,10,0.38854864835739134,0.25444525480270386
2021-09-23 12:00:00,2021-09-24 12:00:00,1,26.999999999999996,72.0,Rajasthan,9,2021,7.810375,28.770966,1004.4652,3.0212045,0.35227203,0.21673584,8.230229,29.885498,1004.7861,-0.41985416,-1.1145325,0.41985416,1.1145325,False,False,False,False,False,False,test,no_reliable_analogs,,,,,0,,
2021-06-23 12:00:00,2021-06-24 12:00:00,1,22.5,82.5,Chhattisgarh,6,2021,22.578722,26.088898,999.50024,2.0994313,-15.075571,-0.1723938,20.036888,26.433075,1000.4199,2.5418339,-0.34417725,2.5418339,0.34417725,False,False,False,False,False,False,test,no_reliable_analogs,,,,,0,,
2021-08-01 12:00:00,2021-08-02 12:00:00,1,18.0,81.0,Chhattisgarh,8,2021,1.2724918,30.16861,1002.8524,2.5225763,0.54351234,-0.169281,0.58498853,31.971008,1003.37146,0.6875033,-1.8023987,0.6875033,1.8023987,False,False,False,False,False,False,test,ok,0.0,0.0,0.654579246044159,1.2788543701171875,10,0.397447894513607,0.19980411231517792
2021-07-12 00:00:00,2021-07-13 00:00:00,1,26.999999999999996,85.5,Bihar,7,2021,7.5403523,23.661774,1005.69763,2.0047145,0.3291731,-0.28219604,7.5953364,26.604736,1005.2874,-0.054984093,-2.9429626,0.054984093,2.9429626,False,False,False,True,False,False,test,ok,0.0,0.16666666666666666,1.4088608423868816,2.02777099609375,6,0.5022599945465723,0.3630153238773346
2021-08-03 12:00:00,2021-08-04 12:00:00,1,24.0,72.0,Gujarat,8,2021,1.2944599,30.315216,1000.7165,5.3805795,-0.13937604,-0.19424438,1.0107213,32.43979,1000.93365,0.2837386,-2.1245728,0.2837386,2.1245728,False,False,False,False,False,False,test,ok,0.0,0.0,0.8004804477095604,1.4042266845703124,10,0.42963295578956606,0.31962016224861145
2021-09-27 12:00:00,2021-09-28 12:00:00,1,24.0,70.49999999999999,Gujarat,9,2021,9.309777,29.891296,1001.0133,2.3936281,3.7103543,0.0022277832,2.7245064,33.895172,1000.51086,6.585271,-4.0038757,6.585271,4.0038757,False,True,True,True,False,False,test,ok,0.0,0.0,2.673491954803467,1.1595611572265625,6,0.49812587598959607,0.46044403314590454
2021-09-25 12:00:00,2021-09-26 12:00:00,1,26.999999999999996,88.49999999999999,West Bengal,9,2021,2.545587,20.604065,1009.2383,1.198202,-2.7515645,-0.09680176,2.228847,23.344849,1009.0185,0.31674004,-2.7407837,0.31674004,2.7407837,False,False,False,False,False,False,test,ok,0.0,0.0,1.2168872475624084,1.815814208984375,10,0.4491469621658325,0.2790878713130951
2021-08-06 00:00:00,2021-08-07 00:00:00,1,28.499999999999982,92.99999999999999,Arunachal Pradesh,8,2021,1.6335772,7.315094,1015.9174,0.6231888,-0.5076252,-0.17123413,1.8555893,8.601654,1015.2582,-0.22201204,-1.28656,0.22201204,1.28656,False,False,False,False,False,False,test,ok,0.0,0.0,0.6252930164337158,2.158770751953125,10,0.33468506634235384,0.15565267205238342
2021-06-19 12:00:00,2021-06-20 12:00:00,1,26.999999999999996,94.5,Assam,6,2021,20.019629,27.324585,1001.78784,0.9528235,-1.5499706,0.5005493,18.460949,29.277802,1002.12463,1.5586796,-1.9532166,1.5586796,1.9532166,False,False,False,False,False,False,test,no_reliable_analogs,,,,,0,,
2021-09-06 00:00:00,2021-09-07 00:00:00,1,32.999999999999986,78.0,Jammu and Kashmir,9,2021,0.051722143,0.4343567,1021.6675,0.89751214,-0.26169118,0.083740234,0.25673905,1.7107544,1021.96906,-0.20501691,-1.2763977,0.20501691,1.2763977,False,False,False,False,False,False,test,ok,0.0,0.1,0.09670590525493025,1.6010162353515625,10,0.34785914719104766,0.2731395661830902
2021-09-26 00:00:00,2021-09-27 00:00:00,1,26.999999999999996,72.0,Rajasthan,9,2021,0.22791423,24.985657,1004.53424,2.4675388,-0.06717233,0.11505127,0.5439038,27.319916,1004.6189,-0.3159896,-2.334259,0.3159896,2.334259,False,False,False,False,False,False,test,ok,0.0,0.0,0.1895588853425579,2.039739990234375,10,0.34554255455732347,0.2481658011674881
2021-09-20 00:00:00,2021-09-21 00:00:00,1,26.999999999999996,76.5,Rajasthan,9,2021,2.1231802,24.141357,1005.4464,1.1390696,-3.720147,-0.1409607,1.2544378,27.059021,1005.1493,0.86874235,-2.9176636,0.86874235,2.9176636,False,False,False,True,False,False,test,ok,0.0,0.0,1.366841697692871,2.11590576171875,5,0.47389984130859375,0.44283318519592285
2021-08-07 00:00:00,2021-08-08 00:00:00,1,26.999999999999996,76.5,Rajasthan,8,2021,7.251243,25.46817,1002.9267,0.9216694,-1.514463,0.123809814,10.221048,27.372131,1003.34766,-2.9698052,-1.9039612,2.9698052,1.9039612,False,False,False,False,False,False,test,ok,0.0,0.0,3.369536910738264,2.1448233468191966,7,0.41989204713276457,0.28664708137512207
2021-07-20 12:00:00,2021-07-21 12:00:00,1,18.0,83.99999999999999,Andhra Pradesh,7,2021,24.932487,27.598328,997.8131,8.567632,18.21531,-0.91052246,24.529655,27.638702,997.8829,0.40283203,-0.040374756,0.40283203,0.040374756,False,False,False,False,False,False,test,no_reliable_analogs,,,,,0,,
2021-06-22 00:00:00,2021-06-23 00:00:00,1,24.0,83.99999999999999,Jharkhand,6,2021,17.976027,24.126373,1002.15826,1.3693607,2.285325,0.11364746,19.384695,24.939026,1002.27234,-1.4086685,-0.8126526,1.4086685,0.8126526,False,False,False,False,False,False,test,no_reliable_analogs,,,,,0,,
2021-07-29 12:00:00,2021-07-30 12:00:00,1,28.499999999999982,88.49999999999999,Sikkim,7,2021,3.4937644,8.0980835,1008.93286,2.5162768,0.6047547,-0.3630066,4.4330926,10.52182,1008.3172,-0.9393282,-2.4237366,0.9393282,2.4237366,False,False,False,False,False,False,test,ok,0.0,0.0,3.143238699436188,1.4889251708984375,10,0.3537339001893997,0.2504960894584656
2021-06-17 00:00:00,2021-06-18 00:00:00,1,18.0,82.5,Andhra Pradesh,6,2021,8.164705,23.434204,1004.56244,4.368946,3.534937,-0.7536011,9.422678,24.739075,1003.7824,-1.2579727,-1.3048706,1.2579727,1.3048706,False,False,False,False,False,False,test,no_reliable_analogs,,,,,0,,
2021-06-06 12:00:00,2021-06-07 12:00:00,1,18.0,82.5,Andhra Pradesh,6,2021,0.4082375,30.422638,1003.6118,2.7856145,-0.7363479,0.6788635,0.80985045,30.458374,1003.6241,-0.40161297,-0.035736084,0.40161297,0.035736084,False,False,False,False,False,False,test,no_reliable_analogs,,,,,0,,
2021-06-04 12:00:00,2021-06-05 12:00:00,1,20.999999999999993,79.49999999999999,Maharashtra,6,2021,1.7223791,31.565613,1003.998,1.9889822,0.45991027,0.0987854,1.2576993,34.140778,1003.7486,0.46467984,-2.5751648,0.46467984,2.5751648,False,False,False,False,False,False,test,ok,0.0,0.25,0.6317049511999357,1.8253898620605469,8,0.4029911234974861,0.2870728075504303
2021-09-03 12:00:00,2021-09-04 12:00:00,1,20.999999999999993,88.49999999999999,West Bengal,9,2021,2.6456032,28.795471,1000.66034,4.2601624,0.8090565,0.20178223,4.822564,29.131775,1000.84576,-2.176961,-0.3363037,2.176961,0.3363037,False,False,False,False,False,False,test,ok,0.0,0.0,1.0859343806902568,0.6929779052734375,6,0.5474312504132589,0.4480730891227722
2021-07-28 12:00:00,2021-07-29 12:00:00,1,25.49999999999999,82.5,Uttar Pradesh,7,2021,32.74862,28.731903,995.8896,4.280559,2.739725,0.0050354004,9.018793,28.843445,995.72,23.729826,-0.11154175,23.729826,0.11154175,False,False,True,False,False,False,test,no_reliable_analogs,,,,,0,,
2021-08-04 12:00:00,2021-08-05 12:00:00,1,32.999999999999986,73.5,Jammu and Kashmir,8,2021,5.5409155,30.764496,998.3303,1.0875416,0.16508627,0.38745117,1.4523717,34.80194,997.76904,4.088544,-4.037445,4.088544,4.037445,False,True,True,True,False,False,test,no_reliable_analogs,,,,,0,,
2021-09-23 12:00:00,2021-09-24 12:00:00,1,14.999999999999996,73.5,Goa,9,2021,4.9862347,26.614868,1006.52563,5.017139,-1.3831706,0.010192871,5.3451934,27.43753,1006.76794,-0.35895872,-0.82266235,0.35895872,0.82266235,False,False,False,False,False,False,test,ok,0.0,0.0,1.2688344597816468,0.31448974609375,10,0.33485684394836424,0.22019347548484802
2021-08-01 12:00:00,2021-08-02 12:00:00,1,32.999999999999986,76.5,Himachal Pradesh,8,2021,3.3163803,11.647461,1009.39014,1.127076,-2.124081,0.26992798,3.3174973,14.500214,1007.9431,-0.001116991,-2.8527527,0.001116991,2.8527527,False,False,False,False,False,False,test,ok,0.0,0.1,2.043383264541626,1.9770416259765624,10,0.3434298500418663,0.24707187712192535
2021-07-26 12:00:00,2021-07-27 12:00:00,1,34.49999999999999,74.99999999999999,Jammu and Kashmir,7,2021,3.5997849,17.755066,1001.3399,1.073021,-0.42526913,-0.28762817,4.76065,19.646301,1000.62524,-1.1608653,-1.8912354,1.1608653,1.8912354,False,False,False,False,False,False,test,no_reliable_analogs,,,,,0,,
2021-07-07 00:00:00,2021-07-08 00:00:00,1,36.0,78.0,Jammu and Kashmir,7,2021,3.8530517,-4.4919434,1026.6803,1.0619526,-0.18386221,-0.05960083,3.6948946,-5.0202637,1026.2477,0.15815711,0.5283203,0.15815711,0.5283203,False,False,False,False,False,False,test,no_reliable_analogs,,,,,0,,
2021-08-29 00:00:00,2021-08-30 00:00:00,1,25.49999999999999,74.99999999999999,Rajasthan,8,2021,1.5268037,25.186981,1003.70844,1.0611781,0.19416165,0.021697998,0.5910016,26.323883,1004.8069,0.93580216,-1.1369019,0.93580216,1.1369019,False,False,False,False,False,False,test,ok,0.0,0.0,1.1942744910717011,1.982794189453125,5,0.46256633996963503,0.3272896111011505
2021-08-28 00:00:00,2021-08-29 00:00:00,1,9.0,92.99999999999999,Andaman and Nicobar,8,2021,23.70553,27.350128,1005.6471,7.1679797,-3.193531,0.18563843,12.86232,27.057037,1006.01984,10.84321,0.29309082,10.84321,0.29309082,False,False,True,False,False,False,test,no_reliable_analogs,,,,,0,,
2021-09-30 12:00:00,2021-10-01 12:00:00,1,22.5,79.49999999999999,Madhya Pradesh,10,2021,4.371039,27.832733,1007.05054,1.1310765,0.66285706,0.6998291,1.3818239,30.480774,1006.92773,2.989215,-2.6480408,2.989215,2.6480408,False,False,False,False,False,False,test,no_reliable_analogs,,,,,0,,
2021-09-24 00:00:00,2021-09-25 00:00:00,1,20.999999999999993,82.5,Chhattisgarh,9,2021,4.3865767,23.789856,1006.32513,0.9023912,-2.9670033,0.1972351,3.9249523,27.14392,1006.3586,0.46162438,-3.354065,0.46162438,3.354065,False,True,False,True,False,False,test,ok,0.0,0.7,1.2931751012802124,3.1201995849609374,10,0.40530023276805877,0.3473346531391144
2021-06-10 12:00:00,2021-06-11 12:00:00,1,28.499999999999982,81.0,Uttar Pradesh,6,2021,2.50624,28.845612,997.1193,1.5239719,-10.055074,1.5123901,4.447907,29.005127,997.2196,-1.9416671,-0.15951538,1.9416671,0.15951538,False,False,False,False,False,False,test,no_reliable_analogs,,,,,0,,
2021-08-10 12:00:00,2021-08-11 12:00:00,1,20.999999999999993,83.99999999999999,Odisha,8,2021,5.8273654,28.230255,1001.8672,2.0818243,0.27719164,-0.36221313,10.017976,29.00058,1002.23315,-4.1906104,-0.7703247,4.1906104,0.7703247,False,False,False,False,False,False,test,ok,0.0,0.0,3.4502321004867555,1.02352294921875,10,0.41696223616600037,0.35234779119491577
2021-08-05 00:00:00,2021-08-06 00:00:00,1,29.999999999999993,74.99999999999999,Punjab,8,2021,1.0811208,27.787537,998.98706,2.3807335,0.20925564,0.49493408,0.92289615,27.717102,999.8314,0.1582247,0.07043457,0.1582247,0.07043457,False,False,False,False,False,False,test,ok,0.0,0.0,0.6948443800210953,1.4536041259765624,10,0.41235462874174117,0.22753046452999115
2021-06-03 00:00:00,2021-06-04 00:00:00,1,25.49999999999999,90.0,Meghalaya,6,2021,4.793548,25.661377,1005.9406,2.9897652,1.4571524,-0.45593262,4.5321097,26.971008,1006.6727,0.26143837,-1.3096313,0.26143837,1.3096313,False,False,False,False,False,False,test,ok,0.0,0.0,4.097368876139323,1.7825113932291667,6,0.4569769303003947,0.27096840739250183
2021-07-07 00:00:00,2021-07-08 00:00:00,1,20.999999999999993,82.5,Chhattisgarh,7,2021,9.252764,25.50821,1002.7706,2.2978103,-1.6964169,0.11352539,15.499112,25.000122,1003.86865,-6.2463484,0.50808716,6.2463484,0.50808716,False,False,False,False,False,False,test,ok,0.0,0.2,1.5392579555511474,2.036053466796875,10,0.4065974324941635,0.31239795684814453
2021-07-25 12:00:00,2021-07-26 12:00:00,1,24.0,83.99999999999999,Jharkhand,7,2021,4.1673937,27.911194,997.1326,1.6178187,3.6646397,-1.3642578,1.4479367,29.903381,997.0545,2.7194571,-1.9921875,2.7194571,1.9921875,False,False,False,False,False,False,test,no_reliable_analogs,,,,,0,,
2021-08-31 00:00:00,2021-09-01 00:00:00,1,24.0,74.99999999999999,Madhya Pradesh,9,2021,11.701661,24.113556,1005.4353,2.6711268,0.049489975,0.43478394,10.824424,25.340942,1005.2834,0.8772373,-1.2273865,0.8772373,1.2273865,False,False,False,False,False,False,test,ok,0.0,0.0,2.68462872505188,1.654339599609375,10,0.5460434108972549,0.48292025923728943
2021-07-03 00:00:00,2021-07-04 00:00:00,1,9.0,76.5,Kerala,7,2021,19.016968,24.514069,1009.17365,4.2864985,7.908145,-0.3673706,6.9334006,25.738495,1008.5535,12.083567,-1.2244263,12.083567,1.2244263,False,False,True,False,False,False,test,no_reliable_analogs,,,,,0,,
2021-07-22 12:00:00,2021-07-23 12:00:00,1,28.499999999999982,74.99999999999999,Rajasthan,7,2021,1.0114433,32.594513,994.4698,3.096737,-0.7187182,0.19421387,1.4826908,33.782745,995.21313,-0.47124755,-1.1882324,0.47124755,1.1882324,False,False,False,False,False,False,test,ok,0.0,0.1,0.3181934452804853,1.04041748046875,10,0.45495555102825164,0.3757512867450714
2021-07-12 00:00:00,2021-07-13 00:00:00,1,20.999999999999993,73.5,Gujarat,7,2021,10.096679,25.77179,997.6345,4.53196,-7.4088335,0.97317505,8.452796,26.865204,999.93134,1.6438828,-1.0934143,1.6438828,1.0934143,False,False,False,False,False,False,test,no_reliable_analogs,,,,,0,,
2021-07-19 00:00:00,2021-07-20 00:00:00,1,32.999999999999986,79.49999999999999,Jammu and Kashmir,7,2021,1.6446093,4.3540955,1009.9486,1.2350545,0.27711225,-1.0742493,1.7125022,5.0363464,1010.5653,-0.06789291,-0.682251,0.06789291,0.682251,False,False,False,False,False,False,test,no_reliable_analogs,,,,,0,,
2021-07-25 00:00:00,2021-07-26 00:00:00,1,10.499999999999996,78.0,Tamil Nadu,7,2021,1.4518936,24.581543,1008.6121,3.3550777,0.5970825,-0.064331055,9.850661,25.307251,1008.63245,-8.398767,-0.725708,8.398767,0.725708,False,False,True,False,False,False,test,ok,0.0,0.0,0.8113396652042866,2.01727294921875,10,0.2406370609998703,0.13065789639949799
2021-09-17 12:00:00,2021-09-18 12:00:00,1,24.0,94.5,Manipur,9,2021,20.028446,23.607452,1007.86255,0.6638911,3.1874752,-0.45132446,19.82473,25.342926,1007.88556,0.20371628,-1.7354736,0.20371628,1.7354736,False,False,False,False,False,False,test,no_reliable_analogs,,,,,0,,
2021-06-30 00:00:00,2021-07-01 00:00:00,1,16.499999999999993,78.0,Andhra Pradesh,7,2021,0.30949676,25.362457,1005.18585,3.0443919,-0.30278075,0.6175842,0.15207428,26.893463,1005.3469,0.15742248,-1.5310059,0.15742248,1.5310059,False,False,False,False,False,False,test,ok,0.0,0.0,0.8631467223167419,2.1403329031808034,7,0.4674299955368042,0.43408843874931335
2021-07-08 12:00:00,2021-07-09 12:00:00,1,28.499999999999982,79.49999999999999,Uttar Pradesh,7,2021,1.0023229,33.062653,997.60516,3.0649617,-4.3049393,1.0700073,2.6224473,33.97824,998.5594,-1.6201243,-0.9155884,1.6201243,0.9155884,False,False,False,False,False,False,test,no_reliable_analogs,,,,,0,,
2021-08-28 12:00:00,2021-08-29 12:00:00,1,10.499999999999996,78.0,Tamil Nadu,8,2021,16.879028,24.153198,1004.1309,3.8411736,1.2959585,-1.8146667,22.938925,27.818604,1004.12726,-6.0598965,-3.6654053,6.0598965,3.6654053,False,True,False,True,False,False,test,no_reliable_analogs,,,,,0,,
2021-06-13 00:00:00,2021-06-14 00:00:00,1,18.0,83.99999999999999,Andhra Pradesh,6,2021,6.742326,27.37027,997.52545,8.035095,-3.4531097,0.15133667,10.982504,27.993958,997.7911,-4.240178,-0.62368774,4.240178,0.62368774,False,False,False,False,False,False,test,no_reliable_analogs,,,,,0,,
2021-06-13 00:00:00,2021-06-14 00:00:00,1,28.499999999999982,88.49999999999999,Sikkim,6,2021,3.735225,3.586853,1013.36206,1.6699907,0.09423399,0.29800415,7.953819,5.9038086,1012.4785,-4.2185936,-2.3169556,4.2185936,2.3169556,False,False,False,False,False,False,test,ok,0.0,0.0,2.904240834712982,2.0344512939453123,10,0.35184289515018463,0.25810766220092773
2021-06-17 12:00:00,2021-06-18 12:00:00,1,22.5,91.5,Tripura,6,2021,47.71157,25.712952,1001.81775,8.516873,2.2207108,-0.40759277,65.56539,27.046478,1002.1735,-17.85382,-1.3335266,17.85382,1.3335266,True,False,True,False,True,False,test,no_reliable_analogs,,,,,0,,
2021-06-15 12:00:00,2021-06-16 12:00:00,1,7.499999999999991,92.99999999999999,Andaman and Nicobar,6,2021,0.5376004,28.938324,1008.22174,7.9306793,-0.3214751,-0.0014953613,0.6999864,28.78189,1009.16595,-0.162386,0.1564331,0.162386,0.1564331,False,False,False,False,False,False,test,ok,0.0,0.0,0.5410322532057762,0.1264862060546875,10,0.3088747337460518,0.23604585230350494
2021-06-23 12:00:00,2021-06-24 12:00:00,1,20.999999999999993,87.0,Odisha,6,2021,9.529612,29.308258,999.655,6.116933,1.5521369,0.036468506,9.61474,29.950409,1000.0606,-0.085128784,-0.6421509,0.085128784,0.6421509,False,False,False,False,False,False,test,ok,0.0,0.0,3.909951090812683,0.32953643798828125,8,0.47889842838048935,0.3882441222667694
2021-08-21 12:00:00,2021-08-22 12:00:00,1,28.499999999999982,79.49999999999999,Uttar Pradesh,8,2021,8.707798,29.602997,1002.1207,1.3685578,-3.8468142,-0.4456482,8.101591,31.67157,1002.38477,0.6062069,-2.068573,0.6062069,2.068573,False,False,False,False,False,False,test,no_reliable_analogs,,,,,0,,
2021-09-27 12:00:00,2021-09-28 12:00:00,1,20.999999999999993,76.5,Maharashtra,9,2021,41.93443,24.905762,997.39185,6.0655904,3.564602,-0.8848877,49.91444,25.277924,998.8092,-7.980011,-0.37216187,7.980011,0.37216187,False,False,False,False,False,False,test,no_reliable_analogs,,,,,0,,
2021-08-23 12:00:00,2021-08-24 12:00:00,1,24.0,88.49999999999999,West Bengal,8,2021,5.1814613,29.567596,1000.1099,1.8081993,-2.9543362,1.0050354,14.768584,30.952698,1000.59033,-9.587123,-1.3851013,9.587123,1.3851013,False,False,False,False,False,False,test,ok,0.0,0.1111111111111111,1.1104326165384717,2.1451483832465277,9,0.5335110194153256,0.4236657917499542
2021-08-29 00:00:00,2021-08-30 00:00:00,1,10.499999999999996,92.99999999999999,Andaman and Nicobar,8,2021,17.395456,26.329102,1007.6192,5.7175136,-4.9646435,-0.25802612,19.471685,26.61499,1007.55133,-2.076229,-0.28588867,2.076229,0.28588867,False,False,False,False,False,False,test,no_reliable_analogs,,,,,0,,
2021-09-11 00:00:00,2021-09-12 00:00:00,1,24.0,82.5,Madhya Pradesh,9,2021,11.033232,23.770477,1002.1172,1.4952619,-3.6636515,0.021606445,9.3879175,25.523834,1002.0134,1.6453142,-1.7533569,1.6453142,1.7533569,False,False,False,False,False,False,test,ok,0.0,0.0,3.4827036380767824,2.1886505126953124,10,0.5118138879537583,0.38212600350379944
2021-06-24 12:00:00,2021-06-25 12:00:00,1,31.499999999999993,74.99999999999999,Punjab,6,2021,0.23185417,33.906403,998.5284,2.8347723,0.07656053,-1.6563416,0.055292685,38.72461,996.6987,0.17656149,-4.818207,0.17656149,4.818207,False,True,False,True,False,False,test,ok,0.0,0.0,0.29795320965349675,1.026348876953125,5,0.5059240877628326,0.42585232853889465
2021-07-08 12:00:00,2021-07-09 12:00:00,1,32.999999999999986,78.0,Jammu and Kashmir,7,2021,0.34947598,9.466797,1009.90533,1.9842349,0.14332269,-0.20031738,0.3715945,14.069641,1008.3911,-0.022118509,-4.602844,0.022118509,4.602844,False,True,False,True,False,False,test,ok,0.0,0.6,0.5547032199800015,2.6763336181640627,10,0.31505590081214907,0.1656666249036789
2021-07-18 00:00:00,2021-07-19 00:00:00,1,22.5,73.5,Gujarat,7,2021,7.338564,26.019928,1001.6471,3.432939,-0.16424036,-0.18154907,4.941296,27.182495,1000.9842,2.3972678,-1.1625671,2.3972678,1.1625671,False,False,False,False,False,False,test,ok,0.0,0.0,1.072770619392395,1.6138153076171875,10,0.43959144949913026,0.34732353687286377
2021-07-28 00:00:00,2021-07-29 00:00:00,1,11.999999999999991,78.0,Tamil Nadu,7,2021,0.2444821,21.9263,1009.63385,3.0179098,-0.043456703,0.39871216,0.29235902,24.042969,1009.69995,-0.047876924,-2.1166687,0.047876924,2.1166687,False,False,False,True,False,False,test,ok,0.0,0.0,0.5005696838100752,1.8349761962890625,6,0.26850488036870956,0.19240814447402954
2021-09-02 12:00:00,2021-09-03 12:00:00,1,22.5,81.0,Madhya Pradesh,9,2021,5.9544406,26.559387,1002.79193,0.9703445,-1.4597335,0.8583679,4.5880632,28.328583,1002.98444,1.3663774,-1.7691956,1.3663774,1.7691956,False,False,False,False,False,False,test,ok,0.0,0.2,1.6333168268203735,1.8674285888671875,10,0.5411734938621521,0.5065850615501404
2021-08-07 00:00:00,2021-08-08 00:00:00,1,20.999999999999993,81.0,Chhattisgarh,8,2021,2.5137632,24.290894,1005.5184,2.4469476,-0.18824387,-0.15835571,1.2761546,26.862244,1005.6436,1.2376086,-2.57135,1.2376086,2.57135,False,False,False,False,False,False,test,ok,0.0,0.0,1.2404854238033294,2.0881072998046877,10,0.2841420233249664,0.14003139734268188
2021-06-26 12:00:00,2021-06-27 12:00:00,1,22.5,76.5,Madhya Pradesh,6,2021,4.7726283,29.217865,1004.3988,2.9838805,2.3584614,-1.5041504,2.9731894,30.790436,1003.79376,1.799439,-1.5725708,1.799439,1.5725708,False,False,False,False,False,False,test,ok,0.0,0.375,1.6247506737709045,2.2245750427246094,8,0.49827777966856956,0.4041723608970642
2021-09-04 12:00:00,2021-09-05 12:00:00,1,10.499999999999996,72.0,Lakshadweep,9,2021,15.390158,26.609161,1008.40155,8.275488,2.6426592,0.16574097,16.105999,26.181152,1007.90875,-0.7158413,0.42800903,0.7158413,0.42800903,False,False,False,False,False,False,test,no_reliable_analogs,,,,,0,,
2021-07-20 00:00:00,2021-07-21 00:00:00,1,22.5,78.0,Madhya Pradesh,7,2021,11.243305,23.39685,1002.2151,4.281218,2.9988432,-0.2512207,29.243416,24.474976,1001.9968,-18.00011,-1.078125,18.00011,1.078125,False,False,True,False,False,False,test,ok,0.0,0.0,3.340154027938843,1.4131072998046874,10,0.4768625974655151,0.43232080340385437
2021-09-27 00:00:00,2021-09-28 00:00:00,1,11.999999999999991,73.5,Lakshadweep,9,2021,4.790746,26.619934,1006.27954,7.078269,-1.4990835,0.56643677,5.882161,26.9393,1006.1883,-1.0914149,-0.31936646,1.0914149,0.31936646,False,False,False,False,False,False,test,ok,0.0,0.0,0.5844313621520996,0.276007080078125,5,0.41729953289031985,0.3914908468723297
2021-07-08 00:00:00,2021-07-09 00:00:00,1,16.499999999999993,74.99999999999999,Karnataka,7,2021,5.7570605,22.273071,1005.4698,2.515345,-4.2912717,-0.15661621,10.580501,23.811646,1005.6217,-4.82344,-1.5385742,4.82344,1.5385742,False,False,False,False,False,False,test,no_reliable_analogs,,,,,0,,
2021-06-22 12:00:00,2021-06-23 12:00:00,1,25.49999999999999,78.0,Madhya Pradesh,6,2021,0.06564587,37.33087,998.20435,4.1054287,-0.058577806,0.2972412,0.17159167,36.393524,998.88696,-0.105945796,0.9373474,0.105945796,0.9373474,False,False,False,False,False,False,test,ok,0.0,0.0,0.2996589601039886,1.3213226318359375,10,0.44757712781429293,0.3472673296928406
2021-06-18 00:00:00,2021-06-19 00:00:00,1,29.999999999999993,73.5,Rajasthan,6,2021,0.0037194306,27.569366,999.17,1.1432283,-0.04678115,-0.7722473,0.016961709,27.852417,999.39154,-0.013242278,-0.28305054,0.013242278,0.28305054,False,False,False,False,False,False,test,no_reliable_analogs,,,,,0,,
2021-07-20 00:00:00,2021-07-21 00:00:00,1,28.499999999999982,91.5,Arunachal Pradesh,7,2021,4.022215,5.208954,1013.2936,1.2680463,-0.4462986,-0.12930298,6.9553447,7.005707,1012.69116,-2.9331298,-1.7967529,2.9331298,1.7967529,False,False,False,False,False,False,test,ok,0.0,0.0,1.7445897340774537,1.654833984375,10,0.3192726582288742,0.2552422881126404
2021-06-29 12:00:00,2021-06-30 12:00:00,1,11.999999999999991,92.99999999999999,Andaman and Nicobar,6,2021,3.6546354,28.731964,1007.0744,5.6463647,-2.6134896,0.9055176,6.849881,28.241028,1007.6099,-3.1952457,0.49093628,3.1952457,0.49093628,False,False,False,False,False,False,test,no_reliable_analogs,,,,,0,,
2021-09-16 00:00:00,2021-09-17 00:00:00,1,24.0,82.5,Madhya Pradesh,9,2021,28.656702,23.131866,1002.73334,3.971065,22.270554,-0.57699585,19.628273,24.538605,1002.3553,9.028429,-1.4067383,9.028429,1.4067383,False,False,True,False,False,False,test,no_reliable_analogs,,,,,0,,
2021-06-08 00:00:00,2021-06-09 00:00:00,1,25.49999999999999,87.0,Bihar,6,2021,7.4745593,26.044983,1000.2774,2.3173156,3.5608456,-0.0869751,5.1341014,26.48117,1000.7762,2.340458,-0.43618774,2.340458,0.43618774,False,False,False,False,False,False,test,ok,0.0,0.4,3.2445723533630373,1.9839599609375,5,0.5192375123500824,0.4946022927761078
2021-06-24 00:00:00,2021-06-25 00:00:00,1,11.999999999999991,79.49999999999999,Tamil Nadu,6,2021,0.8366917,26.763092,1006.5419,3.2303588,0.723796,-0.5449829,0.53604037,28.451874,1006.60626,0.3006513,-1.6887817,0.3006513,1.6887817,False,False,False,False,False,False,test,ok,0.0,0.0,2.350972729069846,1.5631277901785714,7,0.2858156476702009,0.19897736608982086
2021-07-14 12:00:00,2021-07-15 12:00:00,1,19.499999999999996,76.5,Maharashtra,7,2021,17.988466,26.350525,999.52484,1.3832957,-38.497643,-0.5860596,13.659863,28.042847,999.7965,4.328603,-1.6923218,4.328603,1.6923218,False,False,False,False,False,False,test,no_reliable_analogs,,,,,0,,
2021-06-15 00:00:00,2021-06-16 00:00:00,1,13.5,79.49999999999999,Andhra Pradesh,6,2021,0.056533996,26.9469,1004.5468,3.9531693,-0.09947489,0.37496948,0.18865812,28.647003,1004.4789,-0.13212413,-1.7001038,0.13212413,1.7001038,False,False,False,False,False,False,test,ok,0.0,0.0,0.4046602830290794,1.5944854736328125,10,0.372872468829155,0.314491331577301
2021-07-13 00:00:00,2021-07-14 00:00:00,1,20.999999999999993,73.5,Gujarat,7,2021,11.640164,24.716888,1001.79736,3.206249,3.9124336,-0.33340454,4.5364313,25.599854,1001.1689,7.103733,-0.8829651,7.103733,0.8829651,False,False,True,False,False,False,test,no_reliable_analogs,,,,,0,,
2021-06-07 00:00:00,2021-06-08 00:00:00,1,25.49999999999999,83.99999999999999,Bihar,6,2021,0.4436038,29.27359,999.1022,2.992696,0.34336063,-0.39987183,0.5150228,30.068054,999.24524,-0.071419,-0.7944641,0.071419,0.7944641,False,False,False,False,False,False,test,ok,0.0,0.0,0.17157169450074433,1.1134307861328125,10,0.42445831596851347,0.325448602437973
2021-06-01 12:00:00,2021-06-02 12:00:00,1,25.49999999999999,81.0,Uttar Pradesh,6,2021,0.039636787,35.64395,1000.7368,1.6976134,0.0,0.0,2.116423,36.728455,1001.4241,-2.076786,-1.0845032,2.076786,1.0845032,False,False,False,False,False,False,test,ok,0.0,0.1,0.4310091477818787,2.23970947265625,10,0.45954443514347076,0.33579665422439575
2021-09-21 12:00:00,2021-09-22 12:00:00,1,19.499999999999996,79.49999999999999,Andhra Pradesh,9,2021,6.8447294,26.959839,1001.8265,1.4503449,-0.006787777,0.37597656,10.791935,28.211304,1001.70654,-3.9472055,-1.2514648,3.9472055,1.2514648,False,False,False,False,False,False,test,no_reliable_analogs,,,,,0,,
2021-06-27 00:00:00,2021-06-28 00:00:00,1,29.999999999999993,74.99999999999999,Punjab,6,2021,0.0007709315,28.710327,1003.0363,1.2803961,-0.00028917682,-0.3190918,0.019854616,30.505371,1003.5341,-0.019083684,-1.795044,0.019083684,1.795044,False,False,False,False,False,False,test,ok,0.0,0.0,0.17603078971733338,1.134344482421875,10,0.4644489258527756,0.37537574768066406
2021-06-21 00:00:00,2021-06-22 00:00:00,1,24.0,88.49999999999999,West Bengal,6,2021,20.401873,25.301788,1002.6346,1.6212405,10.397259,-0.3945923,15.401459,27.378479,1001.5879,5.000414,-2.0766907,5.000414,2.0766907,False,False,False,False,False,False,test,no_reliable_analogs,,,,,0,,
2021-08-25 12:00:00,2021-08-26 12:00:00,1,11.999999999999991,73.5,Lakshadweep,8,2021,13.436148,26.18042,1006.0382,6.2299128,-6.1718674,-0.045135498,16.43948,26.2594,1005.46985,-3.0033321,-0.07897949,3.0033321,0.07897949,False,False,False,False,False,False,test,no_reliable_analogs,,,,,0,,
2021-09-08 00:00:00,2021-09-09 00:00:00,1,28.499999999999982,79.49999999999999,Uttar Pradesh,9,2021,6.3677244,24.58722,1004.82556,3.3154144,0.9444933,-0.2090149,8.319717,27.069427,1005.12244,-1.951993,-2.4822083,1.951993,2.4822083,False,False,False,False,False,False,test,ok,0.0,0.0,1.4014338731765748,1.5403228759765626,10,0.4567739248275757,0.3126424252986908
2021-06-17 00:00:00,2021-06-18 00:00:00,1,18.0,73.5,Maharashtra,6,2021,22.810884,23.133331,1005.4256,4.8309283,7.9445944,-0.011047363,11.1283,24.111359,1005.1041,11.682585,-0.97802734,11.682585,0.97802734,False,False,True,False,False,False,test,no_reliable_analogs,,,,,0,,
2021-06-19 12:00:00,2021-06-20 12:00:00,1,19.499999999999996,74.99999999999999,Maharashtra,6,2021,0.7506175,28.856049,1006.215,7.000633,-1.7303426,0.51815796,0.74106133,29.929169,1006.20233,0.009556174,-1.0731201,0.009556174,1.0731201,False,False,False,False,False,False,test,no_reliable_analogs,,,,,0,,
2021-08-23 12:00:00,2021-08-24 12:00:00,1,22.5,73.5,Gujarat,8,2021,1.2599807,30.091736,1004.0787,3.3916612,-0.12879372,-0.060943604,0.8243093,31.557007,1004.8258,0.4356714,-1.465271,0.4356714,1.465271,False,False,False,False,False,False,test,ok,0.0,0.1,0.31196734569966794,1.9468658447265625,10,0.30720696300268174,0.19223646819591522
2021-07-16 00:00:00,2021-07-17 00:00:00,1,19.499999999999996,81.0,Chhattisgarh,7,2021,2.065977,23.476898,1006.02856,1.8351573,-0.2525835,-0.12210083,1.1605008,26.187927,1006.84216,0.90547633,-2.711029,0.90547633,2.711029,False,False,False,False,False,False,test,ok,0.0,0.0,1.0629054754972458,2.0683349609375,10,0.4155189037322998,0.29760587215423584
2021-06-21 12:00:00,2021-06-22 12:00:00,1,29.999999999999993,94.5,Arunachal Pradesh,6,2021,5.971974,9.175751,1011.76196,1.5834631,0.12945747,-0.3201294,6.7414813,11.932404,1009.9575,-0.7695074,-2.7566528,0.7695074,2.7566528,False,False,False,True,False,False,test,ok,0.0,0.1,0.7752327203750611,1.9917388916015626,10,0.30905567556619645,0.19430316984653473
2021-08-23 00:00:00,2021-08-24 00:00:00,1,19.499999999999996,85.5,Odisha,8,2021,1.3161967,27.698578,1005.4109,6.538795,0.70878965,0.0025939941,0.7905238,28.348083,1005.6052,0.52567285,-0.6495056,0.52567285,0.6495056,False,False,False,False,False,False,test,ok,0.0,0.0,0.8115848034620285,0.7130889892578125,10,0.4406305581331253,0.32696372270584106
2021-08-28 00:00:00,2021-08-29 00:00:00,1,16.499999999999993,78.0,Andhra Pradesh,8,2021,9.577373,22.820831,1002.8585,3.0983229,1.7805252,-0.41906738,7.10917,24.085907,1002.89026,2.4682026,-1.2650757,2.4682026,1.2650757,False,False,False,False,False,False,test,no_reliable_analogs,,,,,0,,
2021-09-25 00:00:00,2021-09-26 00:00:00,1,34.49999999999999,76.5,Jammu and Kashmir,9,2021,0.521021,-1.098999,1020.9665,0.93856806,0.059715033,-0.010498047,0.6308215,-2.388031,1022.58203,-0.10980052,1.289032,0.10980052,1.289032,False,False,False,False,False,False,test,ok,0.0,0.1,0.307441277243197,2.0379150390625,10,0.25468730106949805,0.10973551124334335
2021-08-12 12:00:00,2021-08-13 12:00:00,1,26.999999999999996,76.5,Rajasthan,8,2021,0.028503276,31.63617,999.9539,3.0112443,0.021664236,-0.19769287,0.12305115,32.764526,1000.98016,-0.094547875,-1.1283569,0.094547875,1.1283569,False,False,False,False,False,False,test,ok,0.0,0.0,0.4831820874940604,1.1120361328125,10,0.38050165176391604,0.17714685201644897
2021-07-12 00:00:00,2021-07-13 00:00:00,1,26.999999999999996,90.0,Assam,7,2021,11.904422,18.2099,1010.1689,1.0091715,-1.7134323,0.22320557,8.320325,19.176514,1009.5019,3.584097,-0.96661377,3.584097,0.96661377,False,False,False,False,False,False,test,ok,0.0,0.0,3.722991371154785,1.4137939453125,10,0.44549658000469206,0.2693820893764496
2021-08-03 12:00:00,2021-08-04 12:00:00,1,19.499999999999996,78.0,Maharashtra,8,2021,1.1329566,28.220856,1004.2671,3.579264,0.16346455,-0.19076538,0.93685585,29.932495,1004.02466,0.19610077,-1.7116394,0.19610077,1.7116394,False,False,False,False,False,False,test,ok,0.0,0.0,0.8975279211997986,1.8388427734375,10,0.349859294295311,0.23911911249160767
2021-08-21 12:00:00,2021-08-22 12:00:00,1,13.5,78.0,Karnataka,8,2021,14.357972,23.592102,1008.41296,1.6493673,9.239194,-1.5856018,8.027972,27.665588,1007.3629,6.33,-4.0734863,6.33,4.0734863,False,True,True,True,False,False,test,no_reliable_analogs,,,,,0,,
2021-09-04 00:00:00,2021-09-05 00:00:00,1,25.49999999999999,87.0,Bihar,9,2021,4.623508,25.78952,1003.3187,1.0538985,-0.10591793,-0.039794922,3.7824557,28.57721,1003.4163,0.8410523,-2.7876892,0.8410523,2.7876892,False,False,False,True,False,False,test,ok,0.0,0.1,0.5407001376152039,2.1242523193359375,10,0.3850251331925392,0.22972171008586884
2021-07-31 00:00:00,2021-08-01 00:00:00,1,11.999999999999991,74.99999999999999,Kerala,8,2021,5.7690196,25.393707,1010.58234,4.4203525,2.1709557,0.09729004,5.948358,25.72348,1011.38477,-0.17933846,-0.32977295,0.17933846,0.32977295,False,False,False,False,False,False,test,ok,0.0,0.0,1.5131653717585973,0.6557094029017857,7,0.41864581618990215,0.30102598667144775
2021-07-05 12:00:00,2021-07-06 12:00:00,1,22.5,73.5,Gujarat,7,2021,0.075298615,33.77881,1001.5214,2.582448,-0.07659029,0.06536865,0.15882128,34.921814,1002.2072,-0.08352267,-1.1430054,0.08352267,1.1430054,False,False,False,False,False,False,test,ok,0.0,0.0,0.6267607893262591,1.6827523367745536,7,0.4387300823416029,0.3598903715610504
2021-09-02 00:00:00,2021-09-03 00:00:00,1,11.999999999999991,73.5,Lakshadweep,9,2021,3.609154,26.735992,1007.20435,4.928208,-0.5571954,-0.08200073,3.248802,26.19168,1007.88776,0.36035204,0.5443115,0.36035204,0.5443115,False,False,False,False,False,False,test,ok,0.0,0.0,0.7916887730360032,0.3016815185546875,10,0.3051342099905014,0.23656919598579407
2021-09-16 12:00:00,2021-09-18 12:00:00,2,9.0,76.5,Kerala,9,2021,1.9028165,26.397797,1008.2859,3.8983545,0.13507497,0.28237915,1.4927897,27.746521,1008.2139,0.4100268,-1.3487244,0.4100268,1.3487244,False,False,False,False,False,False,test,ok,0.0,0.0,2.172027361392975,1.2123809814453126,10,0.34544620513916013,0.3016957640647888
2021-07-04 00:00:00,2021-07-06 00:00:00,2,31.499999999999993,76.5,Himachal Pradesh,7,2021,0.58364105,23.519165,1002.8205,1.2222052,0.0011385083,-0.3663025,2.7274234,24.4758,1003.7584,-2.1437824,-0.9566345,2.1437824,0.9566345,False,False,False,False,False,False,test,ok,0.0,0.0,1.9263936579227448,0.600750732421875,10,0.4009399592876434,0.24349260330200195
2021-07-02 12:00:00,2021-07-04 12:00:00,2,26.999999999999996,76.5,Rajasthan,7,2021,0.49530086,35.581696,999.60034,3.321337,0.4950899,-2.516632,0.8500166,33.464478,1001.6893,-0.35471573,2.117218,0.35471573,2.117218,False,False,False,False,False,False,test,no_reliable_analogs,,,,,0,,
2021-06-01 12:00:00,2021-06-03 12:00:00,2,11.999999999999991,94.5,Andaman and Nicobar,6,2021,0.41654074,29.332031,1008.5536,3.5716524,0.0,0.0,0.035009086,29.723175,1008.3074,0.38153166,-0.3911438,0.38153166,0.3911438,False,False,False,False,False,False,test,no_reliable_analogs,,,,,0,,
2021-06-28 12:00:00,2021-06-30 12:00:00,2,19.499999999999996,73.5,Maharashtra,6,2021,3.5397394,27.058197,1005.10516,4.809268,-2.4303396,0.41000366,2.9982884,28.000366,1006.12585,0.541451,-0.9421692,0.541451,0.9421692,False,False,False,False,False,False,test,ok,0.0,0.1,1.555310809612274,2.0236785888671873,10,0.44284202754497526,0.26588600873947144
2021-07-15 00:00:00,2021-07-17 00:00:00,2,14.999999999999996,74.99999999999999,Karnataka,7,2021,21.16498,21.76529,1009.3211,2.9549513,-2.3650112,0.048583984,19.198488,22.387543,1008.76135,1.9664917,-0.6222534,1.9664917,0.6222534,False,False,False,False,False,False,test,no_reliable_analogs,,,,,0,,
2021-07-29 12:00:00,2021-07-31 12:00:00,2,28.499999999999982,97.49999999999999,Arunachal Pradesh,7,2021,14.1261,10.557434,1010.46735,0.7208415,-6.0358915,0.09841919,7.857995,11.432556,1011.4883,6.2681046,-0.8751221,6.2681046,0.8751221,False,False,False,False,False,False,test,ok,0.0,0.1,2.5764068126678468,1.7104034423828125,10,0.4056302696466446,0.3605484366416931
2021-07-12 00:00:00,2021-07-14 00:00:00,2,28.499999999999982,76.5,Haryana,7,2021,4.563659,28.345673,1001.4178,3.4696727,-4.1870856,1.5987244,1.1932098,28.563385,1001.58655,3.3704495,-0.2177124,3.3704495,0.2177124,False,False,False,False,False,False,test,no_reliable_analogs,,,,,0,,
2021-07-31 12:00:00,2021-08-02 12:00:00,2,20.999999999999993,79.49999999999999,Maharashtra,8,2021,1.4938797,28.013855,1001.4269,3.8760023,-0.41464663,0.53323364,1.3517288,26.633575,1002.6171,0.14215088,1.3802795,0.14215088,1.3802795,False,False,False,False,False,False,test,ok,0.2,0.1,8.931874108314513,1.389801025390625,10,0.45091243982315066,0.4014647901058197
2021-08-24 00:00:00,2021-08-26 00:00:00,2,13.5,81.0,Tamil Nadu,8,2021,9.146717,28.049744,1004.55505,6.748851,1.4362283,0.5841675,3.6982298,28.581543,1004.6682,5.4484873,-0.5317993,5.4484873,0.5317993,False,False,False,False,False,False,test,no_reliable_analogs,,,,,0,,
2021-06-04 00:00:00,2021-06-06 00:00:00,2,20.999999999999993,82.5,Chhattisgarh,6,2021,0.67220455,26.262451,1006.7182,3.3633792,-1.6953762,0.8317566,0.9809973,30.769836,1007.19495,-0.30879277,-4.5073853,0.30879277,4.5073853,False,True,False,True,False,False,test,no_reliable_analogs,,,,,0,,
2021-07-22 12:00:00,2021-07-24 12:00:00,2,18.0,74.99999999999999,Maharashtra,7,2021,1.0334411,27.03946,1002.4959,7.1383586,0.30234367,-0.051605225,8.040989,28.45871,1002.41876,-7.007548,-1.4192505,7.007548,1.4192505,False,False,False,False,False,False,test,ok,0.0,0.0,2.051772677898407,1.045123291015625,10,0.39178535640239714,0.2861582040786743
2021-06-28 12:00:00,2021-06-30 12:00:00,2,11.999999999999991,73.5,Lakshadweep,6,2021,3.2393775,27.622131,1007.00916,7.182405,-8.820341,0.54489136,1.5463995,28.25531,1007.5584,1.692978,-0.6331787,1.692978,0.6331787,False,False,False,False,False,False,test,no_reliable_analogs,,,,,0,,
2021-07-03 00:00:00,2021-07-05 00:00:00,2,14.999999999999996,73.5,Goa,7,2021,11.758699,26.443665,1008.1315,4.824806,0.7208996,0.33810425,10.902878,26.31546,1007.8125,0.8558216,0.12820435,0.8558216,0.12820435,False,False,False,False,False,False,test,no_reliable_analogs,,,,,0,,
2021-08-12 12:00:00,2021-08-14 12:00:00,2,20.999999999999993,82.5,Chhattisgarh,8,2021,7.447255,28.45169,1000.81635,1.8055456,2.4274793,-0.29083252,1.934036,29.743134,1000.40295,5.513219,-1.2914429,5.513219,1.2914429,False,False,False,False,False,False,test,ok,0.0,0.0,3.7647661209106444,1.077313232421875,10,0.49340996742248533,0.42769312858581543
2021-08-01 12:00:00,2021-08-03 12:00:00,2,26.999999999999996,69.0,Rajasthan,8,2021,0.0,39.70987,995.7633,3.3639214,0.0,-0.513031,4.0080977e-06,39.44989,995.95526,-4.0080977e-06,0.25997925,4.0080977e-06,0.25997925,False,False,False,False,False,False,test,ok,0.0,0.0,0.017811488166343124,0.6269768608940972,9,0.45288011100557113,0.3828451633453369
2021-08-11 12:00:00,2021-08-13 12:00:00,2,32.999999999999986,79.49999999999999,Jammu and Kashmir,8,2021,0.25234264,13.970459,1000.7182,3.3230674,0.003336966,-0.16253662,0.32322723,16.37384,999.423,-0.070884585,-2.4033813,0.070884585,2.4033813,False,False,False,False,False,False,test,ok,0.0,0.25,0.1268546226201579,2.7112884521484375,8,0.364140797406435,0.24356037378311157
2021-07-03 12:00:00,2021-07-05 12:00:00,2,18.0,74.99999999999999,Maharashtra,7,2021,0.30630198,31.282715,1003.86523,3.5228388,0.032005847,0.5386963,0.21606892,31.225067,1005.2939,0.09023306,0.057647705,0.09023306,0.057647705,False,False,False,False,False,False,test,no_reliable_analogs,,,,,0,,
2021-06-01 12:00:00,2021-06-03 12:00:00,2,24.0,83.99999999999999,Jharkhand,6,2021,0.45336917,31.579681,1004.8663,1.3819807,0.0,0.0,0.57944274,33.581207,1004.4313,-0.12607357,-2.0015259,0.12607357,2.0015259,False,False,False,False,False,False,test,no_reliable_analogs,,,,,0,,
2021-08-19 12:00:00,2021-08-21 12:00:00,2,25.49999999999999,70.49999999999999,Rajasthan,8,2021,0.006653584,37.101288,1001.0559,3.7352328,0.0006654812,0.49658203,0.001161527,36.971405,1002.4024,0.005492057,0.12988281,0.005492057,0.12988281,False,False,False,False,False,False,test,no_reliable_analogs,,,,,0,,
2021-08-03 12:00:00,2021-08-05 12:00:00,2,16.499999999999993,81.0,Andhra Pradesh,8,2021,0.26255625,32.68036,1001.41,4.044694,-0.013769537,-0.109069824,0.1444795,33.44574,1001.6038,0.11807676,-0.76538086,0.11807676,0.76538086,False,False,False,False,False,False,test,ok,0.0,0.0,1.3141595028340816,0.8911773681640625,10,0.32346655428409576,0.24327372014522552
2021-08-07 12:00:00,2021-08-09 12:00:00,2,20.999999999999993,74.99999999999999,Maharashtra,8,2021,1.1513194,29.75003,1005.3865,4.581889,-4.8194766,0.5952759,0.58253956,31.276062,1005.7609,0.5687798,-1.5260315,0.5687798,1.5260315,False,False,False,False,False,False,test,no_reliable_analogs,,,,,0,,
2021-07-10 12:00:00,2021-07-12 12:00:00,2,18.0,78.0,Andhra Pradesh,7,2021,17.451267,25.68451,999.161,2.3037286,0.7329273,0.012512207,9.162417,27.5419,999.9777,8.28885,-1.8573914,8.28885,1.8573914,False,False,False,False,False,False,test,no_reliable_analogs,,,,,0,,
2021-08-03 12:00:00,2021-08-05 12:00:00,2,11.999999999999991,92.99999999999999,Andaman and Nicobar,8,2021,11.024031,27.53424,1006.39545,9.471915,0.23378372,-0.3399353,11.016994,27.150055,1006.4123,0.007036209,0.3841858,0.007036209,0.3841858,False,False,False,False,False,False,test,ok,0.0,0.0,3.6783743858337403,0.5881134033203125,10,0.3909084856510162,0.2950955629348755
2021-09-25 00:00:00,2021-09-27 00:00:00,2,25.49999999999999,94.5,Manipur,9,2021,2.8976088,19.82962,1010.5898,0.98604256,-0.102357626,-0.28182983,2.447435,21.952515,1010.7581,0.45017385,-2.1228943,0.45017385,2.1228943,False,False,False,False,False,False,test,ok,0.0,0.3,1.2819162249565124,2.94217529296875,10,0.36352412700653075,0.27140218019485474
2021-06-17 00:00:00,2021-06-19 00:00:00,2,22.5,69.0,Gujarat,6,2021,1.4113356,28.345673,1002.03436,5.974056,0.2617737,-0.14242554,1.0063113,28.781158,1001.51685,0.4050243,-0.43548584,0.4050243,0.43548584,False,False,False,False,False,False,test,ok,0.0,0.0,0.25979820005595683,0.707763671875,10,0.24328043460845947,0.16740185022354126
2021-09-24 12:00:00,2021-09-26 12:00:00,2,26.999999999999996,73.5,Rajasthan,9,2021,1.6927985,29.060059,1003.70905,2.279316,0.52965844,-0.6260681,1.2998983,31.587769,1003.48267,0.39290023,-2.52771,0.39290023,2.52771,False,False,False,False,False,False,test,ok,0.0,0.2,1.3367784678936006,2.0655364990234375,10,0.41334637701511384,0.34211671352386475
2021-06-07 00:00:00,2021-06-09 00:00:00,2,14.999999999999996,78.0,Andhra Pradesh,6,2021,0.0025436117,24.596771,1007.2146,4.4633937,-0.03354684,0.17745972,0.044826586,26.864136,1006.69476,-0.042282972,-2.2673645,0.042282972,2.2673645,False,False,False,True,False,False,test,ok,0.0,0.0,0.6503790935501457,2.119476318359375,10,0.3138926804065704,0.19733798503875732
2021-07-26 00:00:00,2021-07-28 00:00:00,2,22.5,70.49999999999999,Gujarat,7,2021,3.955326,26.114807,999.14166,7.4191613,2.8797421,-0.23788452,1.2388942,27.798523,999.14825,2.7164319,-1.6837158,2.7164319,1.6837158,False,False,False,False,False,False,test,ok,0.0,0.0,5.766385245323181,0.7053741455078125,10,0.46347516477108003,0.278091698884964
2021-08-23 00:00:00,2021-08-25 00:00:00,2,24.0,85.5,Jharkhand,8,2021,5.357007,24.881104,1002.40796,2.7789624,-0.45323753,0.1015625,8.012597,26.34726,1002.73,-2.65559,-1.466156,2.65559,1.466156,False,False,False,False,False,False,test,ok,0.0,0.0,2.2343205213546753,1.80230712890625,10,0.4021426737308502,0.31834518909454346
2021-07-27 00:00:00,2021-07-29 00:00:00,2,22.5,74.99999999999999,Madhya Pradesh,7,2021,1.9635102,23.859558,1002.57166,5.2707677,-2.2866535,0.2124939,4.330349,24.794525,1002.10565,-2.366839,-0.93496704,2.366839,0.93496704,False,False,False,False,False,False,test,ok,0.0,0.0,0.7444126546382904,1.84996337890625,10,0.41604539155960085,0.3709622919559479
2021-06-26 00:00:00,2021-06-28 00:00:00,2,28.499999999999982,88.49999999999999,Sikkim,6,2021,2.5990255,4.1814575,1016.88104,0.9563332,1.0872737,-0.45687866,3.059468,6.029663,1015.78815,-0.46044254,-1.8482056,0.46044254,1.8482056,False,False,False,False,False,False,test,no_reliable_analogs,,,,,0,,
2021-09-01 12:00:00,2021-09-03 12:00:00,2,7.499999999999991,92.99999999999999,Andaman and Nicobar,9,2021,2.197919,27.533844,1007.99744,7.4943886,-0.06213212,-0.2763672,0.66466296,28.343567,1008.1365,1.5332559,-0.8097229,1.5332559,0.8097229,False,False,False,False,False,False,test,no_reliable_analogs,,,,,0,,
2021-09-12 12:00:00,2021-09-14 12:00:00,2,20.999999999999993,74.99999999999999,Maharashtra,9,2021,16.196594,27.012817,997.58167,2.6213238,13.048722,-1.1927185,11.8136835,28.128632,1001.0335,4.3829107,-1.1158142,4.3829107,1.1158142,False,False,False,False,False,False,test,no_reliable_analogs,,,,,0,,
2021-09-25 12:00:00,2021-09-27 12:00:00,2,13.5,74.99999999999999,Karnataka,9,2021,9.031646,23.981781,1006.3235,3.2322779,0.8087635,-0.14715576,10.885528,24.557922,1005.74445,-1.8538818,-0.57614136,1.8538818,0.57614136,False,False,False,False,False,False,test,ok,0.0,0.16666666666666666,3.5688379605611167,1.7063547770182292,6,0.42472544809182483,0.36448243260383606
2021-07-18 12:00:00,2021-07-20 12:00:00,2,10.499999999999996,79.49999999999999,Tamil Nadu,7,2021,0.24611671,31.18222,1005.6641,6.4437695,0.0795583,0.0048217773,0.22647835,31.835785,1006.1384,0.01963836,-0.65356445,0.01963836,0.65356445,False,False,False,False,False,False,test,ok,0.0,0.0,1.8199787825345992,0.4734283447265625,10,0.28695724010467527,0.22375334799289703
2021-06-13 00:00:00,2021-06-15 00:00:00,2,24.0,73.5,Rajasthan,6,2021,0.0685283,27.606476,998.91437,4.0338407,-0.14074183,0.30944824,0.0055690673,29.204742,998.6735,0.06295923,-1.5982666,0.06295923,1.5982666,False,False,False,False,False,False,test,ok,0.0,0.0,1.0337036202428862,1.63746337890625,10,0.39752366244792936,0.26631516218185425
2021-07-19 00:00:00,2021-07-21 00:00:00,2,20.999999999999993,73.5,Gujarat,7,2021,9.538632,24.686707,1003.9126,5.851032,-6.190793,0.28649902,10.456758,25.523102,1003.8748,-0.91812515,-0.83639526,0.91812515,0.83639526,False,False,False,False,False,False,test,no_reliable_analogs,,,,,0,,
2021-09-14 00:00:00,2021-09-16 00:00:00,2,29.999999999999993,74.99999999999999,Punjab,9,2021,0.04678677,26.330627,1003.53436,1.8447396,-0.34264803,-0.27496338,0.25378537,28.746399,1004.04016,-0.2069986,-2.4157715,0.2069986,2.4157715,False,False,False,False,False,False,test,ok,0.0,0.1,1.0686623854795472,1.704443359375,10,0.38358171582221984,0.33502939343452454
2021-06-07 12:00:00,2021-06-09 12:00:00,2,26.999999999999996,81.0,Uttar Pradesh,6,2021,0.0036975828,36.908203,994.18414,3.4163253,0.0034856498,-1.5472717,0.9551309,33.82309,996.54376,-0.9514333,3.0851135,0.9514333,3.0851135,False,True,False,True,False,False,test,ok,0.0,0.125,0.3180007735500112,1.3840293884277344,8,0.5071943067014217,0.4118429720401764
2021-06-17 00:00:00,2021-06-19 00:00:00,2,31.499999999999993,78.0,Himachal Pradesh,6,2021,3.8835406,4.509674,1011.4348,0.873537,0.9528246,0.66329956,12.566929,6.3910217,1011.786,-8.683388,-1.8813477,8.683388,1.8813477,False,False,True,False,False,False,test,ok,0.0,0.125,1.1117929499596357,1.8866424560546875,8,0.4090788923203945,0.3791623115539551
2021-07-06 00:00:00,2021-07-08 00:00:00,2,24.0,78.0,Madhya Pradesh,7,2021,0.84772134,27.3833,1002.8672,3.239536,-1.0577259,0.46368408,0.96156687,28.945465,1002.16797,-0.11384553,-1.5621643,0.11384553,1.5621643,False,False,False,False,False,False,test,ok,0.0,0.0,0.57460235953331,2.2123504638671876,10,0.4212005913257599,0.3535953760147095
2021-06-20 00:00:00,2021-06-22 00:00:00,2,11.999999999999991,74.99999999999999,Kerala,6,2021,13.043503,24.885284,1010.3426,4.6902337,-2.4416075,0.0032653809,10.526173,25.24408,1010.0428,2.5173302,-0.35879517,2.5173302,0.35879517,False,False,False,False,False,False,test,no_reliable_analogs,,,,,0,,
2021-07-28 12:00:00,2021-07-30 12:00:00,2,11.999999999999991,73.5,Lakshadweep,7,2021,0.71811765,28.031403,1009.80853,7.670041,-0.81858116,0.08123779,0.7321204,28.143707,1010.0133,-0.01400274,-0.11230469,0.01400274,0.11230469,False,False,False,False,False,False,test,ok,0.0,0.0,0.6652687788009644,0.1964080810546875,10,0.3244477480649948,0.1852095127105713
2021-06-16 00:00:00,2021-06-18 00:00:00,2,20.999999999999993,72.0,Gujarat,6,2021,5.855789,26.823303,1002.24896,5.9777775,-0.43762207,0.19998169,6.2887406,27.096313,1001.3014,-0.43295145,-0.27301025,0.43295145,0.27301025,False,False,False,False,False,False,test,ok,0.0,0.0,1.5839910626411438,0.7026031494140625,10,0.36335763037204744,0.20375597476959229
2021-07-24 12:00:00,2021-07-26 12:00:00,2,29.999999999999993,81.0,Uttarakhand,7,2021,16.769371,14.52655,1005.4256,1.1393837,-4.505926,-0.10861206,16.982565,16.129944,1003.04706,-0.2131939,-1.6033936,0.2131939,1.6033936,False,False,False,False,False,False,test,no_reliable_analogs,,,,,0,,
2021-07-10 00:00:00,2021-07-12 00:00:00,2,20.999999999999993,83.99999999999999,Odisha,7,2021,3.2464726,24.628815,1002.4458,2.4355013,-1.7389872,0.041107178,1.7761166,27.156311,1002.84625,1.470356,-2.5274963,1.470356,2.5274963,False,False,False,False,False,False,test,ok,0.0,0.1,2.1365450024604797,1.7244049072265626,10,0.3486589938402176,0.28390368819236755
2021-09-08 12:00:00,2021-09-10 12:00:00,2,28.499999999999982,73.5,Rajasthan,9,2021,6.6681275,31.062408,999.80334,3.6614773,2.2958946,0.82901,2.2450516,30.763214,1000.1501,4.4230757,0.29919434,4.4230757,0.29919434,False,False,False,False,False,False,test,no_reliable_analogs,,,,,0,,
2021-08-24 12:00:00,2021-08-26 12:00:00,2,20.999999999999993,88.49999999999999,West Bengal,8,2021,8.56437,28.819702,1000.65546,5.0992713,4.047013,-0.29736328,10.598228,28.20575,1000.5463,-2.0338583,0.61395264,2.0338583,0.61395264,False,False,False,False,False,False,test,ok,0.0,0.0,3.6189390301704405,0.603759765625,10,0.5434226781129837,0.4763450026512146
2021-07-05 00:00:00,2021-07-07 00:00:00,2,16.499999999999993,74.99999999999999,Karnataka,7,2021,3.56422,22.625458,1006.8996,2.3311865,1.6336746,-0.28775024,5.0327573,24.805511,1006.99384,-1.4685373,-2.1800537,1.4685373,2.1800537,False,False,False,True,False,False,test,no_reliable_analogs,,,,,0,,
2021-06-16 00:00:00,2021-06-18 00:00:00,2,28.499999999999982,76.5,Haryana,6,2021,0.19435427,27.04544,1000.0405,1.1416794,-0.82483435,-0.21273804,0.16069153,28.26059,1000.177,0.033662736,-1.2151489,0.033662736,1.2151489,False,False,False,False,False,False,test,ok,0.0,0.2,0.3367273334413767,2.36275634765625,10,0.4045513227581978,0.1782500296831131
2021-09-03 12:00:00,2021-09-05 12:00:00,2,28.499999999999982,72.0,Rajasthan,9,2021,0.060917724,35.525146,999.8044,1.5352492,-0.010456976,-1.7217712,0.0029463014,39.719635,999.1682,0.05797142,-4.1944885,0.05797142,4.1944885,False,True,False,True,False,False,test,no_reliable_analogs,,,,,0,,
2021-08-13 12:00:00,2021-08-15 12:00:00,2,16.499999999999993,82.5,Andhra Pradesh,8,2021,14.973731,28.827087,1001.5989,6.522044,2.7701244,0.24533081,18.642271,29.365845,1001.83154,-3.66854,-0.5387573,3.66854,0.5387573,False,False,False,False,False,False,test,no_reliable_analogs,,,,,0,,
2021-07-28 12:00:00,2021-07-30 12:00:00,2,34.49999999999999,78.0,Jammu and Kashmir,7,2021,8.252215,7.069092,1008.6585,1.5477136,2.526105,-0.4631958,12.053927,6.879425,1009.154,-3.801712,0.18966675,3.801712,0.18966675,False,False,False,False,False,False,test,no_reliable_analogs,,,,,0,,
2021-09-05 12:00:00,2021-09-07 12:00:00,2,28.499999999999982,74.99999999999999,Rajasthan,9,2021,1.9002937,30.775543,1002.66724,3.4983509,-0.5495578,0.4909973,0.4335563,33.16919,1002.65326,1.4667374,-2.3936462,1.4667374,2.3936462,False,False,False,False,False,False,test,ok,0.0,0.0,0.6385178231401369,0.96156005859375,10,0.466893395781517,0.37667781114578247
2021-08-30 00:00:00,2021-09-01 00:00:00,2,26.999999999999996,88.49999999999999,West Bengal,9,2021,11.589693,17.682404,1012.6971,0.79767835,-0.9869194,-0.046936035,11.54717,19.851166,1012.4341,0.042523384,-2.1687622,0.042523384,2.1687622,False,False,False,False,False,False,test,ok,0.0,0.0,4.626938605308533,1.6690643310546875,10,0.44320921450853346,0.22380705177783966
2021-09-24 12:00:00,2021-09-26 12:00:00,2,18.0,82.5,Andhra Pradesh,9,2021,8.91509,25.565979,1002.008,0.9047414,-6.3391,0.025512695,8.423803,26.291931,999.5602,0.49128628,-0.72595215,0.49128628,0.72595215,False,False,False,False,False,False,test,no_reliable_analogs,,,,,0,,
2021-06-19 00:00:00,2021-06-21 00:00:00,2,36.0,78.0,Jammu and Kashmir,6,2021,2.2468894,-7.620758,1020.7008,1.0544715,1.7755656,0.67596436,4.6882424,-6.438446,1020.5822,-2.441353,-1.182312,2.441353,1.182312,False,False,False,False,False,False,test,ok,0.0,0.1,0.6398596405982971,1.4325927734375,10,0.3623618483543396,0.30790606141090393
2021-07-14 12:00:00,2021-07-16 12:00:00,2,28.499999999999982,76.5,Haryana,7,2021,1.0607743,35.388123,1000.6114,1.9939935,-2.3942595,0.6928711,0.22328675,36.95868,1001.1467,0.8374876,-1.5705566,0.8374876,1.5705566,False,False,False,False,False,False,test,no_reliable_analogs,,,,,0,,
2021-07-23 12:00:00,2021-07-25 12:00:00,2,28.499999999999982,88.49999999999999,Sikkim,7,2021,3.1194265,10.329926,1007.84924,1.7694745,-1.8279965,0.44940186,8.907037,10.673859,1008.65735,-5.78761,-0.3439331,5.78761,0.3439331,False,False,False,False,False,False,test,no_reliable_analogs,,,,,0,,
2021-08-19 12:00:00,2021-08-21 12:00:00,2,16.499999999999993,79.49999999999999,Andhra Pradesh,8,2021,6.1085906,28.341156,1005.1677,1.2266822,-6.9258704,0.18685913,6.685782,27.948792,1006.325,-0.57719135,0.3923645,0.57719135,0.3923645,False,False,False,False,False,False,test,no_reliable_analogs,,,,,0,,
2021-08-18 00:00:00,2021-08-20 00:00:00,2,25.49999999999999,82.5,Uttar Pradesh,8,2021,18.11195,25.673096,1001.4031,2.449687,0.34277344,0.2545166,14.545057,27.364685,1001.9897,3.5668926,-1.6915894,3.5668926,1.6915894,False,False,False,False,False,False,test,ok,0.0,0.0,4.817774057388306,1.6458770751953125,10,0.4945809364318848,0.3458563983440399
2021-07-17 12:00:00,2021-07-19 12:00:00,2,28.499999999999982,70.49999999999999,Rajasthan,7,2021,0.0,40.29477,990.00275,5.026672,0.0,-0.17333984,0.0039585135,40.09897,991.19025,-0.0039585135,0.19580078,0.0039585135,0.19580078,False,False,False,False,False,False,test,ok,0.0,0.1,0.02912493586245546,0.9659912109375,10,0.4051453948020935,0.2659553587436676
2021-08-01 00:00:00,2021-08-03 00:00:00,2,25.49999999999999,83.99999999999999,Bihar,8,2021,1.6618861,26.002289,1000.8187,1.7340949,-1.0825719,-0.23953247,1.1388246,27.412842,1001.3382,0.5230615,-1.410553,0.5230615,1.410553,False,False,False,False,False,False,test,ok,0.0,0.0,1.9026573449373245,1.56444091796875,10,0.4668353497982025,0.29824766516685486
2021-06-04 12:00:00,2021-06-06 12:00:00,2,9.0,76.5,Kerala,6,2021,7.7959085,26.755768,1008.64795,3.864802,-4.015325,1.002594,5.148535,27.885864,1008.9176,2.6473737,-1.1300964,2.6473737,1.1300964,False,False,False,False,False,False,test,no_reliable_analogs,,,,,0,,
2021-06-24 00:00:00,2021-06-26 00:00:00,2,22.5,88.49999999999999,West Bengal,6,2021,5.1005974,26.755798,1001.99634,2.1857247,-1.8903623,0.21609497,3.788919,28.512756,1002.11554,1.3116784,-1.756958,1.3116784,1.756958,False,False,False,False,False,False,test,ok,0.0,0.0,3.5485204219818116,1.554095458984375,10,0.46340216100215914,0.3698072135448456
2021-07-31 12:00:00,2021-08-02 12:00:00,2,22.5,76.5,Madhya Pradesh,8,2021,25.798668,24.293762,1001.3999,5.3905582,-42.267975,-0.7836609,21.730839,25.658142,1002.1563,4.067829,-1.3643799,4.067829,1.3643799,False,False,False,False,False,False,test,no_reliable_analogs,,,,,0,,
2021-07-20 12:00:00,2021-07-22 12:00:00,2,25.49999999999999,74.99999999999999,Rajasthan,7,2021,0.44471246,33.29889,993.3895,3.0194077,0.30952314,-1.767334,1.2974828,32.699036,994.64545,-0.8527704,0.5998535,0.8527704,0.5998535,False,False,False,False,False,False,test,no_reliable_analogs,,,,,0,,
2021-07-11 12:00:00,2021-07-13 12:00:00,2,19.499999999999996,76.5,Maharashtra,7,2021,19.547012,27.032135,998.71783,2.2564526,-24.059769,1.0336304,19.295319,27.870056,1000.5422,0.25169373,-0.83792114,0.25169373,0.83792114,False,False,False,False,False,False,test,no_reliable_analogs,,,,,0,,
2021-09-10 00:00:00,2021-09-12 00:00:00,2,10.499999999999996,76.5,Kerala,9,2021,6.920939,22.559814,1009.46674,3.12931,0.81751776,-0.07336426,5.528,24.062958,1009.06177,1.3929391,-1.5031433,1.3929391,1.5031433,False,False,False,False,False,False,test,ok,0.0,0.0,2.851861500740051,1.2624237060546875,10,0.34432139098644254,0.2155889868736267
2021-07-15 12:00:00,2021-07-17 12:00:00,2,18.0,79.49999999999999,Andhra Pradesh,7,2021,5.2670455,28.82486,1002.13556,1.5141615,-4.87573,0.32843018,3.4575884,32.557953,1002.7737,1.8094571,-3.7330933,1.8094571,3.7330933,False,True,False,True,False,False,test,ok,0.0,0.125,2.2993266582489014,1.6179466247558594,8,0.4517792798578739,0.41705217957496643
2021-07-15 00:00:00,2021-07-17 00:00:00,2,19.499999999999996,82.5,Odisha,7,2021,1.4315456,23.289246,1007.01483,1.7102418,-1.5379797,0.22341919,1.1600441,25.658478,1007.1987,0.27150154,-2.3692322,0.27150154,2.3692322,False,False,False,False,False,False,test,ok,0.0,0.5,1.3107101619243622,2.6547271728515627,10,0.405579024553299,0.31330496072769165
2021-08-15 12:00:00,2021-08-17 12:00:00,2,34.49999999999999,76.5,Jammu and Kashmir,8,2021,0.20765483,9.016541,1015.0647,1.5233208,-0.002513051,0.0018310547,0.29815322,11.535126,1014.484,-0.09049839,-2.5185852,0.09049839,2.5185852,False,False,False,False,False,False,test,ok,0.0,0.0,0.426585670028414,2.126068115234375,7,0.3820575475692749,0.28774020075798035
2021-09-01 12:00:00,2021-09-03 12:00:00,2,22.5,69.0,Gujarat,9,2021,145.33746,26.987213,996.69476,11.339637,105.83957,-0.4574585,133.03667,27.801208,999.8425,12.3007965,-0.81399536,12.3007965,0.81399536,False,False,True,False,False,False,test,no_reliable_analogs,,,,,0,,
2021-06-26 00:00:00,2021-06-28 00:00:00,2,11.999999999999991,79.49999999999999,Tamil Nadu,6,2021,3.9181132,25.73996,1007.4539,3.1561716,-4.515384,0.7409668,3.0067039,27.603882,1006.9743,0.9114094,-1.8639221,0.9114094,1.8639221,False,False,False,True,False,False,test,no_reliable_analogs,,,,,0,,
2021-07-28 12:00:00,2021-07-30 12:00:00,2,28.499999999999982,97.49999999999999,Arunachal Pradesh,7,2021,15.670091,10.325989,1011.2014,0.8845374,-3.0410624,0.2942505,8.639255,11.507385,1011.7554,7.030836,-1.1813965,7.030836,1.1813965,False,False,False,False,False,False,test,ok,0.0,0.0,4.283385467529297,0.9744110107421875,10,0.38152506947517395,0.27298739552497864
2021-08-18 00:00:00,2021-08-20 00:00:00,2,28.499999999999982,76.5,Haryana,8,2021,0.10387697,27.638275,1001.4161,2.3479648,-0.019641288,-0.802948,0.46542108,29.150787,1001.60376,-0.3615441,-1.5125122,0.3615441,1.5125122,False,False,False,False,False,False,test,no_reliable_analogs,,,,,0,,
2021-07-02 12:00:00,2021-07-04 12:00:00,2,34.49999999999999,73.5,Jammu and Kashmir,7,2021,1.6011686,21.488678,1007.7874,1.1770031,-0.15685749,-0.31188965,2.3508253,23.37027,1007.6577,-0.7496567,-1.8815918,0.7496567,1.8815918,False,False,False,False,False,False,test,ok,0.0,0.4,2.043948793411255,2.94884033203125,5,0.31970949172973634,0.21434767544269562
2021-07-20 00:00:00,2021-07-22 00:00:00,2,26.999999999999996,81.0,Uttar Pradesh,7,2021,16.198128,25.443604,996.23944,2.469361,-3.1644,-0.28378296,10.671861,27.176575,996.3734,5.526267,-1.7329712,5.526267,1.7329712,False,False,False,False,False,False,test,ok,0.0,0.0,6.192515850067139,1.5532175699869792,6,0.5409643749396006,0.5011783242225647
2021-08-16 00:00:00,2021-08-18 00:00:00,2,31.499999999999993,74.99999999999999,Punjab,8,2021,0.0083260685,26.413818,1001.8074,1.4334382,-0.02831155,-0.064941406,0.03514357,28.93991,1001.51294,-0.0268175,-2.5260925,0.0268175,2.5260925,False,False,False,False,False,False,test,ok,0.0,0.0,0.2204382486641407,1.8310089111328125,10,0.2966547980904579,0.18631914258003235
2021-06-21 00:00:00,2021-06-23 00:00:00,2,28.499999999999982,91.5,Arunachal Pradesh,6,2021,2.6791704,4.2744446,1016.86975,1.3168273,0.37020445,-0.30581665,4.193706,5.5492554,1017.1898,-1.5145357,-1.2748108,1.5145357,1.2748108,False,False,False,False,False,False,test,ok,0.0,0.0,3.083041024208069,1.118121337890625,10,0.2900691941380501,0.0952686220407486
2021-08-06 12:00:00,2021-08-08 12:00:00,2,25.49999999999999,83.99999999999999,Bihar,8,2021,15.5364065,29.63379,1001.3809,1.0531625,4.839487,-0.6913147,24.577536,29.732788,1001.65625,-9.041129,-0.09899902,9.041129,0.09899902,False,False,False,False,False,False,test,no_reliable_analogs,,,,,0,,
2021-09-28 00:00:00,2021-09-30 00:00:00,2,25.49999999999999,70.49999999999999,Rajasthan,9,2021,1.7755353,26.515533,1003.57166,5.8846755,-0.32677054,-0.07449341,6.540792,27.09616,1004.9761,-4.765257,-0.58062744,4.765257,0.58062744,False,False,False,False,False,False,test,ok,0.0,0.0,0.3395665018062573,1.11845703125,10,0.34910285770893096,0.17209896445274353
2021-06-23 00:00:00,2021-06-25 00:00:00,2,10.499999999999996,78.0,Tamil Nadu,6,2021,0.83333737,23.88913,1007.9381,3.2657545,0.43849033,-0.23043823,1.043408,25.684265,1008.1945,-0.21007067,-1.7951355,0.21007067,1.7951355,False,False,False,True,False,False,test,ok,0.0,0.0,0.5716407882981003,2.2421356201171876,10,0.2642562285065651,0.228597491979599
2021-06-26 12:00:00,2021-06-28 12:00:00,2,28.499999999999982,72.0,Rajasthan,6,2021,0.0,41.775726,999.15784,3.307837,0.0,-0.2886963,0.0720574,42.488922,1000.1697,-0.0720574,-0.7131958,0.0720574,0.7131958,False,False,False,False,False,False,test,ok,0.0,0.0,0.037628951802798835,1.110418701171875,10,0.40271971821784974,0.3122127056121826
2021-07-22 12:00:00,2021-07-24 12:00:00,2,9.0,79.49999999999999,Tamil Nadu,7,2021,0.17278549,28.004303,1005.1431,11.608307,-0.023987621,-0.1503601,0.37801322,28.271332,1005.77844,-0.20522773,-0.2670288,0.20522773,0.2670288,False,False,False,False,False,False,test,ok,0.0,0.0,0.12813502284032957,0.3625880650111607,7,0.25328453523772104,0.1634490042924881
2021-07-09 00:00:00,2021-07-11 00:00:00,2,20.999999999999993,76.5,Maharashtra,7,2021,23.366964,23.989105,1001.026,2.6980755,5.360384,-0.09005737,11.5453615,25.75476,1001.33344,11.821603,-1.7656555,11.821603,1.7656555,False,False,False,False,False,False,test,no_reliable_analogs,,,,,0,,
2021-08-26 12:00:00,2021-08-28 12:00:00,2,25.49999999999999,70.49999999999999,Rajasthan,8,2021,0.058957823,35.7554,998.33453,5.8414216,-0.009155668,0.018096924,0.0024907344,35.868958,998.98236,0.05646709,-0.11355591,0.05646709,0.11355591,False,False,False,False,False,False,test,ok,0.0,0.0,0.1619191623525694,0.9195831298828125,10,0.43587477803230285,0.3640040457248688
2021-07-17 00:00:00,2021-07-19 00:00:00,2,26.999999999999996,81.0,Uttar Pradesh,7,2021,32.638836,25.797333,998.596,3.147566,-5.240532,0.0546875,39.071022,26.725159,999.74506,-6.432186,-0.9278259,6.432186,0.9278259,False,False,False,False,False,False,test,no_reliable_analogs,,,,,0,,
2021-09-25 12:00:00,2021-09-27 12:00:00,2,25.49999999999999,92.99999999999999,Assam,9,2021,1.4923605,27.35907,1005.42755,1.1627237,-0.44268334,0.3618164,1.5807257,28.826202,1006.02655,-0.0883652,-1.4671326,0.0883652,1.4671326,False,False,False,False,False,False,test,ok,0.0,0.1,1.0893054842948913,2.0968597412109373,10,0.39614023864269254,0.29955682158470154
2021-09-27 00:00:00,2021-09-29 00:00:00,2,25.49999999999999,91.5,Meghalaya,9,2021,8.978995,22.607666,1010.8519,1.0759658,-1.1667862,0.09161377,15.256361,25.472717,1010.9443,-6.2773657,-2.8650513,6.2773657,2.8650513,False,False,False,True,False,False,test,ok,0.0,0.0,2.2317651987075804,2.2392608642578127,10,0.38029533475637434,0.23503823578357697
2021-09-17 00:00:00,2021-09-19 00:00:00,2,16.499999999999993,73.5,Maharashtra,9,2021,3.3459964,24.174774,1009.8512,1.8624827,-0.037148476,0.1482544,2.0484867,24.924255,1010.1209,1.2975097,-0.7494812,1.2975097,0.7494812,False,False,False,False,False,False,test,ok,0.0,0.0,0.7054475545883179,0.9072357177734375,10,0.3022321030497551,0.21442507207393646
2021-09-27 12:00:00,2021-09-29 12:00:00,2,11.999999999999991,72.0,Lakshadweep,9,2021,5.573413,26.964935,1006.8928,7.5510654,0.622169,-0.1552124,6.4794393,26.685608,1007.18805,-0.90602636,0.2793274,0.90602636,0.2793274,False,False,False,False,False,False,test,ok,0.0,0.0,1.1308109521865846,0.4266876220703125,10,0.3262228429317474,0.17445725202560425
2021-07-02 00:00:00,2021-07-04 00:00:00,2,25.49999999999999,82.5,Uttar Pradesh,7,2021,0.13715126,28.95404,1000.2395,3.783884,0.12751637,-1.1265869,9.088981,28.591217,1001.9279,-8.951829,0.3628235,8.951829,0.3628235,False,False,False,False,False,False,test,no_reliable_analogs,,,,,0,,
2021-08-18 00:00:00,2021-08-20 00:00:00,2,26.999999999999996,94.5,Assam,8,2021,19.749071,23.877869,1007.3644,1.4357345,2.6583443,-0.024810791,22.542946,24.953125,1008.252,-2.7938747,-1.0752563,2.7938747,1.0752563,False,False,False,False,False,False,test,ok,0.0,0.0,5.666908899943034,1.8640034993489583,9,0.5108567674954733,0.3652770221233368
2021-06-24 12:00:00,2021-06-26 12:00:00,2,28.499999999999982,94.5,Arunachal Pradesh,6,2021,39.655506,18.2052,1006.80054,0.94502765,-3.6856194,0.025543213,25.38624,19.169464,1007.38086,14.269266,-0.9642639,14.269266,0.9642639,False,False,True,False,False,False,test,ok,0.0,0.0,15.40761685371399,0.6895065307617188,8,0.3722976930439472,0.22349733114242554
2021-08-08 12:00:00,2021-08-10 12:00:00,2,28.499999999999982,79.49999999999999,Uttar Pradesh,8,2021,2.3903592,31.043304,997.6799,2.62113,-0.14235854,0.008850098,3.4061422,32.077087,998.8049,-1.0157831,-1.033783,1.0157831,1.033783,False,False,False,False,False,False,test,ok,0.0,0.0,0.5964345872402191,1.0704864501953124,10,0.39858909547328947,0.2896954417228699
2021-07-20 12:00:00,2021-07-22 12:00:00,2,26.999999999999996,83.99999999999999,Uttar Pradesh,7,2021,7.0776,30.950989,993.7381,2.73014,-7.001654,1.1949768,10.544642,32.147278,994.25604,-3.4670424,-1.1962891,3.4670424,1.1962891,False,False,False,False,False,False,test,no_reliable_analogs,,,,,0,,
2021-06-15 12:00:00,2021-06-17 12:00:00,2,11.999999999999991,94.5,Andaman and Nicobar,6,2021,8.962412,27.512238,1008.8253,7.176519,-1.2443066,-0.5189209,2.777402,28.741852,1009.26807,6.18501,-1.2296143,6.18501,1.2296143,False,False,True,False,False,False,test,no_reliable_analogs,,,,,0,,
2021-09-16 00:00:00,2021-09-18 00:00:00,2,29.999999999999993,73.5,Rajasthan,9,2021,0.0019110407,26.917572,1004.06946,2.9869518,-0.0072684963,-0.16427612,0.0016927368,27.295502,1004.4485,0.00021830399,-0.3779297,0.00021830399,0.3779297,False,False,False,False,False,False,test,ok,0.0,0.0,0.2721954211592674,1.4982635498046875,10,0.4011447787284851,0.30283239483833313
2021-09-23 12:00:00,2021-09-25 12:00:00,2,26.999999999999996,72.0,Rajasthan,9,2021,2.756847,29.822418,1003.6011,2.0459504,0.71827316,0.046569824,1.2893258,33.08023,1003.64624,1.4675211,-3.2578125,1.4675211,3.2578125,False,True,False,True,False,False,test,ok,0.0,0.0,0.6237921449355781,1.3407470703125,10,0.40434230864048004,0.3341536521911621
2021-06-23 12:00:00,2021-06-25 12:00:00,2,22.5,82.5,Chhattisgarh,6,2021,19.109007,26.549591,998.7834,1.9652461,-23.710173,-1.3823547,23.392355,26.76004,999.87714,-4.283348,-0.21044922,4.283348,0.21044922,False,False,False,False,False,False,test,no_reliable_analogs,,,,,0,,
2021-08-01 12:00:00,2021-08-03 12:00:00,2,18.0,81.0,Chhattisgarh,8,2021,0.78461874,29.576721,1004.2639,2.7407465,-0.28752458,-1.0028076,0.5831361,31.622284,1004.56885,0.20148265,-2.0455627,0.20148265,2.0455627,False,False,False,False,False,False,test,no_reliable_analogs,,,,,0,,
2021-07-12 00:00:00,2021-07-14 00:00:00,2,26.999999999999996,85.5,Bihar,7,2021,10.866264,23.600403,1005.28906,2.0431676,1.4888992,-0.21224976,9.151025,26.186096,1005.1016,1.7152395,-2.5856934,1.7152395,2.5856934,False,False,False,False,False,False,test,ok,0.0,0.0,3.2698241233825684,1.86624755859375,10,0.4472230076789856,0.2618648111820221
2021-08-03 12:00:00,2021-08-05 12:00:00,2,24.0,72.0,Gujarat,8,2021,0.5493824,31.396393,999.6905,4.8314447,-0.23960197,-0.05645752,0.5477905,33.288177,999.8791,0.0015918612,-1.8917847,0.0015918612,1.8917847,False,False,False,False,False,False,test,ok,0.0,0.0,1.0695320177823304,1.378021240234375,10,0.458819255232811,0.4038722515106201
2021-09-27 12:00:00,2021-09-29 12:00:00,2,24.0,70.49999999999999,Gujarat,9,2021,13.757398,28.825958,999.015,3.8523798,-4.5317717,0.98913574,24.406105,28.828674,999.8491,-10.648707,-0.0027160645,10.648707,0.0027160645,False,False,True,False,False,False,test,no_reliable_analogs,,,,,0,,
2021-09-25 12:00:00,2021-09-27 12:00:00,2,26.999999999999996,88.49999999999999,West Bengal,9,2021,2.265895,20.63379,1009.1831,0.8643983,-1.1976125,0.18740845,4.47131,22.222717,1009.64276,-2.2054152,-1.5889282,2.2054152,1.5889282,False,False,False,False,False,False,test,ok,0.0,0.0,1.2939996242523193,1.7060699462890625,10,0.38836970925331116,0.25100892782211304
2021-08-06 00:00:00,2021-08-08 00:00:00,2,28.499999999999982,92.99999999999999,Arunachal Pradesh,8,2021,4.217694,7.8995667,1016.0121,0.53442454,-0.6369481,-0.41818237,4.3994513,10.400574,1015.58734,-0.18175745,-2.501007,0.18175745,2.501007,False,False,False,False,False,False,test,ok,0.0,0.0,1.0501786947250367,2.201373291015625,10,0.38817034661769867,0.2757502496242523
2021-06-19 12:00:00,2021-06-21 12:00:00,2,26.999999999999996,94.5,Assam,6,2021,16.699026,26.909546,1001.4967,1.0769536,5.3194084,-0.25479126,8.425129,30.490448,1000.85974,8.273897,-3.580902,8.273897,3.580902,False,True,False,True,False,False,test,ok,0.0,0.0,6.340368175506592,1.5882476806640624,10,0.5110199362039566,0.42052769660949707
2021-09-06 00:00:00,2021-09-08 00:00:00,2,32.999999999999986,78.0,Jammu and Kashmir,9,2021,0.37823838,0.3560791,1019.98975,0.9013309,-0.14961505,0.29779053,1.1962082,2.882019,1020.7518,-0.81796986,-2.52594,0.81796986,2.52594,False,False,False,False,False,False,test,ok,0.0,0.2,0.645512017980218,1.9287628173828124,10,0.37158960700035093,0.28511402010917664
2021-09-26 00:00:00,2021-09-28 00:00:00,2,26.999999999999996,72.0,Rajasthan,9,2021,1.8558843,25.565887,1004.7972,3.14462,0.919241,0.3347473,2.350879,26.29361,1005.1183,-0.49499464,-0.72772217,0.49499464,0.72772217,False,False,False,False,False,False,test,ok,0.0,0.0,0.2972776051523397,1.418206787109375,10,0.3917336970567703,0.3563971519470215
2021-09-20 00:00:00,2021-09-22 00:00:00,2,26.999999999999996,76.5,Rajasthan,9,2021,2.7459822,24.510132,1003.7967,2.2525318,-2.74892,0.19967651,2.5692463,25.95462,1004.0256,0.17673588,-1.4444885,0.17673588,1.4444885,False,False,False,False,False,False,test,ok,0.0,0.0,0.9235339492559433,2.0828399658203125,10,0.4250918060541153,0.3307533860206604
2021-08-07 00:00:00,2021-08-09 00:00:00,2,26.999999999999996,76.5,Rajasthan,8,2021,7.8740616,25.72815,1003.3646,1.1869736,0.30416393,-0.009979248,1.3744477,27.571808,1003.854,6.499614,-1.8436584,6.499614,1.8436584,False,False,True,False,False,False,test,ok,0.0,0.1,2.8302366971969604,2.231365966796875,10,0.4536901921033859,0.39751264452934265
2021-07-20 12:00:00,2021-07-22 12:00:00,2,18.0,83.99999999999999,Andhra Pradesh,7,2021,8.879538,28.502106,993.33234,9.923045,2.4661446,-0.30187988,14.259262,28.151794,993.8162,-5.3797245,0.35031128,5.3797245,0.35031128,False,False,False,False,False,False,test,no_reliable_analogs,,,,,0,,
2021-06-22 00:00:00,2021-06-24 00:00:00,2,24.0,83.99999999999999,Jharkhand,6,2021,10.391054,24.140167,1001.0541,1.666072,-9.37491,0.67718506,11.317215,26.017395,1001.9153,-0.9261608,-1.8772278,0.9261608,1.8772278,False,False,False,False,False,False,test,no_reliable_analogs,,,,,0,,
2021-07-29 12:00:00,2021-07-31 12:00:00,2,28.499999999999982,88.49999999999999,Sikkim,7,2021,4.505642,8.227539,1008.8722,2.409528,1.5094321,-0.97509766,8.023787,8.547455,1011.1311,-3.5181446,-0.31991577,3.5181446,0.31991577,False,False,False,False,False,False,test,no_reliable_analogs,,,,,0,,
2021-06-17 00:00:00,2021-06-19 00:00:00,2,18.0,82.5,Andhra Pradesh,6,2021,3.057342,24.443665,1006.2443,3.9268062,0.1643765,-0.030853271,2.728755,25.964233,1006.3725,0.32858706,-1.5205688,0.32858706,1.5205688,False,False,False,False,False,False,test,no_reliable_analogs,,,,,0,,
2021-06-06 12:00:00,2021-06-08 12:00:00,2,18.0,82.5,Andhra Pradesh,6,2021,1.7572696,29.93695,1002.7244,2.983947,-0.09780288,0.08230591,1.766277,29.970245,1002.62396,-0.009007335,-0.033294678,0.009007335,0.033294678,False,False,False,False,False,False,test,ok,0.0,0.1,0.7200386881828308,1.381414794921875,10,0.3408627390861511,0.24113479256629944
2021-06-04 12:00:00,2021-06-06 12:00:00,2,20.999999999999993,79.49999999999999,Maharashtra,6,2021,0.9101906,32.367554,1003.20056,3.0213163,0.0826689,-0.23751831,0.81287533,35.241364,1002.6552,0.09731525,-2.8738098,0.09731525,2.8738098,False,False,False,False,False,False,test,ok,0.0,0.0,0.9455714204348624,1.4546783447265625,10,0.39943661689758303,0.2510838210582733
2021-09-03 12:00:00,2021-09-05 12:00:00,2,20.999999999999993,88.49999999999999,West Bengal,9,2021,5.02968,28.890991,1000.51953,5.569916,0.1054759,0.18844604,4.862851,29.077484,1000.2587,0.16682863,-0.18649292,0.16682863,0.18649292,False,False,False,False,False,False,test,ok,0.0,0.0,2.107599663734436,0.320062255859375,5,0.5715904831886292,0.5316781401634216
2021-07-28 12:00:00,2021-07-30 12:00:00,2,25.49999999999999,82.5,Uttar Pradesh,7,2021,0.64575887,30.193054,997.66833,2.780974,-0.5348383,-0.5713501,3.1944513,31.411285,996.32904,-2.5486925,-1.2182312,2.5486925,1.2182312,False,False,False,False,False,False,test,ok,0.0,0.1,1.1808813035488128,1.2212890625,10,0.4813500076532364,0.446755588054657
2021-08-04 12:00:00,2021-08-06 12:00:00,2,32.999999999999986,73.5,Jammu and Kashmir,8,2021,1.6088483,32.209442,997.8166,1.233068,-0.75929046,0.2715149,4.5937343,32.946655,999.89594,-2.984886,-0.73721313,2.984886,0.73721313,False,False,False,False,False,False,test,ok,0.0,0.0,0.4487935956567526,2.409637451171875,8,0.35576464608311653,0.17644307017326355
2021-09-23 12:00:00,2021-09-25 12:00:00,2,14.999999999999996,73.5,Goa,9,2021,2.053794,27.160889,1006.5017,4.8341656,-0.6514158,0.15460205,1.1617895,27.820496,1006.6828,0.8920044,-0.65960693,0.8920044,0.65960693,False,False,False,False,False,False,test,ok,0.0,0.0,1.0004939585924149,0.312017822265625,10,0.30609517395496366,0.2335614413022995
2021-08-01 12:00:00,2021-08-03 12:00:00,2,32.999999999999986,76.5,Himachal Pradesh,8,2021,2.6588387,12.284912,1009.93994,1.1363733,0.12446642,-0.36749268,4.1045218,14.254639,1009.365,-1.445683,-1.9697266,1.445683,1.9697266,False,False,False,False,False,False,test,ok,0.0,0.1,0.6649848878383636,2.268603515625,10,0.28232710659503935,0.15529340505599976
2021-07-26 12:00:00,2021-07-28 12:00:00,2,34.49999999999999,74.99999999999999,Jammu and Kashmir,7,2021,15.023681,14.589539,1003.95123,1.2757531,4.5509157,0.024993896,12.707616,15.409088,1004.6708,2.3160648,-0.81954956,2.3160648,0.81954956,False,False,False,False,False,False,test,no_reliable_analogs,,,,,0,,
2021-07-07 00:00:00,2021-07-09 00:00:00,2,36.0,78.0,Jammu and Kashmir,7,2021,1.8120908,-7.167145,1031.09,1.2074676,0.67650473,-0.6421509,0.95251924,-4.590851,1029.8013,0.8595715,-2.576294,0.8595715,2.576294,False,False,False,False,False,False,test,no_reliable_analogs,,,,,0,,
2021-08-29 00:00:00,2021-08-31 00:00:00,2,25.49999999999999,74.99999999999999,Rajasthan,8,2021,7.9570265,24.890656,1005.23444,2.546841,4.030737,-0.045196533,3.1804655,26.249634,1005.66626,4.776561,-1.3589783,4.776561,1.3589783,False,False,False,False,False,False,test,no_reliable_analogs,,,,,0,,
2021-08-28 00:00:00,2021-08-30 00:00:00,2,9.0,92.99999999999999,Andaman and Nicobar,8,2021,22.374525,27.169647,1007.7358,5.6933775,-3.5502682,0.50131226,21.811693,26.363037,1008.2536,0.5628319,0.8066101,0.5628319,0.8066101,False,False,False,False,False,False,test,no_reliable_analogs,,,,,0,,
2021-09-30 12:00:00,2021-10-02 12:00:00,2,22.5,79.49999999999999,Madhya Pradesh,10,2021,2.1009715,26.697937,1007.30096,1.2342297,-1.9866998,-0.103149414,4.1081324,29.020844,1007.7837,-2.007161,-2.3229065,2.007161,2.3229065,False,False,False,False,False,False,test,ok,0.0,0.2,0.498730291146785,2.4531646728515626,10,0.5134655177593231,0.4102291464805603
2021-09-24 00:00:00,2021-09-26 00:00:00,2,20.999999999999993,82.5,Chhattisgarh,9,2021,6.9694767,23.704712,1004.4675,0.9941249,0.7102723,0.75027466,6.973412,26.452972,1004.08167,-0.003935337,-2.7482605,0.003935337,2.7482605,False,False,False,False,False,False,test,no_reliable_analogs,,,,,0,,
2021-06-10 12:00:00,2021-06-12 12:00:00,2,28.499999999999982,81.0,Uttar Pradesh,6,2021,12.57792,28.752838,999.35486,1.7247653,2.3014727,0.43222046,16.048515,27.49707,999.964,-3.4705954,1.2557678,3.4705954,1.2557678,False,False,False,False,False,False,test,no_reliable_analogs,,,,,0,,
2021-08-10 12:00:00,2021-08-12 12:00:00,2,20.999999999999993,83.99999999999999,Odisha,8,2021,15.119247,28.8125,1003.32947,1.9618182,11.539349,-0.66400146,9.829288,29.646484,1003.7748,5.28996,-0.8339844,5.28996,0.8339844,False,False,False,False,False,False,test,no_reliable_analogs,,,,,0,,
2021-08-05 00:00:00,2021-08-07 00:00:00,2,29.999999999999993,74.99999999999999,Punjab,8,2021,1.8462607,27.739594,1000.11755,2.2811394,0.41137862,0.13302612,0.59686065,28.452637,1000.7336,1.2494,-0.7130432,1.2494,0.7130432,False,False,False,False,False,False,test,ok,0.0,0.0,1.4370506152510643,1.8492279052734375,10,0.3203498274087906,0.24260851740837097
2021-06-03 00:00:00,2021-06-05 00:00:00,2,25.49999999999999,90.0,Meghalaya,6,2021,11.819416,24.623291,1004.1171,3.7903256,8.314523,-2.005371,18.14573,26.238556,1005.2798,-6.326313,-1.6152649,6.326313,1.6152649,False,False,False,False,False,False,test,no_reliable_analogs,,,,,0,,
2021-07-07 00:00:00,2021-07-09 00:00:00,2,20.999999999999993,82.5,Chhattisgarh,7,2021,35.126488,23.979614,1000.65094,1.9224772,17.314806,-0.8400574,30.093714,25.866425,1002.22906,5.032774,-1.8868103,5.032774,1.8868103,False,False,False,False,False,False,test,no_reliable_analogs,,,,,0,,
2021-07-25 12:00:00,2021-07-27 12:00:00,2,24.0,83.99999999999999,Jharkhand,7,2021,2.4400957,26.868591,996.8702,3.4263585,0.934427,-0.6768799,4.011565,27.382904,996.26764,-1.5714695,-0.51431274,1.5714695,0.51431274,False,False,False,False,False,False,test,ok,0.0,0.0,0.3938886523246765,1.3595458984375,5,0.4744954288005829,0.36409124732017517
2021-08-31 00:00:00,2021-09-02 00:00:00,2,24.0,74.99999999999999,Madhya Pradesh,9,2021,13.092495,23.213745,1005.42664,2.5179276,3.3301048,-0.37878418,12.897739,24.806885,1004.5564,0.19475555,-1.5931396,0.19475555,1.5931396,False,False,False,False,False,False,test,no_reliable_analogs,,,,,0,,
2021-07-03 00:00:00,2021-07-05 00:00:00,2,9.0,76.5,Kerala,7,2021,6.8835225,24.718048,1008.00507,3.8404992,-3.3046174,0.2088623,7.346685,25.258667,1007.93164,-0.46316242,-0.5406189,0.46316242,0.5406189,False,False,False,False,False,False,test,ok,0.0,0.0,3.0066821575164795,1.0702178955078125,10,0.32058790028095246,0.280659019947052
2021-07-22 12:00:00,2021-07-24 12:00:00,2,28.499999999999982,74.99999999999999,Rajasthan,7,2021,0.44615427,35.531647,995.82135,4.5971975,-3.3155682,1.3526917,0.8587567,37.50528,995.9981,-0.41260245,-1.9736328,0.41260245,1.9736328,False,False,False,False,False,False,test,no_reliable_analogs,,,,,0,,
2021-07-12 00:00:00,2021-07-14 00:00:00,2,20.999999999999993,73.5,Gujarat,7,2021,7.7277308,25.050293,1001.28033,4.1133246,-33.59273,0.38452148,4.5364313,25.599854,1001.1689,3.1912994,-0.54956055,3.1912994,0.54956055,False,False,False,False,False,False,test,no_reliable_analogs,,,,,0,,
2021-07-19 00:00:00,2021-07-21 00:00:00,2,32.999999999999986,79.49999999999999,Jammu and Kashmir,7,2021,0.7213785,3.7191467,1009.2548,1.1730883,-0.2978322,-0.3925171,1.2580738,5.1666565,1008.80756,-0.5366953,-1.4475098,0.5366953,1.4475098,False,False,False,False,False,False,test,ok,0.0,0.2,0.2650715500552906,1.6071044921875,10,0.2886372610926628,0.22441592812538147
2021-07-25 00:00:00,2021-07-27 00:00:00,2,10.499999999999996,78.0,Tamil Nadu,7,2021,0.7288821,24.932495,1007.78076,3.5340424,0.2977836,0.35183716,1.7424847,25.94519,1008.2432,-1.0136026,-1.0126953,1.0136026,1.0126953,False,False,False,False,False,False,test,ok,0.0,0.0,1.0130944162607194,1.5369537353515625,10,0.28027389049530027,0.14371636509895325
2021-09-17 12:00:00,2021-09-19 12:00:00,2,24.0,94.5,Manipur,9,2021,29.722713,24.108643,1007.3097,1.0277596,17.889725,-0.6812439,26.490585,26.420166,1008.308,3.2321281,-2.3115234,3.2321281,2.3115234,False,False,False,False,False,False,test,no_reliable_analogs,,,,,0,,
2021-06-30 00:00:00,2021-07-02 00:00:00,2,16.499999999999993,78.0,Andhra Pradesh,7,2021,28.035015,23.835571,1006.0246,4.077638,23.285925,-0.4645996,3.6116958,24.540527,1006.49994,24.423319,-0.70495605,24.423319,0.70495605,False,False,True,False,False,False,test,no_reliable_analogs,,,,,0,,
2021-07-08 12:00:00,2021-07-10 12:00:00,2,28.499999999999982,79.49999999999999,Uttar Pradesh,7,2021,4.358437,31.643768,998.20874,2.9278703,-0.15686703,0.7001953,0.9787608,33.18051,998.2791,3.3796763,-1.5367432,3.3796763,1.5367432,False,False,False,False,False,False,test,ok,0.0,0.0,1.4660470287005107,0.9088779025607638,9,0.5086562501059638,0.3861905336380005
2021-08-28 12:00:00,2021-08-30 12:00:00,2,10.499999999999996,78.0,Tamil Nadu,8,2021,9.740811,26.246857,1005.20026,3.9266763,5.6882734,-1.3635254,4.8447604,30.115845,1004.99,4.896051,-3.868988,4.896051,3.868988,False,True,False,True,False,False,test,no_reliable_analogs,,,,,0,,
2021-06-13 00:00:00,2021-06-15 00:00:00,2,18.0,83.99999999999999,Andhra Pradesh,6,2021,1.9479268,28.071106,996.743,8.293981,-13.365367,0.44644165,1.3636869,29.018677,997.7502,0.58423984,-0.9475708,0.58423984,0.9475708,False,False,False,False,False,False,test,no_reliable_analogs,,,,,0,,
2021-06-13 00:00:00,2021-06-15 00:00:00,2,28.499999999999982,88.49999999999999,Sikkim,6,2021,2.1416194,3.7705383,1010.59094,1.7907344,-3.5041502,0.20639038,2.7638679,5.6661987,1010.61975,-0.6222484,-1.8956604,0.6222484,1.8956604,False,False,False,False,False,False,test,no_reliable_analogs,,,,,0,,
2021-06-17 12:00:00,2021-06-19 12:00:00,2,22.5,91.5,Tripura,6,2021,87.68886,25.291016,1003.59955,5.208035,28.670612,-1.263977,62.037663,26.710358,1003.6145,25.651196,-1.419342,25.651196,1.419342,True,False,True,False,False,True,test,no_reliable_analogs,,,,,0,,
2021-06-15 12:00:00,2021-06-17 12:00:00,2,7.499999999999991,92.99999999999999,Andaman and Nicobar,6,2021,1.3260577,28.715515,1009.094,7.158623,0.038625717,0.29266357,3.2425723,27.31076,1010.175,-1.9165146,1.4047546,1.9165146,1.4047546,False,False,False,False,False,False,test,no_reliable_analogs,,,,,0,,
2021-06-23 12:00:00,2021-06-25 12:00:00,2,20.999999999999993,87.0,Odisha,6,2021,5.502336,29.55069,997.7748,5.047288,-0.4737625,0.018463135,3.8808076,30.64569,999.02435,1.6215284,-1.0950012,1.6215284,1.0950012,False,False,False,False,False,False,test,ok,0.0,0.0,6.476451475918293,0.5012725830078125,10,0.47584049105644227,0.35162174701690674
2021-08-21 12:00:00,2021-08-23 12:00:00,2,28.499999999999982,79.49999999999999,Uttar Pradesh,8,2021,8.338136,29.315613,1001.0037,1.1729031,2.0449977,-0.5319214,4.396176,30.667969,1000.4455,3.9419599,-1.352356,3.9419599,1.352356,False,False,False,False,False,False,test,ok,0.0,0.0,2.3077991724014284,1.1999725341796874,10,0.42800171077251437,0.3242477476596832
2021-09-27 12:00:00,2021-09-29 12:00:00,2,20.999999999999993,76.5,Maharashtra,9,2021,10.877966,27.708435,1003.53394,2.0923538,1.8089085,-0.45089722,11.852337,28.915985,1004.56226,-0.97437096,-1.20755,0.97437096,1.20755,False,False,False,False,False,False,test,ok,0.0,0.0,3.089745569229126,1.3729522705078125,10,0.4456279516220093,0.35950207710266113
2021-08-23 12:00:00,2021-08-25 12:00:00,2,24.0,88.49999999999999,West Bengal,8,2021,5.895509,29.06372,998.53876,2.2120764,-2.1292944,0.39038086,13.018985,30.34967,998.74054,-7.123476,-1.2859497,7.123476,1.2859497,False,False,False,False,False,False,test,ok,0.0,0.0,1.5877933382987977,1.7590850830078124,10,0.445863938331604,0.34037864208221436
2021-08-29 00:00:00,2021-08-31 00:00:00,2,10.499999999999996,92.99999999999999,Andaman and Nicobar,8,2021,13.660102,26.927063,1008.66205,5.7165604,-1.5073595,-0.22232056,7.0752597,27.110535,1009.1116,6.584842,-0.18347168,6.584842,0.18347168,False,False,True,False,False,False,test,no_reliable_analogs,,,,,0,,
2021-09-11 00:00:00,2021-09-13 00:00:00,2,24.0,82.5,Madhya Pradesh,9,2021,10.359097,23.670288,1001.3597,1.6229819,-3.766531,0.2849121,10.214676,25.557556,1000.87244,0.14442062,-1.8872681,0.14442062,1.8872681,False,False,False,False,False,False,test,ok,0.0,0.0,4.409156084060669,2.0287933349609375,10,0.513291472196579,0.396398663520813
2021-06-24 12:00:00,2021-06-26 12:00:00,2,31.499999999999993,74.99999999999999,Punjab,6,2021,0.05074978,37.060333,999.4743,3.251798,0.042764947,-0.46029663,1.3039409,34.690704,1001.34717,-1.2531911,2.369629,1.2531911,2.369629,False,False,False,False,False,False,test,ok,0.0,0.3333333333333333,0.1913440109541019,1.5469868977864583,6,0.46589495241642,0.43297526240348816
2021-07-08 12:00:00,2021-07-10 12:00:00,2,32.999999999999986,78.0,Jammu and Kashmir,7,2021,0.24644062,10.967316,1008.8695,2.3966906,0.1541985,-0.54067993,0.87431484,13.523224,1009.37366,-0.62787426,-2.5559082,0.62787426,2.5559082,False,False,False,False,False,False,test,ok,0.0,0.2857142857142857,0.6967081746884755,1.8777945382254464,7,0.3672727218696049,0.27148953080177307
2021-07-18 00:00:00,2021-07-20 00:00:00,2,22.5,73.5,Gujarat,7,2021,2.944519,25.63144,1002.15393,4.0853157,0.87504864,-0.3887329,6.0364394,26.844849,1002.14197,-3.0919204,-1.2134094,3.0919204,1.2134094,False,False,False,False,False,False,test,ok,0.0,0.0,3.7917575418949125,1.534173583984375,10,0.36137724816799166,0.21853435039520264
2021-07-28 00:00:00,2021-07-30 00:00:00,2,11.999999999999991,78.0,Tamil Nadu,7,2021,0.16058338,22.091461,1010.20197,2.9743466,0.010915309,0.16296387,0.11497915,24.415497,1010.474,0.04560423,-2.3240356,0.04560423,2.3240356,False,False,False,True,False,False,test,ok,0.0,0.0,0.5296570807695389,2.016200474330357,7,0.27216833404132296,0.1934618502855301
2021-09-02 12:00:00,2021-09-04 12:00:00,2,22.5,81.0,Madhya Pradesh,9,2021,9.365035,26.333954,1002.07196,1.7009068,-0.2555275,0.6685791,11.325196,28.999207,1001.9587,-1.9601612,-2.6652527,1.9601612,2.6652527,False,False,False,False,False,False,test,ok,0.0,0.0,3.6334535564695085,1.8104596819196428,7,0.5508971512317657,0.3645431101322174
2021-08-07 00:00:00,2021-08-09 00:00:00,2,20.999999999999993,81.0,Chhattisgarh,8,2021,1.3230428,24.682251,1005.6207,2.4883966,-1.334212,-0.15084839,0.5544458,27.565796,1006.8061,0.76859695,-2.883545,0.76859695,2.883545,False,False,False,False,False,False,test,ok,0.0,0.2,0.6785184264183044,2.310675048828125,10,0.37449042350053785,0.22005276381969452
2021-06-26 12:00:00,2021-06-28 12:00:00,2,22.5,76.5,Madhya Pradesh,6,2021,6.6464996,29.012085,1002.6461,2.6385143,-0.5491929,-1.2654419,5.6344786,31.382263,1003.1758,1.0120211,-2.3701782,1.0120211,2.3701782,False,False,False,False,False,False,test,ok,0.0,0.1,2.054440975189209,2.0800445556640623,10,0.5490443348884583,0.34192636609077454
2021-09-04 12:00:00,2021-09-06 12:00:00,2,10.499999999999996,72.0,Lakshadweep,9,2021,5.0194774,27.510773,1007.97034,8.641367,-1.5717821,0.37823486,7.9968777,26.876282,1008.2628,-2.9774003,0.63449097,2.9774003,0.63449097,False,False,False,False,False,False,test,ok,0.0,0.0,2.2910207509994507,0.18983968098958334,6,0.37394071122010547,0.31293290853500366
2021-07-20 00:00:00,2021-07-22 00:00:00,2,22.5,78.0,Madhya Pradesh,7,2021,8.54718,24.189606,998.58203,4.3079433,-11.365694,0.20449829,36.891872,25.366516,998.1841,-28.344692,-1.1769104,28.344692,1.1769104,False,False,True,False,False,False,test,no_reliable_analogs,,,,,0,,
2021-09-27 00:00:00,2021-09-29 00:00:00,2,11.999999999999991,73.5,Lakshadweep,9,2021,5.194703,26.705902,1007.97015,6.5256844,-0.32295752,0.15994263,4.78131,26.537262,1007.6052,0.41339302,0.16864014,0.41339302,0.16864014,False,False,False,False,False,False,test,ok,0.0,0.0,0.8972432971000671,0.504010009765625,10,0.3130046956241131,0.09970914572477341
2021-07-08 00:00:00,2021-07-10 00:00:00,2,16.499999999999993,74.99999999999999,Karnataka,7,2021,8.439445,21.694641,1004.7924,3.3416958,-1.5644999,-0.3142395,24.806116,22.890442,1003.86615,-16.366673,-1.1958008,16.366673,1.1958008,False,False,True,False,False,False,test,no_reliable_analogs,,,,,0,,
2021-06-22 12:00:00,2021-06-24 12:00:00,2,25.49999999999999,78.0,Madhya Pradesh,6,2021,0.7488261,37.138367,998.1568,3.8304067,-0.30567092,1.8599548,0.1902474,35.885773,998.0379,0.55857867,1.252594,0.55857867,1.252594,False,False,False,False,False,False,test,ok,0.0,0.16666666666666666,0.5167925525456667,1.5426534016927083,6,0.5811963876088461,0.5556787848472595
2021-06-18 00:00:00,2021-06-20 00:00:00,2,29.999999999999993,73.5,Rajasthan,6,2021,0.0,29.26236,998.48486,3.5018337,-0.0004254787,-0.10153198,0.0,27.82138,998.718,0.0,1.440979,0.0,1.440979,False,False,False,False,False,False,test,ok,0.0,0.0,0.3654396904224996,0.832806396484375,10,0.44476446211338044,0.28324270248413086
2021-07-20 00:00:00,2021-07-22 00:00:00,2,28.499999999999982,91.5,Arunachal Pradesh,7,2021,5.81507,4.9783936,1012.93787,1.0162879,1.8519685,-0.40460205,6.0955853,6.3249207,1012.7046,-0.2805152,-1.3465271,0.2805152,1.3465271,False,False,False,False,False,False,test,ok,0.0,0.1111111111111111,3.159575197431776,1.5274454752604167,9,0.4388149678707123,0.3900737166404724
2021-06-29 12:00:00,2021-07-01 12:00:00,2,11.999999999999991,92.99999999999999,Andaman and Nicobar,7,2021,5.869753,28.056366,1006.6407,6.5392838,-6.460946,1.0471497,6.6342444,28.4469,1007.5609,-0.76449156,-0.39053345,0.76449156,0.39053345,False,False,False,False,False,False,test,no_reliable_analogs,,,,,0,,
2021-09-16 00:00:00,2021-09-18 00:00:00,2,24.0,82.5,Madhya Pradesh,9,2021,6.5783644,23.184357,1005.1092,2.3441694,4.2428207,-0.43026733,1.0802891,25.46402,1004.96063,5.4980755,-2.279663,5.4980755,2.279663,False,False,False,False,False,False,test,ok,0.0,0.1,3.421662139892578,2.44747314453125,10,0.5410352021455764,0.3693269193172455
2021-06-08 00:00:00,2021-06-10 00:00:00,2,25.49999999999999,87.0,Bihar,6,2021,11.272189,25.38565,999.0602,2.2788446,4.6998544,-0.11053467,7.63674,28.390839,999.7321,3.635449,-3.005188,3.635449,3.005188,False,True,False,True,False,False,test,ok,0.0,0.0,6.864237891303168,1.4792344835069444,9,0.5276623368263245,0.3740943968296051
2021-06-24 00:00:00,2021-06-26 00:00:00,2,11.999999999999991,79.49999999999999,Tamil Nadu,6,2021,0.022323478,27.087128,1005.5782,3.7848694,-0.05045345,-0.67715454,0.0019953547,28.298706,1005.5198,0.020328123,-1.2115784,0.020328123,1.2115784,False,False,False,False,False,False,test,no_reliable_analogs,,,,,0,,
2021-07-14 12:00:00,2021-07-16 12:00:00,2,19.499999999999996,76.5,Maharashtra,7,2021,24.750391,27.260284,1002.1838,2.1393342,20.744383,-1.3329163,10.60307,30.308746,1002.85596,14.147321,-3.048462,14.147321,3.048462,False,True,True,True,False,False,test,no_reliable_analogs,,,,,0,,
2021-06-15 00:00:00,2021-06-17 00:00:00,2,13.5,79.49999999999999,Andhra Pradesh,6,2021,0.6458398,26.911713,1006.2249,3.4403822,0.4031165,-0.026916504,0.14069445,28.778229,1005.3396,0.5051454,-1.8665161,0.5051454,1.8665161,False,False,False,True,False,False,test,ok,0.0,0.0,2.4983954191207887,1.49146728515625,10,0.2872666820883751,0.1439376324415207
2021-07-13 00:00:00,2021-07-15 00:00:00,2,20.999999999999993,73.5,Gujarat,7,2021,23.025694,24.39917,1000.5588,2.5330057,8.634213,-0.40615845,5.0098395,25.596313,1000.62384,18.015854,-1.1971436,18.015854,1.1971436,False,False,True,False,False,False,test,no_reliable_analogs,,,,,0,,
2021-06-07 00:00:00,2021-06-09 00:00:00,2,25.49999999999999,83.99999999999999,Bihar,6,2021,0.34719148,28.382904,998.69617,2.478244,0.13701703,-0.6265564,2.30237,27.03891,1000.62054,-1.9551786,1.3439941,1.9551786,1.3439941,False,False,False,False,False,False,test,ok,0.0,0.0,1.6028160579502582,0.7560577392578125,10,0.45438875555992125,0.40144672989845276
2021-06-01 12:00:00,2021-06-03 12:00:00,2,25.49999999999999,81.0,Uttar Pradesh,6,2021,0.28569847,34.962524,1002.77954,1.5933317,0.0,0.0,0.16848482,36.28424,1002.75775,0.11721365,-1.3217163,0.11721365,1.3217163,False,False,False,False,False,False,test,no_reliable_analogs,,,,,0,,
2021-09-21 12:00:00,2021-09-23 12:00:00,2,19.499999999999996,79.49999999999999,Andhra Pradesh,9,2021,10.500145,26.730164,1002.899,0.92669576,-3.202426,0.14675903,9.849454,28.787537,1003.1462,0.65069103,-2.057373,0.65069103,2.057373,False,False,False,False,False,False,test,ok,0.0,0.0,2.698525238037109,2.0447265625,5,0.45062952637672427,0.4120085537433624
2021-06-27 00:00:00,2021-06-29 00:00:00,2,29.999999999999993,74.99999999999999,Punjab,6,2021,7.992113e-05,28.66565,999.2296,1.9091965,-0.0013518262,-0.6114502,6.8441244e-05,30.310791,1000.6484,1.1479882e-05,-1.6451416,1.1479882e-05,1.6451416,False,False,False,False,False,False,test,ok,0.0,0.0,0.2396422696998343,1.196600341796875,10,0.3291743785142899,0.14680695533752441
2021-06-21 00:00:00,2021-06-23 00:00:00,2,24.0,88.49999999999999,West Bengal,6,2021,18.157553,25.431152,1003.1972,2.0224109,6.289935,-0.34890747,9.960968,27.477936,1003.1824,8.196585,-2.0467834,8.196585,2.0467834,False,False,False,False,False,False,test,ok,0.0,0.2,6.968169021606445,2.230230712890625,5,0.5314835011959076,0.48012152314186096
2021-08-25 12:00:00,2021-08-27 12:00:00,2,11.999999999999991,73.5,Lakshadweep,8,2021,27.496202,26.341156,1006.19446,7.3198466,-4.64633,0.5255127,50.535427,26.139862,1006.49335,-23.039225,0.20129395,23.039225,0.20129395,False,False,True,False,False,False,test,no_reliable_analogs,,,,,0,,
2021-09-08 00:00:00,2021-09-10 00:00:00,2,28.499999999999982,79.49999999999999,Uttar Pradesh,9,2021,10.934357,24.347015,1004.582,3.7416067,-6.019596,0.3517456,7.6604676,26.632355,1005.3783,3.273889,-2.2853394,3.273889,2.2853394,False,False,False,False,False,False,test,no_reliable_analogs,,,,,0,,
2021-06-17 00:00:00,2021-06-19 00:00:00,2,18.0,73.5,Maharashtra,6,2021,25.5485,22.736084,1007.8539,4.2051444,-0.27276993,-0.5197449,17.929445,23.482758,1006.9903,7.619055,-0.7466736,7.619055,0.7466736,False,False,False,False,False,False,test,no_reliable_analogs,,,,,0,,
2021-06-19 12:00:00,2021-06-21 12:00:00,2,19.499999999999996,74.99999999999999,Maharashtra,6,2021,0.64756525,29.38504,1005.7864,5.7656484,0.14667112,-0.24673462,0.25102028,30.669678,1006.17096,0.39654496,-1.2846375,0.39654496,1.2846375,False,False,False,False,False,False,test,ok,0.0,0.1,0.8374772951006889,1.781121826171875,10,0.37165906131267545,0.2989559769630432
2021-08-23 12:00:00,2021-08-25 12:00:00,2,22.5,73.5,Gujarat,8,2021,0.99818456,29.86618,1002.2404,3.9253113,-0.07187569,0.01159668,1.338194,30.976685,1003.1292,-0.34000945,-1.1105042,0.34000945,1.1105042,False,False,False,False,False,False,test,ok,0.0,0.0,0.5348052561283112,1.250335693359375,10,0.3370136469602585,0.1869257688522339
2021-07-16 00:00:00,2021-07-18 00:00:00,2,19.499999999999996,81.0,Chhattisgarh,7,2021,2.413608,23.480713,1003.7078,1.3660313,-1.9421148,-0.12130737,0.65276563,27.516693,1004.5969,1.7608424,-4.03598,1.7608424,4.03598,False,True,False,True,False,False,test,ok,0.0,0.2,3.0303385972976686,2.5650054931640627,10,0.41249939799308777,0.30025896430015564
2021-06-21 12:00:00,2021-06-23 12:00:00,2,29.999999999999993,94.5,Arunachal Pradesh,6,2021,5.075617,9.8880005,1010.4116,1.7511294,-2.0683417,0.4429016,8.818608,10.685394,1010.48083,-3.7429914,-0.7973938,3.7429914,0.7973938,False,False,False,False,False,False,test,ok,0.0,0.0,1.5539839665095012,1.6450907389322917,6,0.41440890232721966,0.3177967965602875
2021-08-23 00:00:00,2021-08-25 00:00:00,2,19.499999999999996,85.5,Odisha,8,2021,3.4846559,27.7146,1003.3918,5.6152225,1.9601026,0.11730957,1.7471843,28.540619,1003.3691,1.7374716,-0.8260193,1.7374716,0.8260193,False,False,False,False,False,False,test,ok,0.0,0.0,1.0721183657646178,0.51236572265625,10,0.4067032545804977,0.25002801418304443
2021-08-28 00:00:00,2021-08-30 00:00:00,2,16.499999999999993,78.0,Andhra Pradesh,8,2021,4.232149,23.203827,1004.2723,3.9744954,-1.9410028,0.11437988,15.101531,23.720642,1003.74805,-10.869382,-0.5168152,10.869382,0.5168152,False,False,True,False,False,False,test,ok,0.0,0.0,3.3364191710948945,1.8175506591796875,10,0.44537058770656585,0.38436079025268555
2021-09-25 00:00:00,2021-09-27 00:00:00,2,34.49999999999999,76.5,Jammu and Kashmir,9,2021,0.001909327,0.6620178,1021.79626,0.8602542,0.0013795003,-0.30108643,0.002222487,-1.9433594,1021.2244,-0.00031316,2.6053772,0.00031316,2.6053772,False,False,False,False,False,False,test,ok,0.0,0.0,0.2871271531097591,1.487530517578125,10,0.2837464675307274,0.09628498554229736
2021-08-12 12:00:00,2021-08-14 12:00:00,2,26.999999999999996,76.5,Rajasthan,8,2021,0.0044051665,31.454681,998.48334,3.1635294,0.0014947071,0.04611206,0.04141144,32.827087,999.0337,-0.037006274,-1.372406,0.037006274,1.372406,False,False,False,False,False,False,test,ok,0.0,0.0,0.7356299370061606,1.162445068359375,10,0.43243015706539156,0.2838900089263916
2021-07-12 00:00:00,2021-07-14 00:00:00,2,26.999999999999996,90.0,Assam,7,2021,20.26431,18.354828,1009.1665,0.6790583,6.601612,0.23925781,10.42997,19.531769,1009.5403,9.834341,-1.1769409,9.834341,1.1769409,False,False,False,False,False,False,test,no_reliable_analogs,,,,,0,,
2021-08-03 12:00:00,2021-08-05 12:00:00,2,19.499999999999996,78.0,Maharashtra,8,2021,0.8769157,28.803375,1002.40955,4.011798,0.11276865,-0.2913208,0.83771515,29.558136,1001.9963,0.039200544,-0.75476074,0.039200544,0.75476074,False,False,False,False,False,False,test,ok,0.0,0.0,1.9546006083488465,1.2378692626953125,10,0.40200814604759216,0.3475337624549866
2021-08-21 12:00:00,2021-08-23 12:00:00,2,13.5,78.0,Karnataka,8,2021,6.9721785,24.424072,1007.8532,1.838178,-2.8116226,-0.8189087,13.605634,27.471985,1007.3667,-6.6334553,-3.0479126,6.6334553,3.0479126,False,True,False,True,False,False,test,no_reliable_analogs,,,,,0,,
2021-09-04 00:00:00,2021-09-06 00:00:00,2,25.49999999999999,87.0,Bihar,9,2021,9.922576,25.74466,1005.3286,2.5846794,-0.0037460327,0.2230835,4.16438,28.597412,1005.3075,5.758196,-2.8527527,5.758196,2.8527527,False,False,False,True,False,False,test,ok,0.0,0.0,4.270051622390747,1.9510467529296875,10,0.48024003505706786,0.3639626204967499
2021-07-31 00:00:00,2021-08-02 00:00:00,2,11.999999999999991,74.99999999999999,Kerala,8,2021,1.8618741,25.46756,1009.43915,5.017237,0.5658796,0.079315186,2.89885,25.662872,1009.9467,-1.0369759,-0.1953125,1.0369759,0.1953125,False,False,False,False,False,False,test,ok,0.0,0.0,1.113406205177307,0.297100830078125,10,0.386837375164032,0.24659916758537292
2021-07-05 12:00:00,2021-07-07 12:00:00,2,22.5,73.5,Gujarat,7,2021,0.5199254,34.02536,1001.22974,3.2559528,0.29310834,0.018005371,0.05593653,35.795166,1001.61975,0.4639889,-1.7698059,0.4639889,1.7698059,False,False,False,False,False,False,test,ok,0.0,0.0,0.3667692944407463,1.54058837890625,10,0.42367214858531954,0.29200083017349243
2021-09-02 00:00:00,2021-09-04 00:00:00,2,11.999999999999991,73.5,Lakshadweep,9,2021,4.3015995,26.042236,1007.67456,5.9812374,-3.613741,0.29934692,5.520354,25.636902,1007.37085,-1.2187543,0.40533447,1.2187543,0.40533447,False,False,False,False,False,False,test,ok,0.0,0.0,1.1658291220664978,0.40362548828125,8,0.3849654495716095,0.3305327892303467
2021-09-16 12:00:00,2021-09-19 12:00:00,3,9.0,76.5,Kerala,9,2021,1.1061637,26.477966,1009.5695,3.4850392,0.49679953,-0.13772583,3.043567,27.742981,1009.1373,-1.9374032,-1.2650146,1.9374032,1.2650146,False,False,False,False,False,False,test,ok,0.0,0.0,0.6364984631538391,1.5006927490234374,10,0.32950143814086913,0.30616649985313416
2021-07-04 00:00:00,2021-07-07 00:00:00,3,31.499999999999993,76.5,Himachal Pradesh,7,2021,0.36365944,24.555237,999.6331,1.2635685,-0.6186444,-0.10354614,0.90135515,25.199951,1002.5192,-0.5376957,-0.64471436,0.5376957,0.64471436,False,False,False,False,False,False,test,ok,0.0,0.1,2.6692051738500595,1.228240966796875,10,0.40072121620178225,0.2901304066181183
2021-07-02 12:00:00,2021-07-05 12:00:00,3,26.999999999999996,76.5,Rajasthan,7,2021,0.045641094,38.305634,998.30835,3.9226747,0.044264466,-0.17782593,0.3627367,35.96756,999.78107,-0.3170956,2.3380737,0.3170956,2.3380737,False,False,False,False,False,False,test,ok,0.0,0.16666666666666666,0.3304688814872255,2.0265096028645835,6,0.33020519216855365,0.06509220600128174
2021-06-01 12:00:00,2021-06-04 12:00:00,3,11.999999999999991,94.5,Andaman and Nicobar,6,2021,1.3037952,28.945831,1008.0639,5.4234104,0.0,0.0,0.0959873,29.566345,1008.0952,1.2078079,-0.6205139,1.2078079,0.6205139,False,False,False,False,False,False,test,no_reliable_analogs,,,,,0,,
2021-06-28 12:00:00,2021-07-01 12:00:00,3,19.499999999999996,73.5,Maharashtra,7,2021,3.4711893,27.087097,1003.36304,5.0774956,-0.48577642,0.063201904,2.8801618,28.491302,1004.3225,0.5910275,-1.4042053,0.5910275,1.4042053,False,False,False,False,False,False,test,ok,0.0,0.0,2.8543078541755675,1.2121185302734374,10,0.40626384019851686,0.25422897934913635
2021-07-15 00:00:00,2021-07-18 00:00:00,3,14.999999999999996,74.99999999999999,Karnataka,7,2021,16.2929,22.0336,1007.35077,3.0525618,1.764657,0.13433838,51.47497,22.646057,1007.23773,-35.18207,-0.6124573,35.18207,0.6124573,False,False,True,False,False,False,test,no_reliable_analogs,,,,,0,,
2021-07-29 12:00:00,2021-08-01 12:00:00,3,28.499999999999982,97.49999999999999,Arunachal Pradesh,8,2021,10.635916,11.210175,1010.63635,0.7323161,2.483324,-0.16879272,10.4235735,12.469055,1009.5207,0.21234226,-1.2588806,0.21234226,1.2588806,False,False,False,False,False,False,test,ok,0.0,0.0,3.1064664363861083,1.9597991943359374,10,0.28679115474224093,0.1937597095966339
2021-07-12 00:00:00,2021-07-15 00:00:00,3,28.499999999999982,76.5,Haryana,7,2021,4.6275086,27.8172,1001.6717,2.7398303,0.4581852,1.0784912,3.4806328,28.026062,1002.45337,1.1468759,-0.2088623,1.1468759,0.2088623,False,False,False,False,False,False,test,no_reliable_analogs,,,,,0,,
2021-07-31 12:00:00,2021-08-03 12:00:00,3,20.999999999999993,79.49999999999999,Maharashtra,8,2021,2.2166617,27.583893,1002.83453,3.2766774,1.2046472,-1.1400146,0.81481385,29.04834,1003.72375,1.4018478,-1.464447,1.4018478,1.464447,False,False,False,False,False,False,test,ok,0.0,0.1111111111111111,7.677697784370846,1.352081298828125,9,0.4648432963424259,0.39087480306625366
2021-08-24 00:00:00,2021-08-27 00:00:00,3,13.5,81.0,Tamil Nadu,8,2021,10.45941,27.42984,1004.0614,6.979864,2.071639,0.4767151,13.449755,27.45282,1003.9922,-2.990345,-0.022979736,2.990345,0.022979736,False,False,False,False,False,False,test,no_reliable_analogs,,,,,0,,
2021-06-04 00:00:00,2021-06-07 00:00:00,3,20.999999999999993,82.5,Chhattisgarh,6,2021,0.07214716,27.77063,1005.1238,3.0956495,0.00987491,-0.07901001,0.14017639,31.86789,1005.24713,-0.068029225,-4.0972595,0.068029225,4.0972595,False,True,False,True,False,False,test,ok,0.0,0.5,1.0391714464873076,2.255902099609375,10,0.4714797616004944,0.4107550382614136
2021-07-22 12:00:00,2021-07-25 12:00:00,3,18.0,74.99999999999999,Maharashtra,7,2021,0.9855946,26.646912,1003.64435,8.032528,0.035489857,-0.32104492,0.67974675,28.128723,1004.1613,0.30584782,-1.4818115,0.30584782,1.4818115,False,False,False,False,False,False,test,ok,0.0,0.0,2.5933624535799025,1.609063720703125,10,0.46156822741031645,0.3143359124660492
2021-06-28 12:00:00,2021-07-01 12:00:00,3,11.999999999999991,73.5,Lakshadweep,7,2021,7.584765,27.953613,1006.3401,6.5218177,1.8471608,-0.29312134,7.02537,27.561401,1006.7247,0.55939484,0.3922119,0.55939484,0.3922119,False,False,False,False,False,False,test,no_reliable_analogs,,,,,0,,
2021-07-03 00:00:00,2021-07-06 00:00:00,3,14.999999999999996,73.5,Goa,7,2021,15.565737,25.938019,1006.7857,6.009998,-0.8568802,-0.39938354,16.119299,25.794525,1006.53217,-0.55356216,0.14349365,0.55356216,0.14349365,False,False,False,False,False,False,test,no_reliable_analogs,,,,,0,,
2021-08-12 12:00:00,2021-08-15 12:00:00,3,20.999999999999993,82.5,Chhattisgarh,8,2021,9.588977,28.609406,1002.07446,1.5668272,-0.9887352,0.23223877,9.44398,29.790466,1001.41376,0.14499664,-1.1810608,0.14499664,1.1810608,False,False,False,False,False,False,test,no_reliable_analogs,,,,,0,,
2021-08-01 12:00:00,2021-08-04 12:00:00,3,26.999999999999996,69.0,Rajasthan,8,2021,0.0,40.54239,996.108,4.9764047,0.0,-0.7758484,4.9060154e-06,38.749207,996.42413,-4.9060154e-06,1.7931824,4.9060154e-06,1.7931824,False,False,False,False,False,False,test,no_reliable_analogs,,,,,0,,
2021-08-11 12:00:00,2021-08-14 12:00:00,3,32.999999999999986,79.49999999999999,Jammu and Kashmir,8,2021,0.10520371,13.009125,998.221,4.065356,-0.102064945,0.24298096,0.021029672,14.755798,997.1992,0.08417404,-1.7466736,0.08417404,1.7466736,False,False,False,False,False,False,test,no_reliable_analogs,,,,,0,,
2021-07-03 12:00:00,2021-07-06 12:00:00,3,18.0,74.99999999999999,Maharashtra,7,2021,0.6181575,31.556976,1002.8498,4.1923823,0.045253873,0.7849121,0.56552,31.263428,1003.6637,0.052637517,0.29354858,0.052637517,0.29354858,False,False,False,False,False,False,test,no_reliable_analogs,,,,,0,,
2021-06-01 12:00:00,2021-06-04 12:00:00,3,24.0,83.99999999999999,Jharkhand,6,2021,0.047977123,32.48474,1002.432,1.4578505,0.0,0.0,3.5283387,32.177887,1003.6236,-3.4803615,0.30685425,3.4803615,0.30685425,False,False,False,False,False,False,test,ok,0.0,0.1,3.8263671085238458,1.4676666259765625,10,0.45574828088283537,0.377347469329834
2021-08-19 12:00:00,2021-08-22 12:00:00,3,25.49999999999999,70.49999999999999,Rajasthan,8,2021,1.0835594,34.77887,1000.92737,2.545207,-0.9450911,2.230896,1.3259711,37.474823,1002.39136,-0.24241173,-2.6959534,0.24241173,2.6959534,False,False,False,False,False,False,test,no_reliable_analogs,,,,,0,,
2021-08-03 12:00:00,2021-08-06 12:00:00,3,16.499999999999993,81.0,Andhra Pradesh,8,2021,0.49788707,32.676422,1000.81036,3.8679993,-0.19496757,-0.1331482,0.17733343,33.356537,1001.44775,0.32055366,-0.68011475,0.32055366,0.68011475,False,False,False,False,False,False,test,ok,0.0,0.1,0.843455932661891,1.225958251953125,10,0.3312442898750305,0.2652355432510376
2021-08-07 12:00:00,2021-08-10 12:00:00,3,20.999999999999993,74.99999999999999,Maharashtra,8,2021,1.4022522,29.26654,1004.6565,4.634009,0.09040189,0.077941895,0.39320213,30.331787,1006.14844,1.0090501,-1.0652466,1.0090501,1.0652466,False,False,False,False,False,False,test,ok,0.0,0.0,0.5446377217769622,1.55655517578125,10,0.37772582173347474,0.31689178943634033
2021-07-10 12:00:00,2021-07-13 12:00:00,3,18.0,78.0,Andhra Pradesh,7,2021,38.258595,24.755371,999.6482,3.9766276,12.206972,-0.048187256,15.653225,27.415283,1001.241,22.60537,-2.659912,22.60537,2.659912,False,False,True,False,False,False,test,no_reliable_analogs,,,,,0,,
2021-08-03 12:00:00,2021-08-06 12:00:00,3,11.999999999999991,92.99999999999999,Andaman and Nicobar,8,2021,12.184401,28.066467,1006.65063,7.5218635,-1.2596455,-0.02532959,8.365996,27.87149,1007.0504,3.8184042,0.1949768,3.8184042,0.1949768,False,False,False,False,False,False,test,no_reliable_analogs,,,,,0,,
2021-09-25 00:00:00,2021-09-28 00:00:00,3,25.49999999999999,94.5,Manipur,9,2021,2.6961088,18.947815,1011.1878,1.0609872,-0.46136975,-0.02267456,1.8338624,21.523346,1012.3153,0.8622464,-2.575531,0.8622464,2.575531,False,False,False,False,False,False,test,ok,0.0,0.0,1.6360618352890015,2.267144775390625,10,0.2890959233045578,0.18851637840270996
2021-06-17 00:00:00,2021-06-20 00:00:00,3,22.5,69.0,Gujarat,6,2021,2.0889277,28.491913,1002.6409,7.5030947,0.43886793,0.33529663,2.7829475,28.906403,1001.9836,-0.6940198,-0.41448975,0.6940198,0.41448975,False,False,False,False,False,False,test,ok,0.0,0.0,0.34397172401659193,0.4771484375,10,0.4361958146095276,0.36805954575538635
2021-09-24 12:00:00,2021-09-27 12:00:00,3,26.999999999999996,73.5,Rajasthan,9,2021,2.6782167,28.25,1003.36206,2.8182237,-0.40142417,-0.313385,5.2430825,28.742859,1003.7244,-2.5648658,-0.4928589,2.5648658,0.4928589,False,False,False,False,False,False,test,ok,0.0,0.1,1.4670012647868134,1.856317138671875,10,0.3894569635391235,0.3228680193424225
2021-06-07 00:00:00,2021-06-10 00:00:00,3,14.999999999999996,78.0,Andhra Pradesh,6,2021,0.73950154,24.721863,1005.7043,4.804965,0.003371954,0.15048218,1.3920375,26.686188,1004.89014,-0.652536,-1.964325,0.652536,1.964325,False,False,False,True,False,False,test,ok,0.0,0.1,0.8976920209825039,1.9176361083984375,10,0.30964661240577696,0.25010591745376587
2021-07-26 00:00:00,2021-07-29 00:00:00,3,22.5,70.49999999999999,Gujarat,7,2021,1.0107337,26.503418,1000.1947,7.8000784,-0.38958204,0.02859497,0.95287955,27.361328,999.84186,0.057854176,-0.85791016,0.057854176,0.85791016,False,False,False,False,False,False,test,ok,0.0,0.0,1.1597372472286225,0.98109130859375,10,0.261841157823801,0.12492593377828598
2021-08-23 00:00:00,2021-08-26 00:00:00,3,24.0,85.5,Jharkhand,8,2021,10.552506,24.5932,1001.26953,2.293229,-0.64309597,0.34481812,18.242445,26.085297,1000.3672,-7.6899385,-1.492096,7.6899385,1.492096,False,False,False,False,False,False,test,ok,0.0,0.0,4.117706441879273,1.4587432861328125,10,0.4593030631542206,0.3159465789794922
2021-07-27 00:00:00,2021-07-30 00:00:00,3,22.5,74.99999999999999,Madhya Pradesh,7,2021,3.4225335,23.861908,1002.9369,5.61956,-0.47430372,0.09655762,6.283919,24.628021,1002.91693,-2.8613853,-0.7661133,2.8613853,0.7661133,False,False,False,False,False,False,test,ok,0.0,0.0,3.519411450624466,1.6971527099609376,10,0.3795354515314102,0.2774896025657654
2021-06-26 00:00:00,2021-06-29 00:00:00,3,28.499999999999982,88.49999999999999,Sikkim,6,2021,5.36704,5.100586,1013.9489,0.7751507,1.0355544,-0.18441772,18.599625,6.187195,1013.0554,-13.232584,-1.0866089,13.232584,1.0866089,False,False,False,False,False,False,test,no_reliable_analogs,,,,,0,,
2021-09-01 12:00:00,2021-09-04 12:00:00,3,7.499999999999991,92.99999999999999,Andaman and Nicobar,9,2021,4.1243033,27.707153,1007.9147,8.181432,-0.2300353,-0.3595581,0.49946254,28.210663,1007.89294,3.6248407,-0.5035095,3.6248407,0.5035095,False,False,False,False,False,False,test,no_reliable_analogs,,,,,0,,
2021-09-12 12:00:00,2021-09-15 12:00:00,3,20.999999999999993,74.99999999999999,Maharashtra,9,2021,9.186528,26.687775,999.67084,4.895113,0.98128986,-0.32925415,1.5062424,27.220581,1003.00604,7.680286,-0.5328064,7.680286,0.5328064,False,False,False,False,False,False,test,no_reliable_analogs,,,,,0,,
2021-09-25 12:00:00,2021-09-28 12:00:00,3,13.5,74.99999999999999,Karnataka,9,2021,14.90473,23.255371,1007.5188,4.4632154,1.4843311,-0.06674194,11.492144,24.972443,1006.83984,3.4125862,-1.7170715,3.4125862,1.7170715,False,False,False,False,False,False,test,ok,0.0,0.0,4.948841381072998,1.2094085693359375,10,0.4210865437984467,0.36039236187934875
2021-07-18 12:00:00,2021-07-21 12:00:00,3,10.499999999999996,79.49999999999999,Tamil Nadu,7,2021,0.17686065,31.150024,1005.56506,5.3247905,0.07131344,-0.34326172,0.33281326,31.2099,1005.4751,-0.15595262,-0.05987549,0.15595262,0.05987549,False,False,False,False,False,False,test,ok,0.0,0.0,1.0763066453593118,0.39296177455357145,7,0.260098540357181,0.17756043374538422
2021-06-13 00:00:00,2021-06-16 00:00:00,3,24.0,73.5,Rajasthan,6,2021,1.1880026,26.270355,997.9934,3.9129694,0.57854086,-0.41552734,0.022353644,27.967804,998.2596,1.1656489,-1.6974487,1.1656489,1.6974487,False,False,False,False,False,False,test,ok,0.4,0.0,7.112701226770878,1.33526611328125,5,0.45132309198379517,0.3763537108898163
2021-07-19 00:00:00,2021-07-22 00:00:00,3,20.999999999999993,73.5,Gujarat,7,2021,11.301877,25.40091,1001.12866,5.9442263,-5.1248446,-0.03652954,15.114408,25.852234,1001.0593,-3.8125305,-0.45132446,3.8125305,0.45132446,False,False,False,False,False,False,test,no_reliable_analogs,,,,,0,,
2021-09-14 00:00:00,2021-09-17 00:00:00,3,29.999999999999993,74.99999999999999,Punjab,9,2021,0.8289832,25.206207,1002.45,1.595465,-0.91257083,-0.8760681,0.31534263,26.075897,1003.1418,0.5136405,-0.86968994,0.5136405,0.86968994,False,False,False,False,False,False,test,ok,0.0,0.2,0.3485307894909056,1.921026611328125,10,0.44777088761329653,0.3619404137134552
2021-06-07 12:00:00,2021-06-10 12:00:00,3,26.999999999999996,81.0,Uttar Pradesh,6,2021,0.3101609,35.215057,994.30994,2.6596332,0.22268942,-1.1607666,1.4183074,30.360077,996.6214,-1.1081465,4.8549805,1.1081465,4.8549805,False,True,False,True,False,False,test,ok,0.0,0.0,4.971170725197428,0.5482584635416666,9,0.4936593804094527,0.36117681860923767
2021-06-17 00:00:00,2021-06-20 00:00:00,3,31.499999999999993,78.0,Himachal Pradesh,6,2021,3.1316597,3.289215,1012.11163,1.0506134,0.73335075,-0.07424927,4.272728,5.364502,1012.1573,-1.1410682,-2.0752869,1.1410682,2.0752869,False,False,False,False,False,False,test,ok,0.0,0.2,1.337068098783493,1.3654998779296874,10,0.3235031247138977,0.18183521926403046
2021-07-06 00:00:00,2021-07-09 00:00:00,3,24.0,78.0,Madhya Pradesh,7,2021,3.5802488,26.589417,1002.0985,3.000459,1.5462477,-0.67004395,16.432873,26.32956,1002.47626,-12.852624,0.25985718,12.852624,0.25985718,False,False,True,False,False,False,test,ok,0.0,0.0,4.000276255607605,1.84295654296875,10,0.36976476311683654,0.2536475956439972
2021-06-20 00:00:00,2021-06-23 00:00:00,3,11.999999999999991,74.99999999999999,Kerala,6,2021,9.6122675,25.018616,1009.4827,2.9914582,-4.735712,0.07901001,3.5305877,25.520386,1009.1049,6.08168,-0.50177,6.08168,0.50177,False,False,False,False,False,False,test,no_reliable_analogs,,,,,0,,
2021-07-28 12:00:00,2021-07-31 12:00:00,3,11.999999999999991,73.5,Lakshadweep,7,2021,1.1136343,27.056976,1010.4391,7.9732633,-0.1483661,-0.61813354,0.8014586,27.965942,1010.65845,0.31217575,-0.90896606,0.31217575,0.90896606,False,False,False,False,False,False,test,no_reliable_analogs,,,,,0,,
2021-06-16 00:00:00,2021-06-19 00:00:00,3,20.999999999999993,72.0,Gujarat,6,2021,6.2157373,26.919098,1003.77655,6.0567784,-1.3562942,0.26193237,5.3852797,27.74295,1002.8976,0.8304577,-0.82385254,0.8304577,0.82385254,False,False,False,False,False,False,test,ok,0.0,0.0,1.8113874197006226,0.468988037109375,10,0.4343030661344528,0.3517158627510071
2021-07-24 12:00:00,2021-07-27 12:00:00,3,29.999999999999993,81.0,Uttarakhand,7,2021,7.6518664,14.949646,1001.7575,1.4185762,-0.17757511,0.2506714,6.1315227,16.24768,1002.27954,1.5203438,-1.2980347,1.5203438,1.2980347,False,False,False,False,False,False,test,no_reliable_analogs,,,,,0,,
2021-07-10 00:00:00,2021-07-13 00:00:00,3,20.999999999999993,83.99999999999999,Odisha,7,2021,2.783518,24.665192,1001.661,2.3906326,-2.655431,0.4156494,2.1646063,27.181122,1002.2648,0.61891174,-2.5159302,0.61891174,2.5159302,False,False,False,False,False,False,test,ok,0.1,0.1,6.119497680664063,1.5683746337890625,10,0.4556796669960022,0.3660862147808075
2021-09-08 12:00:00,2021-09-11 12:00:00,3,28.499999999999982,73.5,Rajasthan,9,2021,4.2340264,29.697418,998.65063,5.675763,-2.4403052,0.5694275,14.0235,27.514954,1000.6424,-9.7894745,2.1824646,9.7894745,2.1824646,False,False,True,False,False,False,test,no_reliable_analogs,,,,,0,,
2021-08-24 12:00:00,2021-08-27 12:00:00,3,20.999999999999993,88.49999999999999,West Bengal,8,2021,9.276745,28.523193,1002.29376,5.119166,4.9954553,0.00018310547,35.225834,27.940826,1001.2356,-25.94909,0.58236694,25.94909,0.58236694,False,False,True,False,False,False,test,ok,0.0,0.0,6.423316621780396,0.222943115234375,5,0.5206080257892609,0.38933491706848145
2021-07-05 00:00:00,2021-07-08 00:00:00,3,16.499999999999993,74.99999999999999,Karnataka,7,2021,11.087263,22.5466,1006.6456,3.0758002,3.0057907,-0.15710449,10.67282,24.028046,1007.81384,0.41444302,-1.4814453,0.41444302,1.4814453,False,False,False,False,False,False,test,ok,0.0,0.0,4.166144371032715,1.6958984375,5,0.38626952171325685,0.3195951282978058
2021-06-16 00:00:00,2021-06-19 00:00:00,3,28.499999999999982,76.5,Haryana,6,2021,0.20877796,28.075409,1000.0532,2.250836,0.18023974,-0.5446472,0.56929815,27.753296,1000.34546,-0.36052018,0.32211304,0.36052018,0.32211304,False,False,False,False,False,False,test,ok,0.0,0.0,0.21068208470824173,1.60458984375,10,0.3714774250984192,0.20744624733924866
2021-09-03 12:00:00,2021-09-06 12:00:00,3,28.499999999999982,72.0,Rajasthan,9,2021,0.022364063,37.077484,1000.72595,2.5816057,0.0052251276,-1.5713806,0.0065606874,39.33249,1000.163,0.015803376,-2.255005,0.015803376,2.255005,False,False,False,False,False,False,test,ok,0.0,0.0,0.22284026741981505,1.137481689453125,5,0.4200003743171692,0.34657904505729675
2021-08-13 12:00:00,2021-08-16 12:00:00,3,16.499999999999993,82.5,Andhra Pradesh,8,2021,16.134977,28.047363,1002.8158,7.23252,-6.421995,-0.49346924,33.67921,28.532227,1002.88104,-17.544233,-0.48486328,17.544233,0.48486328,False,False,True,False,False,False,test,no_reliable_analogs,,,,,0,,
2021-07-28 12:00:00,2021-07-31 12:00:00,3,34.49999999999999,78.0,Jammu and Kashmir,7,2021,3.517706,7.6364746,1008.26697,1.7050776,-2.7309732,0.30343628,7.705267,8.486206,1009.354,-4.187561,-0.84973145,4.187561,0.84973145,False,False,False,False,False,False,test,ok,0.0,0.0,1.0524078905582428,1.2990150451660156,8,0.3890506327152252,0.34986454248428345
2021-09-05 12:00:00,2021-09-08 12:00:00,3,28.499999999999982,74.99999999999999,Rajasthan,9,2021,0.6063519,30.94461,1000.61993,4.8057036,-0.34278154,-0.24261475,0.27177587,32.37979,1001.80475,0.33457604,-1.4351807,0.33457604,1.4351807,False,False,False,False,False,False,test,ok,0.0,0.0,0.4319978401811871,0.956268310546875,9,0.40615302986568874,0.2585757374763489
2021-08-30 00:00:00,2021-09-02 00:00:00,3,26.999999999999996,88.49999999999999,West Bengal,9,2021,18.109535,17.912048,1010.1386,0.82379913,-1.8019485,0.007019043,14.525985,19.037354,1010.5249,3.5835505,-1.1253052,3.5835505,1.1253052,False,False,False,False,False,False,test,ok,0.0,0.0,4.359060621261596,1.6124725341796875,10,0.4305316358804703,0.33110201358795166
2021-09-24 12:00:00,2021-09-27 12:00:00,3,18.0,82.5,Andhra Pradesh,9,2021,10.650734,25.105255,1001.85376,1.6512636,4.413305,-0.47277832,105.05522,24.662415,1000.1325,-94.40449,0.44284058,94.40449,0.44284058,True,False,True,False,True,False,test,no_reliable_analogs,,,,,0,,
2021-06-19 00:00:00,2021-06-22 00:00:00,3,36.0,78.0,Jammu and Kashmir,6,2021,3.0735016,-7.3173523,1022.5291,0.9915021,0.7463157,-0.13015747,3.295041,-7.8647156,1022.2053,-0.2215395,0.5473633,0.2215395,0.5473633,False,False,False,False,False,False,test,ok,0.0,0.0,0.7347854837775231,0.975274658203125,10,0.3382037550210953,0.21975760161876678
2021-07-14 12:00:00,2021-07-17 12:00:00,3,28.499999999999982,76.5,Haryana,7,2021,0.9407772,35.975525,998.24554,1.8686852,0.5527632,0.06466675,1.0143148,36.70575,998.0959,-0.07353759,-0.7302246,0.07353759,0.7302246,False,False,False,False,False,False,test,no_reliable_analogs,,,,,0,,
2021-07-23 12:00:00,2021-07-26 12:00:00,3,28.499999999999982,88.49999999999999,Sikkim,7,2021,8.876867,8.042633,1008.25116,1.4288336,0.7337837,-0.6437988,18.214417,9.268158,1009.27936,-9.337549,-1.2255249,9.337549,1.2255249,False,False,False,False,False,False,test,no_reliable_analogs,,,,,0,,
2021-08-19 12:00:00,2021-08-22 12:00:00,3,16.499999999999993,79.49999999999999,Andhra Pradesh,8,2021,11.879042,27.543823,1005.4268,1.4026512,6.994634,-0.6218262,2.3469172,31.624634,1005.2478,9.5321245,-4.0808105,9.5321245,4.0808105,False,True,True,True,False,False,test,no_reliable_analogs,,,,,0,,
2021-08-18 00:00:00,2021-08-21 00:00:00,3,25.49999999999999,82.5,Uttar Pradesh,8,2021,10.048704,25.802094,1004.5053,2.8425996,-1.5456944,-0.040893555,12.293994,27.191986,1005.54626,-2.2452898,-1.3898926,2.2452898,1.3898926,False,False,False,False,False,False,test,ok,0.0,0.1,6.576892328262329,1.747955322265625,10,0.4927667826414108,0.39779871702194214
2021-07-17 12:00:00,2021-07-20 12:00:00,3,28.499999999999982,70.49999999999999,Rajasthan,7,2021,0.03866825,38.79138,991.1289,4.816491,0.01844191,0.09738159,0.03992029,36.830627,993.08093,-0.0012520403,1.9607544,0.0012520403,1.9607544,False,False,False,False,False,False,test,ok,0.0,0.2,0.041211085471513795,2.13944091796875,10,0.4352287858724594,0.23795011639595032
2021-08-01 00:00:00,2021-08-04 00:00:00,3,25.49999999999999,83.99999999999999,Bihar,8,2021,0.77251655,26.633118,1001.56586,1.5231441,-1.4021916,0.16177368,1.1698925,27.816132,1001.9529,-0.397376,-1.1830139,0.397376,1.1830139,False,False,False,False,False,False,test,ok,0.0,0.1,1.264772316813469,2.0603424072265626,10,0.39542592167854307,0.3125619888305664
2021-06-04 12:00:00,2021-06-07 12:00:00,3,9.0,76.5,Kerala,6,2021,5.045279,26.378113,1009.1078,4.5940022,-6.2256675,0.71606445,3.1854322,28.149689,1008.4447,1.8598468,-1.7715759,1.8598468,1.7715759,False,False,False,False,False,False,test,no_reliable_analogs,,,,,0,,
2021-06-24 00:00:00,2021-06-27 00:00:00,3,22.5,88.49999999999999,West Bengal,6,2021,4.0045896,26.836914,1004.15607,2.7669246,-4.7040534,0.14187622,1.7285283,28.695496,1005.4989,2.2760613,-1.8585815,2.2760613,1.8585815,False,False,False,False,False,False,test,ok,0.0,0.0,1.3979603449503581,1.2711859809027777,9,0.5541598300139109,0.450499564409256
2021-07-31 12:00:00,2021-08-03 12:00:00,3,22.5,76.5,Madhya Pradesh,8,2021,19.676258,25.003296,1001.62854,5.637873,11.208612,-1.3145142,3.378963,26.49524,1002.90265,16.297295,-1.4919434,16.297295,1.4919434,False,False,False,False,False,False,test,no_reliable_analogs,,,,,0,,
2021-07-20 12:00:00,2021-07-23 12:00:00,3,25.49999999999999,74.99999999999999,Rajasthan,7,2021,15.997168,28.30484,995.6609,2.7635772,7.4116936,-0.109313965,13.436068,27.934174,996.69727,2.5611,0.3706665,2.5611,0.3706665,False,False,False,False,False,False,test,no_reliable_analogs,,,,,0,,
2021-07-11 12:00:00,2021-07-14 12:00:00,3,19.499999999999996,76.5,Maharashtra,7,2021,74.434975,26.01297,998.85516,3.4093366,34.581722,-0.689209,43.341644,26.785675,1000.2536,31.09333,-0.7727051,31.09333,0.7727051,True,False,True,False,False,True,test,no_reliable_analogs,,,,,0,,
2021-09-10 00:00:00,2021-09-13 00:00:00,3,10.499999999999996,76.5,Kerala,9,2021,14.085597,22.681732,1009.25195,2.62275,-3.8370657,0.0035095215,16.558336,23.590393,1008.65515,-2.4727392,-0.9086609,2.4727392,0.9086609,False,False,False,False,False,False,test,ok,0.0,0.0,4.322863006591797,1.322161865234375,5,0.3900656640529633,0.36022114753723145
2021-07-15 12:00:00,2021-07-18 12:00:00,3,18.0,79.49999999999999,Andhra Pradesh,7,2021,6.859702,29.317902,999.97174,1.3950605,-3.7678175,0.6687317,3.928855,29.59198,1001.17633,2.9308472,-0.27407837,2.9308472,0.27407837,False,False,False,False,False,False,test,no_reliable_analogs,,,,,0,,
2021-07-15 00:00:00,2021-07-18 00:00:00,3,19.499999999999996,82.5,Odisha,7,2021,2.0144432,23.51175,1004.7775,2.6180313,-0.46259832,0.15292358,0.67836213,26.874207,1005.10205,1.336081,-3.3624573,1.336081,3.3624573,False,True,False,True,False,False,test,ok,0.1,0.0,2.8594797432422636,1.83682861328125,10,0.3683136135339737,0.2538752853870392
2021-08-15 12:00:00,2021-08-18 12:00:00,3,34.49999999999999,76.5,Jammu and Kashmir,8,2021,0.04511947,10.731293,1011.02655,1.5212795,-0.03574173,0.2576294,0.22396792,12.716064,1010.82697,-0.17884845,-1.9847717,0.17884845,1.9847717,False,False,False,False,False,False,test,ok,0.0,0.2,0.5338248975574971,2.2999053955078126,10,0.3514813661575317,0.18556001782417297
2021-09-01 12:00:00,2021-09-04 12:00:00,3,22.5,69.0,Gujarat,9,2021,62.6409,26.989105,1000.724,9.0969305,39.485535,-0.0496521,16.380548,27.499664,1001.71423,46.260353,-0.5105591,46.260353,0.5105591,False,False,True,False,False,False,test,no_reliable_analogs,,,,,0,,
2021-06-26 00:00:00,2021-06-29 00:00:00,3,11.999999999999991,79.49999999999999,Tamil Nadu,6,2021,0.055327993,26.38385,1006.67084,2.7414303,-1.5366355,0.45199585,0.10373197,27.311066,1006.9724,-0.048403975,-0.9272156,0.048403975,0.9272156,False,False,False,False,False,False,test,no_reliable_analogs,,,,,0,,
2021-07-28 12:00:00,2021-07-31 12:00:00,3,28.499999999999982,97.49999999999999,Arunachal Pradesh,7,2021,20.161991,10.459015,1010.8722,0.67703897,2.7237282,0.017944336,7.857995,11.432556,1011.4883,12.303996,-0.97354126,12.303996,0.97354126,False,False,False,False,False,False,test,ok,0.0,0.0,8.568354320526122,1.0255340576171874,10,0.35747327506542204,0.16710394620895386
2021-08-18 00:00:00,2021-08-21 00:00:00,3,28.499999999999982,76.5,Haryana,8,2021,3.6207023,26.049835,1004.29,2.9263384,0.55439615,0.034301758,9.556475,26.471863,1004.1356,-5.9357724,-0.4220276,5.9357724,0.4220276,False,False,True,False,False,False,test,ok,0.0,0.2,1.8806738290470093,2.094805908203125,10,0.40014530420303346,0.17137208580970764
2021-07-02 12:00:00,2021-07-05 12:00:00,3,34.49999999999999,73.5,Jammu and Kashmir,7,2021,1.4578559,22.694427,1007.2339,1.4340813,-0.0029449463,-0.2831421,4.453062,21.911835,1008.3438,-2.995206,0.7825928,2.995206,0.7825928,False,False,False,False,False,False,test,no_reliable_analogs,,,,,0,,
2021-07-20 00:00:00,2021-07-23 00:00:00,3,26.999999999999996,81.0,Uttar Pradesh,7,2021,15.892791,25.917786,995.96594,3.295112,5.619733,-0.20526123,11.101471,28.380249,997.11017,4.79132,-2.4624634,4.79132,2.4624634,False,False,False,False,False,False,test,ok,0.0,0.2,6.388135528564453,2.014581298828125,10,0.43366327583789827,0.3052142560482025
2021-08-16 00:00:00,2021-08-19 00:00:00,3,31.499999999999993,74.99999999999999,Punjab,8,2021,0.0056161126,27.17276,1000.3158,2.0408382,-0.024940114,-0.060150146,0.15158708,28.974945,1000.12616,-0.14597097,-1.802185,0.14597097,1.802185,False,False,False,False,False,False,test,ok,0.0,0.0,0.9198566019535065,1.1789703369140625,10,0.2843358889222145,0.09593459963798523
2021-06-21 00:00:00,2021-06-24 00:00:00,3,28.499999999999982,91.5,Arunachal Pradesh,6,2021,2.5109172,4.8460693,1014.3426,1.5182623,-0.28650904,-0.14004517,2.670794,4.455902,1015.7051,-0.15987682,0.39016724,0.15987682,0.39016724,False,False,False,False,False,False,test,ok,0.0,0.0,1.9665730118751525,1.1625396728515625,10,0.26092637330293655,0.15391193330287933
2021-08-06 12:00:00,2021-08-09 12:00:00,3,25.49999999999999,83.99999999999999,Bihar,8,2021,11.620846,29.772797,1000.1168,1.6972959,2.1608696,-1.1044312,18.239855,29.898499,1000.9405,-6.619009,-0.1257019,6.619009,0.1257019,False,False,False,False,False,False,test,no_reliable_analogs,,,,,0,,
2021-09-28 00:00:00,2021-10-01 00:00:00,3,25.49999999999999,70.49999999999999,Rajasthan,10,2021,3.8781693,25.241028,1006.3585,4.416145,0.32280612,-0.10293579,3.4266572,26.694336,1007.75507,0.4515121,-1.4533081,0.4515121,1.4533081,False,False,False,False,False,False,test,ok,0.0,0.0,0.009871634380397154,1.1604400634765626,10,0.44783044159412383,0.35298100113868713
2021-06-23 00:00:00,2021-06-26 00:00:00,3,10.499999999999996,78.0,Tamil Nadu,6,2021,0.0203923,24.115753,1007.04156,3.56957,0.006500559,0.20254517,0.024729861,25.835144,1007.48,-0.0043375604,-1.7193909,0.0043375604,1.7193909,False,False,False,False,False,False,test,ok,0.0,0.0,1.3364480786025523,1.8257171630859375,10,0.24543630182743073,0.2247253656387329
2021-06-26 12:00:00,2021-06-29 12:00:00,3,28.499999999999982,72.0,Rajasthan,6,2021,0.0,43.875336,996.05853,4.510961,0.0,0.13293457,2.4214385e-05,44.76645,997.6217,-2.4214385e-05,-0.8911133,2.4214385e-05,0.8911133,False,False,False,False,False,False,test,ok,0.0,0.0,0.29430962417754924,1.277679443359375,10,0.38686282336711886,0.3131556808948517
2021-07-22 12:00:00,2021-07-25 12:00:00,3,9.0,79.49999999999999,Tamil Nadu,7,2021,0.14528197,28.559723,1005.6189,8.817285,0.03999368,-0.020812988,1.0264368,28.957458,1006.595,-0.88115484,-0.3977356,0.88115484,0.3977356,False,False,False,False,False,False,test,ok,0.0,0.0,1.162179039232433,0.4726165771484375,10,0.22485142797231675,0.1496349275112152
2021-07-09 00:00:00,2021-07-12 00:00:00,3,20.999999999999993,76.5,Maharashtra,7,2021,18.064245,24.398499,999.8353,1.591613,5.4534817,0.05026245,14.678673,25.943481,1001.2435,3.3855724,-1.5449829,3.3855724,1.5449829,False,False,False,False,False,False,test,no_reliable_analogs,,,,,0,,
2021-08-26 12:00:00,2021-08-29 12:00:00,3,25.49999999999999,70.49999999999999,Rajasthan,8,2021,0.004467038,35.723938,999.1018,4.877569,0.0019107612,-0.113098145,0.00023825698,36.562805,1000.0514,0.004228781,-0.8388672,0.004228781,0.8388672,False,False,False,False,False,False,test,ok,0.0,0.1,0.7908473284143838,1.0308319091796876,10,0.42141174972057344,0.21618342399597168
2021-07-17 00:00:00,2021-07-20 00:00:00,3,26.999999999999996,81.0,Uttar Pradesh,7,2021,26.559732,25.461609,999.1979,1.4903457,8.2475605,-0.32437134,13.268556,27.367523,998.9615,13.291177,-1.9059143,13.291177,1.9059143,False,False,True,False,False,False,test,ok,0.0,0.0,9.650387446085611,0.8736673990885416,6,0.550066813826561,0.4916047751903534
2021-09-25 12:00:00,2021-09-28 12:00:00,3,25.49999999999999,92.99999999999999,Assam,9,2021,1.7433953,26.387115,1006.5912,1.3558606,-0.5717175,0.2710266,10.16931,28.116516,1007.6986,-8.425915,-1.7294006,8.425915,1.7294006,False,False,False,False,False,False,test,ok,0.0,0.0,0.9688572227954865,2.265472412109375,10,0.3873030185699463,0.2747395932674408
2021-09-27 00:00:00,2021-09-30 00:00:00,3,25.49999999999999,91.5,Meghalaya,9,2021,6.9084325,22.278564,1011.07007,1.0661085,0.67769337,0.061523438,6.8142953,24.894318,1011.1969,0.09413719,-2.6157532,0.09413719,2.6157532,False,False,False,False,False,False,test,ok,0.0,0.1,2.515812802314758,2.25599365234375,10,0.3803308755159378,0.23020783066749573
2021-09-17 00:00:00,2021-09-20 00:00:00,3,16.499999999999993,73.5,Maharashtra,9,2021,4.606138,24.193176,1010.157,1.8118829,-0.044522285,0.014404297,2.3457797,25.237122,1010.4034,2.2603586,-1.0439453,2.2603586,1.0439453,False,False,False,False,False,False,test,ok,0.1,0.0,7.070592856407165,1.0108062744140625,10,0.3440512716770172,0.2762276530265808
2021-09-27 12:00:00,2021-09-30 12:00:00,3,11.999999999999991,72.0,Lakshadweep,9,2021,2.9808426,27.018799,1007.94586,5.895592,-1.5075269,-0.48287964,5.8945823,27.80423,1008.076,-2.9137397,-0.7854309,2.9137397,0.7854309,False,False,False,False,False,False,test,ok,0.0,0.0,0.7777594566345215,0.3809967041015625,10,0.35508238077163695,0.3105211555957794
2021-07-02 00:00:00,2021-07-05 00:00:00,3,25.49999999999999,82.5,Uttar Pradesh,7,2021,0.033655252,28.72467,999.9104,2.80971,0.033655252,-1.0718689,1.8452522,29.081268,1002.16095,-1.8115969,-0.3565979,1.8115969,0.3565979,False,False,False,False,False,False,test,no_reliable_analogs,,,,,0,,
2021-08-18 00:00:00,2021-08-21 00:00:00,3,26.999999999999996,94.5,Assam,8,2021,11.053015,23.887299,1009.2099,1.4522929,3.6454759,-0.28396606,5.886873,25.206696,1010.0564,5.166142,-1.319397,5.166142,1.319397,False,False,False,False,False,False,test,no_reliable_analogs,,,,,0,,
2021-06-24 12:00:00,2021-06-27 12:00:00,3,28.499999999999982,94.5,Arunachal Pradesh,6,2021,42.455925,18.765411,1006.8953,0.88131106,-7.1058884,-0.005065918,20.67307,18.8909,1008.8706,21.782854,-0.12548828,21.782854,0.12548828,False,False,True,False,False,False,test,no_reliable_analogs,,,,,0,,
2021-08-08 12:00:00,2021-08-11 12:00:00,3,28.499999999999982,79.49999999999999,Uttar Pradesh,8,2021,0.77797776,31.917603,998.3622,3.4500427,-0.4302804,-0.011138916,2.6361682,32.889465,999.96344,-1.8581905,-0.9718628,1.8581905,0.9718628,False,False,False,False,False,False,test,ok,0.0,0.0,0.9139055699110031,0.9758697509765625,10,0.38817650377750396,0.3198084831237793
2021-07-20 12:00:00,2021-07-23 12:00:00,3,26.999999999999996,83.99999999999999,Uttar Pradesh,7,2021,6.7242694,29.804901,995.59546,3.2337697,-1.2994542,0.55236816,3.4086132,33.55136,994.8033,3.3156562,-3.74646,3.3156562,3.74646,False,True,False,True,False,False,test,ok,0.0,0.0,5.713723874092102,0.83929443359375,10,0.45448461174964905,0.35211649537086487
2021-06-15 12:00:00,2021-06-18 12:00:00,3,11.999999999999991,94.5,Andaman and Nicobar,6,2021,6.089712,27.396393,1009.4712,6.961751,-2.3568277,-1.0949402,1.326457,28.631287,1009.459,4.763255,-1.2348938,4.763255,1.2348938,False,False,False,False,False,False,test,no_reliable_analogs,,,,,0,,
2021-09-16 00:00:00,2021-09-19 00:00:00,3,29.999999999999993,73.5,Rajasthan,9,2021,0.0005795815,27.077576,1005.4339,2.1542838,-0.007819001,0.13427734,0.013551374,27.935028,1006.409,-0.012971792,-0.8574524,0.012971792,0.8574524,False,False,False,False,False,False,test,ok,0.0,0.1,0.10985864214599132,1.570703125,10,0.3732492923736572,0.29248324036598206
2021-09-23 12:00:00,2021-09-26 12:00:00,3,26.999999999999996,72.0,Rajasthan,9,2021,0.6264262,30.61029,1002.94666,2.1678257,0.08586323,0.15917969,0.44972658,33.07193,1003.07513,0.17669964,-2.4616394,0.17669964,2.4616394,False,False,False,False,False,False,test,ok,0.0,0.3,0.3471841084305197,2.134765625,10,0.39094964414834976,0.2351527363061905
2021-06-23 12:00:00,2021-06-26 12:00:00,3,22.5,82.5,Chhattisgarh,6,2021,8.722435,28.517365,1000.7283,1.7536054,6.813607,-0.90026855,23.925838,27.493896,1001.72943,-15.203403,1.023468,15.203403,1.023468,False,False,False,False,False,False,test,no_reliable_analogs,,,,,0,,
2021-08-01 12:00:00,2021-08-04 12:00:00,3,18.0,81.0,Chhattisgarh,8,2021,0.9195496,30.697388,1003.45135,2.2942445,0.35873944,-0.2690735,1.2954096,31.495514,1003.9606,-0.37585998,-0.7981262,0.37585998,0.7981262,False,False,False,False,False,False,test,ok,0.0,0.0,0.5738877892494202,1.1314117431640625,10,0.32926632314920423,0.18795882165431976
2021-07-12 00:00:00,2021-07-15 00:00:00,3,26.999999999999996,85.5,Bihar,7,2021,8.007982,23.942291,1005.5881,2.614249,-2.3238955,0.08874512,14.214518,25.419128,1006.1122,-6.2065353,-1.4768372,6.2065353,1.4768372,False,False,False,False,False,False,test,ok,0.0,0.0,3.3546748638153074,1.7515228271484375,10,0.4962062507867813,0.40152856707572937
2021-08-03 12:00:00,2021-08-06 12:00:00,3,24.0,72.0,Gujarat,8,2021,0.32479498,31.404327,999.7569,3.768734,0.0024968088,-0.09384155,0.09330787,32.726715,1000.7564,0.23148711,-1.3223877,0.23148711,1.3223877,False,False,False,False,False,False,test,ok,0.0,0.0,0.8260620400309563,1.488641357421875,10,0.4741266667842865,0.31556203961372375
2021-09-27 12:00:00,2021-09-30 12:00:00,3,24.0,70.49999999999999,Gujarat,9,2021,15.494099,28.008728,1003.02594,6.320513,3.0034494,-0.49819946,33.039375,29.08133,1004.4832,-17.545277,-1.0726013,17.545277,1.0726013,False,False,True,False,False,False,test,no_reliable_analogs,,,,,0,,
2021-09-25 12:00:00,2021-09-28 12:00:00,3,26.999999999999996,88.49999999999999,West Bengal,9,2021,9.88572,19.39444,1010.93915,1.0138903,5.1810308,-0.9161377,9.039185,20.810638,1011.41766,0.8465357,-1.4161987,0.8465357,1.4161987,False,False,False,False,False,False,test,no_reliable_analogs,,,,,0,,
2021-08-06 00:00:00,2021-08-09 00:00:00,3,28.499999999999982,92.99999999999999,Arunachal Pradesh,8,2021,8.105722,8.542084,1014.60443,0.6767444,0.20236349,-0.20266724,11.668684,9.963684,1014.8045,-3.5629616,-1.4216003,3.5629616,1.4216003,False,False,False,False,False,False,test,ok,0.0,0.1,1.9508139133453368,2.1604034423828127,10,0.37014569491147997,0.21407391130924225
2021-06-19 12:00:00,2021-06-22 12:00:00,3,26.999999999999996,94.5,Assam,6,2021,16.76237,27.261627,1002.4232,0.8646409,3.0692453,0.19909668,13.200465,30.394806,1002.50354,3.561904,-3.1331787,3.561904,3.1331787,False,True,False,True,False,False,test,ok,0.0,0.1111111111111111,6.891450881958008,1.4344143337673612,9,0.5188188751538595,0.391769677400589
2021-09-06 00:00:00,2021-09-09 00:00:00,3,32.999999999999986,78.0,Jammu and Kashmir,9,2021,2.3104303,1.1373901,1018.05804,0.5457657,-0.4415517,0.36410522,4.9702315,1.3654785,1018.6096,-2.6598012,-0.22808838,2.6598012,0.22808838,False,False,False,False,False,False,test,ok,0.0,0.125,0.7481240849010646,1.8581504821777344,8,0.3594289869070053,0.20121538639068604
2021-09-26 00:00:00,2021-09-29 00:00:00,3,26.999999999999996,72.0,Rajasthan,9,2021,0.3657363,26.305145,1004.2453,4.5128336,-0.48650676,0.032562256,0.3889352,26.928528,1005.4402,-0.023198903,-0.62338257,0.023198903,0.62338257,False,False,False,False,False,False,test,ok,0.0,0.1,0.10640139794886636,1.039959716796875,10,0.3270061105489731,0.26709118485450745
2021-09-20 00:00:00,2021-09-23 00:00:00,3,26.999999999999996,76.5,Rajasthan,9,2021,3.2865646,24.337097,1005.44257,2.6355937,-0.3273189,-0.17056274,7.0052056,25.539795,1004.92883,-3.718641,-1.2026978,3.718641,1.2026978,False,False,False,False,False,False,test,ok,0.0,0.0,1.8719276408781298,1.473822021484375,10,0.39651540517807005,0.29252904653549194
2021-08-07 00:00:00,2021-08-10 00:00:00,3,26.999999999999996,76.5,Rajasthan,8,2021,2.7783291,27.184875,1002.2542,4.222789,-1.1835563,0.90078735,1.9357048,27.41092,1003.3615,0.8426243,-0.2260437,0.8426243,0.2260437,False,False,False,False,False,False,test,no_reliable_analogs,,,,,0,,
2021-07-20 12:00:00,2021-07-23 12:00:00,3,18.0,83.99999999999999,Andhra Pradesh,7,2021,29.472397,29.330627,995.08765,8.585985,15.005054,0.49850464,12.7269745,28.300812,995.46674,16.745422,1.0298157,16.745422,1.0298157,False,False,True,False,False,False,test,no_reliable_analogs,,,,,0,,
2021-06-22 00:00:00,2021-06-25 00:00:00,3,24.0,83.99999999999999,Jharkhand,6,2021,31.728815,23.50653,1000.08203,2.338939,17.474663,-0.6380005,11.749565,25.51416,1000.5988,19.97925,-2.0076294,19.97925,2.0076294,False,False,True,False,False,False,test,no_reliable_analogs,,,,,0,,
2021-07-29 12:00:00,2021-08-01 12:00:00,3,28.499999999999982,88.49999999999999,Sikkim,8,2021,3.3449743,8.32193,1008.17084,2.5927742,0.8820677,-0.57650757,4.4746895,11.623199,1005.50696,-1.1297152,-3.3012695,1.1297152,3.3012695,False,True,False,True,False,False,test,ok,0.0,0.16666666666666666,3.810355305671692,2.204584757486979,6,0.3318935384353002,0.22347763180732727
2021-06-17 00:00:00,2021-06-20 00:00:00,3,18.0,82.5,Andhra Pradesh,6,2021,0.7636555,24.0802,1006.022,3.4339054,-0.32128674,-0.0025939941,1.3672539,25.92276,1006.5178,-0.6035984,-1.8425598,0.6035984,1.8425598,False,False,False,False,False,False,test,no_reliable_analogs,,,,,0,,
2021-06-06 12:00:00,2021-06-09 12:00:00,3,18.0,82.5,Andhra Pradesh,6,2021,4.34699,29.561554,1000.7991,3.0742235,0.728189,0.033691406,7.5581846,28.476562,1001.5804,-3.2111945,1.0849915,3.2111945,1.0849915,False,False,False,False,False,False,test,ok,0.0,0.1111111111111111,1.4935143225722842,1.0118306477864583,9,0.4132826758755578,0.2951260805130005
2021-06-04 12:00:00,2021-06-07 12:00:00,3,20.999999999999993,79.49999999999999,Maharashtra,6,2021,2.5086057,32.16867,1002.69147,2.4574306,1.5010052,-0.8564148,0.8485027,35.915527,1001.32245,1.6601031,-3.7468567,1.6601031,3.7468567,False,True,False,True,False,False,test,ok,0.0,0.0,2.1795634612441064,1.3254302978515624,10,0.4727685570716858,0.351889044046402
2021-09-03 12:00:00,2021-09-06 12:00:00,3,20.999999999999993,88.49999999999999,West Bengal,9,2021,17.47067,28.242065,1000.66077,9.125093,5.4640617,0.08340454,17.925627,28.165314,1000.8155,-0.45495605,0.07675171,0.45495605,0.07675171,False,False,False,False,False,False,test,no_reliable_analogs,,,,,0,,
2021-07-28 12:00:00,2021-07-31 12:00:00,3,25.49999999999999,82.5,Uttar Pradesh,7,2021,3.1561632,29.345795,997.0158,1.8311192,-5.5991564,0.1350708,12.637563,27.379944,993.55865,-9.4814,1.9658508,9.4814,1.9658508,False,False,False,False,False,False,test,no_reliable_analogs,,,,,0,,
2021-08-04 12:00:00,2021-08-07 12:00:00,3,32.999999999999986,73.5,Jammu and Kashmir,8,2021,1.6945174,31.682678,1000.8059,1.202858,0.3427006,-0.12854004,0.14832333,34.66208,1000.63873,1.5461941,-2.9794006,1.5461941,2.9794006,False,False,False,False,False,False,test,ok,0.0,0.0,0.4203288992866874,1.7751808166503906,8,0.3511350303888321,0.15131878852844238
2021-09-23 12:00:00,2021-09-26 12:00:00,3,14.999999999999996,73.5,Goa,9,2021,3.9890134,26.613953,1005.5096,5.2215953,0.17633605,-0.1895752,1.5691676,27.75116,1004.85657,2.4198458,-1.137207,2.4198458,1.137207,False,False,False,False,False,False,test,ok,0.0,0.0,3.0772685408592224,0.498712158203125,10,0.37296025156974794,0.27525594830513
2021-08-01 12:00:00,2021-08-04 12:00:00,3,32.999999999999986,76.5,Himachal Pradesh,8,2021,3.2473881,11.943115,1011.2175,1.1439117,-1.4226778,0.12509155,4.5743895,14.497711,1010.34216,-1.3270013,-2.554596,1.3270013,2.554596,False,False,False,False,False,False,test,ok,0.0,0.2,1.1916294395923615,2.2164642333984377,10,0.374735027551651,0.2593231201171875
2021-07-26 12:00:00,2021-07-29 12:00:00,3,34.49999999999999,74.99999999999999,Jammu and Kashmir,7,2021,11.759514,15.061829,1003.9816,1.2739263,-1.0113707,0.68685913,10.4151325,17.006897,1004.06366,1.3443813,-1.9450684,1.3443813,1.9450684,False,False,False,False,False,False,test,no_reliable_analogs,,,,,0,,
2021-07-07 00:00:00,2021-07-10 00:00:00,3,36.0,78.0,Jammu and Kashmir,7,2021,0.020914422,-4.6142883,1026.0624,1.1406007,-0.011783211,0.047332764,0.08524848,-6.623413,1025.539,-0.06433406,2.0091248,0.06433406,2.0091248,False,False,False,False,False,False,test,no_reliable_analogs,,,,,0,,
2021-08-29 00:00:00,2021-09-01 00:00:00,3,25.49999999999999,74.99999999999999,Rajasthan,9,2021,6.7693453,24.765717,1005.6799,2.4986858,1.2458873,-0.061920166,12.126232,25.445953,1005.9813,-5.356887,-0.6802368,5.356887,0.6802368,False,False,False,False,False,False,test,ok,0.0,0.0,2.949442005157471,1.4590545654296876,10,0.4451672226190567,0.32658639550209045
2021-08-28 00:00:00,2021-08-31 00:00:00,3,9.0,92.99999999999999,Andaman and Nicobar,8,2021,17.222301,27.515717,1009.20807,6.3583536,1.1042061,-0.04748535,5.8175387,26.875183,1009.4582,11.404762,0.64053345,11.404762,0.64053345,False,False,True,False,False,False,test,no_reliable_analogs,,,,,0,,
2021-09-30 12:00:00,2021-10-03 12:00:00,3,22.5,79.49999999999999,Madhya Pradesh,10,2021,3.819437,26.952423,1006.51624,0.9869849,-0.32227135,-0.017089844,5.4987392,28.878021,1006.3911,-1.6793022,-1.9255981,1.6793022,1.9255981,False,False,False,False,False,False,test,ok,0.0,0.0,1.6369194865226746,1.9437957763671876,10,0.4493939936161041,0.3698013424873352
2021-09-24 00:00:00,2021-09-27 00:00:00,3,20.999999999999993,82.5,Chhattisgarh,9,2021,52.038895,23.565552,1000.83545,5.7249227,37.06166,-0.08035278,8.338504,25.930939,1002.51556,43.70039,-2.365387,43.70039,2.365387,False,False,True,False,False,False,test,no_reliable_analogs,,,,,0,,
2021-06-10 12:00:00,2021-06-13 12:00:00,3,28.499999999999982,81.0,Uttar Pradesh,6,2021,12.138896,26.877686,998.80945,1.2710168,4.6830187,1.2101746,12.4805565,25.772186,999.6055,-0.3416605,1.1054993,0.3416605,1.1054993,False,False,False,False,False,False,test,no_reliable_analogs,,,,,0,,
2021-08-10 12:00:00,2021-08-13 12:00:00,3,20.999999999999993,83.99999999999999,Odisha,8,2021,8.12582,29.187317,1001.3221,1.9371402,3.7296987,-0.29211426,1.9633694,31.554077,1001.5108,6.162451,-2.3667603,6.162451,2.3667603,False,False,False,False,False,False,test,ok,0.0,0.0,5.637852382659912,1.416845703125,10,0.43042580485343934,0.3235456049442291
2021-08-05 00:00:00,2021-08-08 00:00:00,3,29.999999999999993,74.99999999999999,Punjab,8,2021,0.4857024,27.506317,1002.54663,2.145058,0.16075835,-0.44256592,0.05101381,28.778625,1002.3778,0.4346886,-1.2723083,0.4346886,1.2723083,False,False,False,False,False,False,test,ok,0.0,0.0,0.7879561737179757,1.590496826171875,10,0.4387873113155365,0.37782418727874756
2021-06-03 00:00:00,2021-06-06 00:00:00,3,25.49999999999999,90.0,Meghalaya,6,2021,12.244719,25.322327,1001.9918,3.6555288,8.018211,-1.3577576,20.01555,25.307281,1004.65967,-7.770832,0.015045166,7.770832,0.015045166,False,False,False,False,False,False,test,no_reliable_analogs,,,,,0,,
2021-07-07 00:00:00,2021-07-10 00:00:00,3,20.999999999999993,82.5,Chhattisgarh,7,2021,14.042718,24.250122,999.8761,2.2475858,-7.899249,-0.18252563,2.2837393,27.30838,1000.8061,11.758979,-3.058258,11.758979,3.058258,False,True,False,True,False,False,test,no_reliable_analogs,,,,,0,,
2021-07-25 12:00:00,2021-07-28 12:00:00,3,24.0,83.99999999999999,Jharkhand,7,2021,15.456081,25.677765,997.65814,3.4486191,2.9695492,-0.13549805,3.7546086,26.434265,997.46564,11.701473,-0.75650024,11.701473,0.75650024,False,False,False,False,False,False,test,no_reliable_analogs,,,,,0,,
2021-08-31 00:00:00,2021-09-03 00:00:00,3,24.0,74.99999999999999,Madhya Pradesh,9,2021,3.4733086,23.088074,1005.12195,3.214659,1.8548696,0.13363647,2.3499417,25.115723,1004.9094,1.1233668,-2.027649,1.1233668,2.027649,False,False,False,False,False,False,test,ok,0.0,0.0,1.57354436814785,1.7329345703125,10,0.4858359724283218,0.3790684640407562
2021-07-03 00:00:00,2021-07-06 00:00:00,3,9.0,76.5,Kerala,7,2021,12.1212,24.553589,1006.9476,4.0860095,-7.860759,0.13192749,9.061237,25.945618,1007.25867,3.0599623,-1.3920288,3.0599623,1.3920288,False,False,False,False,False,False,test,no_reliable_analogs,,,,,0,,
2021-07-22 12:00:00,2021-07-25 12:00:00,3,28.499999999999982,74.99999999999999,Rajasthan,7,2021,0.2034008,37.175446,994.2579,3.537108,-0.0030127466,0.47711182,1.0125272,38.66623,994.49915,-0.80912644,-1.4907837,0.80912644,1.4907837,False,False,False,False,False,False,test,ok,0.0,0.1,1.0668849273584784,1.6955810546875,10,0.4452560722827911,0.35550588369369507
2021-07-12 00:00:00,2021-07-15 00:00:00,3,20.999999999999993,73.5,Gujarat,7,2021,14.39148,24.805328,1000.6152,3.2525685,-25.424816,0.060028076,5.0098395,25.596313,1000.62384,9.381641,-0.7909851,9.381641,0.7909851,False,False,True,False,False,False,test,no_reliable_analogs,,,,,0,,
2021-07-19 00:00:00,2021-07-22 00:00:00,3,32.999999999999986,79.49999999999999,Jammu and Kashmir,7,2021,0.11268251,4.1310425,1006.7738,1.2011594,-0.6965198,1.2173767,0.46263787,5.5384216,1008.2815,-0.34995538,-1.4073792,0.34995538,1.4073792,False,False,False,False,False,False,test,no_reliable_analogs,,,,,0,,
2021-07-25 00:00:00,2021-07-28 00:00:00,3,10.499999999999996,78.0,Tamil Nadu,7,2021,0.1510454,24.53424,1007.82446,3.9455152,-0.289302,0.25878906,0.9454549,25.831299,1008.2925,-0.7944095,-1.2970581,0.7944095,1.2970581,False,False,False,False,False,False,test,ok,0.0,0.0,2.036471647024155,1.2388916015625,10,0.24261071160435677,0.12268807739019394
2021-09-17 12:00:00,2021-09-20 12:00:00,3,24.0,94.5,Manipur,9,2021,15.165261,23.820282,1007.4242,0.8777681,11.310467,-1.1616516,5.21658,26.73584,1007.2634,9.948681,-2.9155579,9.948681,2.9155579,False,False,False,True,False,False,test,no_reliable_analogs,,,,,0,,
2021-06-30 00:00:00,2021-07-03 00:00:00,3,16.499999999999993,78.0,Andhra Pradesh,7,2021,0.39458576,24.639374,1007.22833,3.853856,0.3723853,-0.033691406,1.1726235,26.178497,1007.4303,-0.7780378,-1.5391235,0.7780378,1.5391235,False,False,False,False,False,False,test,ok,0.0,0.0,0.44279102236032486,2.1350830078125,10,0.3349885493516922,0.27036795020103455
2021-07-08 12:00:00,2021-07-11 12:00:00,3,28.499999999999982,79.49999999999999,Uttar Pradesh,7,2021,11.6364565,29.471344,1000.4188,4.257093,0.46632862,-0.40927124,11.13893,29.681732,1002.6186,0.49752617,-0.21038818,0.49752617,0.21038818,False,False,False,False,False,False,test,no_reliable_analogs,,,,,0,,
2021-08-28 12:00:00,2021-08-31 12:00:00,3,10.499999999999996,78.0,Tamil Nadu,8,2021,0.45018527,29.81961,1005.47125,3.1724448,0.0035090744,-0.29541016,3.4675238,30.845642,1005.65625,-3.0173385,-1.0260315,3.0173385,1.0260315,False,False,False,False,False,False,test,no_reliable_analogs,,,,,0,,
2021-06-13 00:00:00,2021-06-16 00:00:00,3,18.0,83.99999999999999,Andhra Pradesh,6,2021,0.9370834,28.948547,998.53455,8.485023,-2.0931067,0.32333374,2.9294827,28.277466,1000.3244,-1.9923992,0.67108154,1.9923992,0.67108154,False,False,False,False,False,False,test,no_reliable_analogs,,,,,0,,
2021-06-13 00:00:00,2021-06-16 00:00:00,3,28.499999999999982,88.49999999999999,Sikkim,6,2021,1.7495257,2.9960327,1011.63104,1.5349178,-0.46126688,-0.33651733,1.8775836,4.575409,1011.9482,-0.12805796,-1.5793762,0.12805796,1.5793762,False,False,False,False,False,False,test,ok,0.0,0.0,1.7087995111942291,2.2023277282714844,8,0.35274267941713333,0.26831015944480896
2021-06-17 12:00:00,2021-06-20 12:00:00,3,22.5,91.5,Tripura,6,2021,64.19241,25.617554,1003.4381,4.1190233,50.877335,-1.9854431,54.62719,27.424713,1003.30273,9.565224,-1.8071594,9.565224,1.8071594,False,False,False,False,False,False,test,no_reliable_analogs,,,,,0,,
2021-06-15 12:00:00,2021-06-18 12:00:00,3,7.499999999999991,92.99999999999999,Andaman and Nicobar,6,2021,4.555282,28.245117,1009.7221,6.9015775,-0.09714508,-0.15429688,4.5970426,27.632935,1010.5798,-0.041760445,0.6121826,0.041760445,0.6121826,False,False,False,False,False,False,test,no_reliable_analogs,,,,,0,,
2021-06-23 12:00:00,2021-06-26 12:00:00,3,20.999999999999993,87.0,Odisha,6,2021,5.7803464,28.8414,999.9135,6.137262,-1.374443,0.065704346,1.8314056,30.349304,1001.3385,3.9489408,-1.507904,3.9489408,1.507904,False,False,False,False,False,False,test,ok,0.0,0.0,4.883749926090241,0.7740692138671875,10,0.4831735283136368,0.4399911165237427
2021-08-21 12:00:00,2021-08-24 12:00:00,3,28.499999999999982,79.49999999999999,Uttar Pradesh,8,2021,11.878406,28.964844,999.2715,1.7055002,2.1629105,-0.50946045,19.102402,28.173279,1000.13416,-7.223996,0.79156494,7.223996,0.79156494,False,False,True,False,False,False,test,ok,0.0,0.0,5.917161083221435,0.8268768310546875,10,0.4956908494234085,0.41836145520210266
2021-09-27 12:00:00,2021-09-30 12:00:00,3,20.999999999999993,76.5,Maharashtra,9,2021,1.497603,27.951294,1006.24896,1.245387,-4.0654874,1.0432129,0.8660615,29.207062,1006.83344,0.63154155,-1.2557678,0.63154155,1.2557678,False,False,False,False,False,False,test,ok,0.0,0.1,0.8090360119938851,2.339715576171875,10,0.45870116651058196,0.3251977264881134
2021-08-23 12:00:00,2021-08-26 12:00:00,3,24.0,88.49999999999999,West Bengal,8,2021,14.373173,28.421478,1000.1261,1.824885,0.08809185,0.002105713,31.465397,27.807892,1000.3497,-17.092224,0.6135864,17.092224,0.6135864,False,False,True,False,False,False,test,ok,0.0,0.2,5.596293020248413,1.6792388916015626,10,0.4524460703134537,0.34214332699775696
2021-08-29 00:00:00,2021-09-01 00:00:00,3,10.499999999999996,92.99999999999999,Andaman and Nicobar,9,2021,9.598839,26.568726,1009.22943,5.5692883,-2.0031862,-0.44015503,5.538622,26.85553,1009.7748,4.060217,-0.2868042,4.060217,0.2868042,False,False,False,False,False,False,test,no_reliable_analogs,,,,,0,,
2021-09-11 00:00:00,2021-09-14 00:00:00,3,24.0,82.5,Madhya Pradesh,9,2021,12.05056,24.208984,998.87225,5.605609,-14.932558,0.31121826,9.75276,25.268066,999.2395,2.2978,-1.059082,2.2978,1.059082,False,False,False,False,False,False,test,no_reliable_analogs,,,,,0,,
2021-06-24 12:00:00,2021-06-27 12:00:00,3,31.499999999999993,74.99999999999999,Punjab,6,2021,0.0,39.84076,999.7411,3.1526053,0.0,-0.64630127,0.0014648648,37.883545,1002.00116,-0.0014648648,1.9572144,0.0014648648,1.9572144,False,False,False,False,False,False,test,ok,0.0,0.1,0.2003293063491583,0.9687225341796875,10,0.4299783676862717,0.24003520607948303
2021-07-08 12:00:00,2021-07-11 12:00:00,3,32.999999999999986,78.0,Jammu and Kashmir,7,2021,0.41679016,10.6206665,1009.9258,2.4286675,0.16364768,-0.34387207,0.32246712,12.421753,1009.8627,0.09432304,-1.8010864,0.09432304,1.8010864,False,False,False,False,False,False,test,ok,0.0,0.3333333333333333,0.6241028855244318,2.6024322509765625,6,0.3649848500887553,0.27333709597587585
2021-07-18 00:00:00,2021-07-21 00:00:00,3,22.5,73.5,Gujarat,7,2021,3.9211297,25.937347,1001.8063,4.3515058,0.90383315,-0.1619873,3.8034463,26.568054,1001.7975,0.11768341,-0.6307068,0.11768341,0.6307068,False,False,False,False,False,False,test,ok,0.1,0.0,5.8231018543243405,1.423345947265625,10,0.34008665978908537,0.24616172909736633
2021-07-28 00:00:00,2021-07-31 00:00:00,3,11.999999999999991,78.0,Tamil Nadu,7,2021,0.23851427,22.135773,1010.91486,3.1470656,-0.04935786,0.33322144,0.13924327,24.184967,1011.00757,0.099271,-2.0491943,0.099271,2.0491943,False,False,False,True,False,False,test,no_reliable_analogs,,,,,0,,
2021-09-02 12:00:00,2021-09-05 12:00:00,3,22.5,81.0,Madhya Pradesh,9,2021,10.671618,26.336761,1002.7675,1.0458102,-2.0576754,0.3531189,10.337851,28.641083,1002.06384,0.3337679,-2.3043213,0.3337679,2.3043213,False,False,False,False,False,False,test,ok,0.0,0.1,2.6930544853210447,1.70306396484375,10,0.5067177832126617,0.34216248989105225
2021-08-07 00:00:00,2021-08-10 00:00:00,3,20.999999999999993,81.0,Chhattisgarh,8,2021,1.356215,25.15274,1005.06415,3.264792,-1.1511614,0.46670532,0.88036287,27.47519,1005.0413,0.47585213,-2.3224487,0.47585213,2.3224487,False,False,False,False,False,False,test,ok,0.1,0.0,1.9816007673740388,1.7476348876953125,10,0.4116150289773941,0.18289098143577576
2021-06-26 12:00:00,2021-06-29 12:00:00,3,22.5,76.5,Madhya Pradesh,6,2021,1.6637719,31.586182,1001.47626,2.7607253,-0.5628872,-0.26635742,1.753807,33.422424,1002.2544,-0.09003508,-1.8362427,0.09003508,1.8362427,False,False,False,False,False,False,test,ok,0.0,0.0,1.2178177434776445,1.2275634765625,10,0.3722580850124359,0.32676172256469727
2021-09-04 12:00:00,2021-09-07 12:00:00,3,10.499999999999996,72.0,Lakshadweep,9,2021,2.5787804,27.941376,1007.7612,8.815159,-0.22273088,0.7951355,1.5880554,27.724823,1007.3619,0.99072504,0.21655273,0.99072504,0.21655273,False,False,False,False,False,False,test,no_reliable_analogs,,,,,0,,
2021-07-20 00:00:00,2021-07-23 00:00:00,3,22.5,78.0,Madhya Pradesh,7,2021,12.28086,24.528381,997.29706,3.8869987,-14.172757,0.45755005,22.387896,23.97342,997.8551,-10.107036,0.55496216,10.107036,0.55496216,False,False,False,False,False,False,test,no_reliable_analogs,,,,,0,,
2021-09-27 00:00:00,2021-09-30 00:00:00,3,11.999999999999991,73.5,Lakshadweep,9,2021,5.4059534,26.55194,1008.6092,3.8250158,1.6463916,-0.030212402,12.163892,26.440155,1008.6166,-6.7579384,0.11178589,6.7579384,0.11178589,False,False,False,False,False,False,test,ok,0.0,0.0,1.589963475863139,0.3777109781901042,6,0.3698349768916766,0.1541796177625656
2021-07-08 00:00:00,2021-07-11 00:00:00,3,16.499999999999993,74.99999999999999,Karnataka,7,2021,3.6694987,21.843292,1004.3122,3.5005205,0.31968117,-0.20065308,11.599365,23.279907,1004.4202,-7.929867,-1.436615,7.929867,1.436615,False,False,False,False,False,False,test,ok,0.0,0.0,3.525670144293043,2.0732794867621527,9,0.4320833616786533,0.4098146855831146
2021-06-22 12:00:00,2021-06-25 12:00:00,3,25.49999999999999,78.0,Madhya Pradesh,6,2021,0.038847,36.862396,997.3459,3.8725386,-0.17067446,-0.502594,1.0030642,37.20047,998.31134,-0.9642172,-0.33807373,0.9642172,0.33807373,False,False,False,False,False,False,test,ok,0.0,0.0,0.7738481067121029,1.38626708984375,10,0.4309316098690033,0.3551732301712036
2021-06-18 00:00:00,2021-06-21 00:00:00,3,29.999999999999993,73.5,Rajasthan,6,2021,5.2615673e-05,30.669586,999.8696,3.7636023,5.2615673e-05,-0.42868042,0.025070222,26.444733,1002.0742,-0.025017606,4.2248535,0.025017606,4.2248535,False,True,False,True,False,False,test,ok,0.0,0.0,0.05874824854545295,1.4199859619140625,10,0.4190294176340103,0.35024386644363403
2021-07-20 00:00:00,2021-07-23 00:00:00,3,28.499999999999982,91.5,Arunachal Pradesh,7,2021,2.8270948,4.3374634,1014.198,1.0951895,0.15947986,0.23638916,7.121202,5.7846985,1014.04,-4.2941074,-1.4472351,4.2941074,1.4472351,False,False,False,False,False,False,test,ok,0.0,0.0,2.4285666704177857,1.4627349853515625,10,0.33835493177175524,0.21523088216781616
2021-06-29 12:00:00,2021-07-02 12:00:00,3,11.999999999999991,92.99999999999999,Andaman and Nicobar,7,2021,13.872725,28.021912,1008.1428,5.030206,5.795438,0.063964844,13.914786,27.093445,1009.4631,-0.042061806,0.9284668,0.042061806,0.9284668,False,False,False,False,False,False,test,no_reliable_analogs,,,,,0,,
2021-09-16 00:00:00,2021-09-19 00:00:00,3,24.0,82.5,Madhya Pradesh,9,2021,5.154391,23.64273,1007.63696,1.0639714,3.490634,-0.20758057,2.2490594,26.21939,1008.5826,2.9053314,-2.5766602,2.9053314,2.5766602,False,False,False,False,False,False,test,ok,0.0,0.4,2.9685643553733825,2.969573974609375,10,0.45591986179351807,0.3825088143348694
2021-06-08 00:00:00,2021-06-11 00:00:00,3,25.49999999999999,87.0,Bihar,6,2021,2.7316833,26.312134,996.7484,1.0809088,0.20396185,-0.08898926,7.132326,28.609863,997.81085,-4.400643,-2.2977295,4.400643,2.2977295,False,False,False,False,False,False,test,ok,0.0,0.2,1.7043407201766967,2.1119842529296875,10,0.48262289762496946,0.36456039547920227
2021-06-24 00:00:00,2021-06-27 00:00:00,3,11.999999999999991,79.49999999999999,Tamil Nadu,6,2021,0.66574216,27.155731,1006.9961,3.3718815,0.48657864,-0.6114502,3.006966,28.026764,1006.47205,-2.341224,-0.8710327,2.341224,0.8710327,False,False,False,False,False,False,test,no_reliable_analogs,,,,,0,,
2021-07-14 12:00:00,2021-07-17 12:00:00,3,19.499999999999996,76.5,Maharashtra,7,2021,11.931841,27.665192,1003.6002,2.155155,7.4883585,-0.42181396,9.77026,31.818298,1003.2382,2.161581,-4.1531067,2.161581,4.1531067,False,True,False,True,False,False,test,no_reliable_analogs,,,,,0,,
2021-06-15 00:00:00,2021-06-18 00:00:00,3,13.5,79.49999999999999,Andhra Pradesh,6,2021,0.22370228,26.638153,1006.6541,3.3895662,-0.041865557,0.41101074,0.019841867,28.17569,1006.5519,0.20386042,-1.5375366,0.20386042,1.5375366,False,False,False,False,False,False,test,ok,0.0,0.0,0.8016775503754616,2.0672027587890627,10,0.3393464058637619,0.2144022434949875
2021-07-13 00:00:00,2021-07-16 00:00:00,3,20.999999999999993,73.5,Gujarat,7,2021,49.282753,24.695465,999.60846,2.933037,39.88925,-0.15032959,15.152223,25.61264,1002.1319,34.13053,-0.9171753,34.13053,0.9171753,False,False,True,False,False,False,test,no_reliable_analogs,,,,,0,,
2021-06-07 00:00:00,2021-06-10 00:00:00,3,25.49999999999999,83.99999999999999,Bihar,6,2021,3.4149134,26.78241,997.37195,3.029646,2.1057143,-0.81378174,5.2260466,27.648834,998.64526,-1.8111331,-0.86642456,1.8111331,0.86642456,False,False,False,False,False,False,test,no_reliable_analogs,,,,,0,,
2021-06-01 12:00:00,2021-06-04 12:00:00,3,25.49999999999999,81.0,Uttar Pradesh,6,2021,0.0,37.290497,1000.5622,2.582303,0.0,0.0,0.010583341,36.566925,1001.7198,-0.010583341,0.7235718,0.010583341,0.7235718,False,False,False,False,False,False,test,ok,0.0,0.6,1.7641350643709302,3.19525146484375,10,0.49032415747642516,0.4008840024471283
2021-09-21 12:00:00,2021-09-24 12:00:00,3,19.499999999999996,79.49999999999999,Andhra Pradesh,9,2021,13.7908,26.971924,1004.26447,1.0602434,4.47861,-0.23605347,10.055714,30.715515,1003.8097,3.7350864,-3.7435913,3.7350864,3.7435913,False,True,False,True,False,False,test,no_reliable_analogs,,,,,0,,
2021-06-27 00:00:00,2021-06-30 00:00:00,3,29.999999999999993,74.99999999999999,Punjab,6,2021,0.0,31.614014,995.5285,3.5639534,-0.0013778703,-0.43164062,4.284084e-05,32.081512,997.19354,-4.284084e-05,-0.46749878,4.284084e-05,0.46749878,False,False,False,False,False,False,test,ok,0.0,0.1,0.44130191875156016,1.50615234375,10,0.3549548640847206,0.21031905710697174
2021-06-21 00:00:00,2021-06-24 00:00:00,3,24.0,88.49999999999999,West Bengal,6,2021,13.333059,26.171814,1001.7361,2.1473234,4.805086,0.07345581,4.530119,27.599426,1002.5335,8.80294,-1.4276123,8.80294,1.4276123,False,False,False,False,False,False,test,ok,0.0,0.14285714285714285,5.997733865465436,1.6965855189732142,7,0.526843398809433,0.4437303841114044
2021-08-25 12:00:00,2021-08-28 12:00:00,3,11.999999999999991,73.5,Lakshadweep,8,2021,23.607973,26.084595,1005.4333,6.9159317,-6.652832,-0.26638794,54.07014,26.08902,1005.0058,-30.462168,-0.004425049,30.462168,0.004425049,False,False,True,False,False,False,test,no_reliable_analogs,,,,,0,,
2021-09-08 00:00:00,2021-09-11 00:00:00,3,28.499999999999982,79.49999999999999,Uttar Pradesh,9,2021,13.975585,24.427338,1003.8089,3.5412743,-16.634064,0.5583496,10.563227,26.840271,1004.0642,3.4123583,-2.4129333,3.4123583,2.4129333,False,False,False,False,False,False,test,no_reliable_analogs,,,,,0,,
2021-06-17 00:00:00,2021-06-20 00:00:00,3,18.0,73.5,Maharashtra,6,2021,23.605452,22.513062,1008.53796,4.0283656,2.140005,-0.5637512,15.282852,24.998444,1008.08374,8.322599,-2.485382,8.322599,2.485382,False,False,False,True,False,False,test,no_reliable_analogs,,,,,0,,
2021-06-19 12:00:00,2021-06-22 12:00:00,3,19.499999999999996,74.99999999999999,Maharashtra,6,2021,0.1973447,30.766144,1005.0538,5.798167,-0.40544176,0.6685486,0.5561622,30.889282,1005.1577,-0.35881746,-0.12313843,0.35881746,0.12313843,False,False,False,False,False,False,test,ok,0.0,0.0,3.2037353912989297,1.10516357421875,6,0.42044705152511597,0.3708224892616272
2021-08-23 12:00:00,2021-08-26 12:00:00,3,22.5,73.5,Gujarat,8,2021,1.406872,29.993835,1001.0212,3.7740686,0.0054041147,-0.16696167,0.9590097,31.411255,1001.80493,0.44786233,-1.4174194,0.44786233,1.4174194,False,False,False,False,False,False,test,ok,0.0,0.0,1.244494442641735,1.3574249267578125,10,0.37414334565401075,0.19863735139369965
2021-07-16 00:00:00,2021-07-19 00:00:00,3,19.499999999999996,81.0,Chhattisgarh,7,2021,11.689464,23.295563,1002.4347,1.4372749,3.4012032,-0.084228516,8.817478,26.479858,1003.4586,2.8719854,-3.1842957,2.8719854,3.1842957,False,True,False,True,False,False,test,ok,0.0,0.0,4.133860874176025,2.0907501220703124,10,0.4451798379421234,0.3357054591178894
2021-06-21 12:00:00,2021-06-24 12:00:00,3,29.999999999999993,94.5,Arunachal Pradesh,6,2021,6.8103557,9.391388,1009.27234,1.523861,-1.0819168,0.1513977,8.581341,10.121826,1008.9857,-1.7709851,-0.73043823,1.7709851,0.73043823,False,False,False,False,False,False,test,ok,0.0,0.1,1.814461851119995,1.6244476318359375,10,0.29202850759029386,0.21590515971183777
2021-08-23 00:00:00,2021-08-26 00:00:00,3,19.499999999999996,85.5,Odisha,8,2021,3.1642284,27.684662,1001.7571,4.5641503,-0.6432879,0.05419922,1.7621034,28.481506,1001.31744,1.402125,-0.7968445,1.402125,0.7968445,False,False,False,False,False,False,test,ok,0.0,0.0,3.0263736307621003,0.50870361328125,10,0.3523504644632339,0.2810481786727905
2021-08-28 00:00:00,2021-08-31 00:00:00,3,16.499999999999993,78.0,Andhra Pradesh,8,2021,1.9408399,22.94983,1005.1749,3.6317122,-1.5491666,0.32821655,23.969326,23.918274,1004.90845,-22.028486,-0.9684448,22.028486,0.9684448,True,False,True,False,False,False,test,ok,0.1,0.0,2.396824437379837,1.84754638671875,10,0.39084664881229403,0.3099243938922882
2021-09-25 00:00:00,2021-09-28 00:00:00,3,34.49999999999999,76.5,Jammu and Kashmir,9,2021,0.05479442,1.1499329,1020.87634,0.892161,0.024279999,0.026611328,0.022473512,0.10168457,1021.7356,0.03232091,1.0482483,0.03232091,1.0482483,False,False,False,False,False,False,test,ok,0.0,0.0,0.3449949284316972,1.2820098876953125,10,0.2821016818284988,0.1265537589788437
2021-08-12 12:00:00,2021-08-15 12:00:00,3,26.999999999999996,76.5,Rajasthan,8,2021,0.018349705,31.858887,1000.4137,2.7114675,0.0022831652,0.16851807,0.009532492,33.32248,1001.22186,0.008817214,-1.4635925,0.008817214,1.4635925,False,False,False,False,False,False,test,ok,0.0,0.0,0.5815640308195725,1.2782073974609376,10,0.36464486420154574,0.2577737867832184
2021-07-12 00:00:00,2021-07-15 00:00:00,3,26.999999999999996,90.0,Assam,7,2021,15.453091,18.367523,1009.8591,0.7806471,-1.5622158,-0.16622925,16.38928,19.613556,1010.0542,-0.93618965,-1.2460327,0.93618965,1.2460327,False,False,False,False,False,False,test,ok,0.0,0.0,4.807800531387329,1.3714027404785156,8,0.4382440708577633,0.1987050175666809
2021-08-03 12:00:00,2021-08-06 12:00:00,3,19.499999999999996,78.0,Maharashtra,8,2021,0.5717476,29.777466,1001.14984,3.2214687,-0.09458172,0.052581787,1.3809379,29.683685,1002.2928,-0.80919033,0.09378052,0.80919033,0.09378052,False,False,False,False,False,False,test,ok,0.1,0.0,4.344222494959832,1.3297271728515625,10,0.32618916779756546,0.1638518124818802
2021-08-21 12:00:00,2021-08-24 12:00:00,3,13.5,78.0,Karnataka,8,2021,6.981053,25.769318,1007.0873,1.5940294,0.68748236,-0.3551941,13.720495,29.277588,1006.586,-6.7394423,-3.5082703,6.7394423,3.5082703,False,True,False,True,False,False,test,no_reliable_analogs,,,,,0,,
2021-09-04 00:00:00,2021-09-07 00:00:00,3,25.49999999999999,87.0,Bihar,9,2021,2.2190015,26.171967,1006.758,4.4141335,-3.5296462,0.31954956,3.9783478,27.822815,1007.4812,-1.7593462,-1.6508484,1.7593462,1.6508484,False,False,False,False,False,False,test,no_reliable_analogs,,,,,0,,
2021-07-31 00:00:00,2021-08-03 00:00:00,3,11.999999999999991,74.99999999999999,Kerala,8,2021,4.4954867,24.93805,1011.09845,4.654393,1.2146025,-0.52731323,5.789267,25.109406,1011.47516,-1.2937803,-0.1713562,1.2937803,0.1713562,False,False,False,False,False,False,test,no_reliable_analogs,,,,,0,,
2021-07-05 12:00:00,2021-07-08 12:00:00,3,22.5,73.5,Gujarat,7,2021,0.017845286,34.347565,1000.5206,3.6566677,-0.144016,0.93966675,0.008466859,34.973907,1001.08655,0.009378427,-0.6263428,0.009378427,0.6263428,False,False,False,False,False,False,test,no_reliable_analogs,,,,,0,,
2021-09-02 00:00:00,2021-09-05 00:00:00,3,11.999999999999991,73.5,Lakshadweep,9,2021,17.563147,26.07611,1007.65326,7.2475743,2.5581121,0.3414917,14.709732,26.062225,1007.69055,2.8534145,0.013885498,2.8534145,0.013885498,False,False,False,False,False,False,test,no_reliable_analogs,,,,,0,,
2021-09-16 12:00:00,2021-09-20 12:00:00,4,9.0,76.5,Kerala,9,2021,1.5344177,26.773071,1007.72534,3.8646944,0.7273369,-0.040924072,2.6986046,28.112885,1007.8178,-1.1641868,-1.3398132,1.1641868,1.3398132,False,False,False,False,False,False,test,ok,0.0,0.0,2.6210971802473066,0.894805908203125,10,0.3129783242940903,0.2474333643913269
2021-07-04 00:00:00,2021-07-08 00:00:00,4,31.499999999999993,76.5,Himachal Pradesh,7,2021,0.7337977,25.19281,1000.03687,1.7227658,-0.05559635,-0.3496704,1.1715001,24.517761,1001.6652,-0.43770236,0.6750488,0.43770236,0.6750488,False,False,False,False,False,False,test,ok,0.0,0.0,2.3565447330474854,1.160357666015625,10,0.347842076420784,0.22798657417297363
2021-07-02 12:00:00,2021-07-06 12:00:00,4,26.999999999999996,76.5,Rajasthan,7,2021,0.0040269606,39.766693,996.4232,4.0918536,0.0040269606,0.32965088,0.9943986,37.020874,999.44946,-0.99037164,2.745819,0.99037164,2.745819,False,False,False,False,False,False,test,ok,0.0,0.0,0.6682241600272911,1.4639456612723214,7,0.4500460667269571,0.35523325204849243
2021-06-01 12:00:00,2021-06-05 12:00:00,4,11.999999999999991,94.5,Andaman and Nicobar,6,2021,6.1727357,27.345001,1008.1941,6.149427,0.0,0.0,6.785333,28.317963,1008.3536,-0.61259747,-0.9729614,0.61259747,0.9729614,False,False,False,False,False,False,test,ok,0.0,0.0,6.618691921234131,0.52315673828125,5,0.405115407705307,0.35633185505867004
2021-06-28 12:00:00,2021-07-02 12:00:00,4,19.499999999999996,73.5,Maharashtra,7,2021,3.3601432,27.277039,1004.79846,5.0747013,-0.6278248,-0.04949951,2.2102928,29.334015,1005.84344,1.1498504,-2.0569763,1.1498504,2.0569763,False,False,False,False,False,False,test,ok,0.0,0.1,1.3216422140598296,1.489398193359375,10,0.4061834871768951,0.3323972225189209
2021-07-15 00:00:00,2021-07-19 00:00:00,4,14.999999999999996,74.99999999999999,Karnataka,7,2021,21.64506,21.641418,1007.78625,3.9266686,6.5001516,-0.035583496,54.88277,22.017578,1008.17914,-33.23771,-0.37615967,33.23771,0.37615967,False,False,True,False,False,False,test,no_reliable_analogs,,,,,0,,
2021-07-29 12:00:00,2021-08-02 12:00:00,4,28.499999999999982,97.49999999999999,Arunachal Pradesh,8,2021,1.4732342,12.963715,1009.6205,1.0935595,0.016473293,0.01373291,1.3333883,15.278656,1008.63727,0.13984585,-2.3149414,0.13984585,2.3149414,False,False,False,False,False,False,test,ok,0.0,0.1,0.9785565733909607,2.262689208984375,10,0.38957246392965317,0.16267253458499908
2021-07-12 00:00:00,2021-07-16 00:00:00,4,28.499999999999982,76.5,Haryana,7,2021,4.492436,27.799866,1004.1488,2.9086962,1.1551032,0.3909912,1.0446534,30.408844,1004.3253,3.4477825,-2.6089783,3.4477825,2.6089783,False,False,False,False,False,False,test,no_reliable_analogs,,,,,0,,
2021-07-31 12:00:00,2021-08-04 12:00:00,4,20.999999999999993,79.49999999999999,Maharashtra,8,2021,2.7599378,27.746674,1002.7175,3.0948083,1.5066296,-0.73257446,0.74504447,28.62207,1002.9949,2.0148933,-0.8753967,2.0148933,0.8753967,False,False,False,False,False,False,test,ok,0.0,0.0,4.722700327634811,0.7957489013671875,10,0.3865684255957603,0.22279052436351776
2021-08-24 00:00:00,2021-08-28 00:00:00,4,13.5,81.0,Tamil Nadu,8,2021,10.361005,27.135681,1003.7748,5.9657807,-0.4584818,-0.3105774,10.201244,27.288086,1002.77576,0.15976048,-0.15240479,0.15976048,0.15240479,False,False,False,False,False,False,test,no_reliable_analogs,,,,,0,,
2021-06-04 00:00:00,2021-06-08 00:00:00,4,20.999999999999993,82.5,Chhattisgarh,6,2021,1.2175539,27.313812,1003.50916,2.9065673,-2.3983665,0.9420166,0.6781439,31.122162,1003.9226,0.53940994,-3.8083496,0.53940994,3.8083496,False,True,False,True,False,False,test,ok,0.0,0.25,0.6214940026402473,2.6229324340820312,8,0.5060881562530994,0.3872813284397125
2021-07-22 12:00:00,2021-07-26 12:00:00,4,18.0,74.99999999999999,Maharashtra,7,2021,1.0856894,26.502472,1004.1116,7.865692,0.13885623,0.04208374,1.3606439,28.487152,1005.09186,-0.27495444,-1.9846802,0.27495444,1.9846802,False,False,False,False,False,False,test,ok,0.0,0.0,0.16593567728996278,1.5621795654296875,10,0.3658205732703209,0.18306690454483032
2021-06-28 12:00:00,2021-07-02 12:00:00,4,11.999999999999991,73.5,Lakshadweep,7,2021,2.2011433,28.269135,1007.0998,6.431074,-0.96865654,-0.0076293945,6.6262264,27.774872,1007.51666,-4.425083,0.4942627,4.425083,0.4942627,False,False,False,False,False,False,test,ok,0.0,0.0,2.0689309164881706,0.227496337890625,10,0.3374627590179443,0.16867098212242126
2021-07-03 00:00:00,2021-07-07 00:00:00,4,14.999999999999996,73.5,Goa,7,2021,19.223513,26.096283,1005.5863,4.0635486,-6.7258663,0.45733643,8.898307,26.181244,1005.81744,10.325206,-0.08496094,10.325206,0.08496094,False,False,False,False,False,False,test,no_reliable_analogs,,,,,0,,
2021-08-12 12:00:00,2021-08-16 12:00:00,4,20.999999999999993,82.5,Chhattisgarh,8,2021,15.335798,28.355927,1003.2697,1.0726901,-0.49459934,0.28848267,11.479366,28.426392,1002.71533,3.856432,-0.07046509,3.856432,0.07046509,False,False,False,False,False,False,test,no_reliable_analogs,,,,,0,,
2021-08-01 12:00:00,2021-08-05 12:00:00,4,26.999999999999996,69.0,Rajasthan,8,2021,0.0,40.649597,995.56976,4.2652683,0.0,0.13552856,1.102068e-05,38.420593,995.9289,-1.102068e-05,2.229004,1.102068e-05,2.229004,False,False,False,False,False,False,test,ok,0.0,0.125,0.024150977691761,2.033538818359375,8,0.4227570313960314,0.2283587008714676
2021-08-11 12:00:00,2021-08-15 12:00:00,4,32.999999999999986,79.49999999999999,Jammu and Kashmir,8,2021,0.00919869,10.669312,1004.01587,4.2004046,0.0056085708,-0.7029419,0.07783603,11.273315,1002.22034,-0.06863734,-0.6040039,0.06863734,0.6040039,False,False,False,False,False,False,test,no_reliable_analogs,,,,,0,,
2021-07-03 12:00:00,2021-07-07 12:00:00,4,18.0,74.99999999999999,Maharashtra,7,2021,1.1337725,30.642334,1002.8881,4.3574514,-1.4419183,1.7780457,2.0794525,30.644073,1003.62256,-0.94568,-0.001739502,0.94568,0.001739502,False,False,False,False,False,False,test,no_reliable_analogs,,,,,0,,
2021-06-01 12:00:00,2021-06-05 12:00:00,4,24.0,83.99999999999999,Jharkhand,6,2021,0.15757777,32.194122,1001.3992,1.7175238,0.0,0.0,1.2756598,31.706024,1003.5309,-1.118082,0.48809814,1.118082,0.48809814,False,False,False,False,False,False,test,ok,0.1,0.0,3.4900726437568665,1.4851409912109375,10,0.4262059599161148,0.37773075699806213
2021-08-19 12:00:00,2021-08-23 12:00:00,4,25.49999999999999,70.49999999999999,Rajasthan,8,2021,7.3410482,34.171967,1000.8404,4.1703095,2.186831,1.9240112,0.0070514153,38.25009,1001.45044,7.333997,-4.078125,7.333997,4.078125,False,True,False,True,False,False,test,no_reliable_analogs,,,,,0,,
2021-08-03 12:00:00,2021-08-07 12:00:00,4,16.499999999999993,81.0,Andhra Pradesh,8,2021,0.3960757,32.732788,1002.3332,3.2443883,-0.05552292,0.09741211,0.16216114,33.011597,1002.7621,0.23391455,-0.2788086,0.23391455,0.2788086,False,False,False,False,False,False,test,ok,0.0,0.0,0.8534160420298577,0.8116912841796875,10,0.3129985898733139,0.20691272616386414
2021-08-07 12:00:00,2021-08-11 12:00:00,4,20.999999999999993,74.99999999999999,Maharashtra,8,2021,0.96481407,29.321625,1005.11597,4.4984922,-0.10230398,0.29153442,0.7155214,31.014832,1005.80554,0.24929267,-1.6932068,0.24929267,1.6932068,False,False,False,False,False,False,test,ok,0.0,0.0,0.8008816957473754,1.6918731689453126,10,0.3850933641195297,0.1480904221534729
2021-07-10 12:00:00,2021-07-14 12:00:00,4,18.0,78.0,Andhra Pradesh,7,2021,88.210236,24.684357,998.74,4.183288,50.293953,-1.0361023,18.09871,26.405518,1001.0454,70.11153,-1.7211609,70.11153,1.7211609,True,False,True,False,False,True,test,no_reliable_analogs,,,,,0,,
2021-08-03 12:00:00,2021-08-07 12:00:00,4,11.999999999999991,92.99999999999999,Andaman and Nicobar,8,2021,9.793738,27.943512,1008.0211,6.4594707,-4.0158033,0.9833374,3.7819183,27.825806,1008.7165,6.01182,0.1177063,6.01182,0.1177063,False,False,False,False,False,False,test,no_reliable_analogs,,,,,0,,
2021-09-25 00:00:00,2021-09-29 00:00:00,4,25.49999999999999,94.5,Manipur,9,2021,6.164548,18.813995,1012.5493,0.75853175,0.41959286,-0.21292114,6.078349,21.67218,1012.87,0.08619881,-2.8581848,0.08619881,2.8581848,False,False,False,False,False,False,test,ok,0.0,0.0,0.9176876187324524,2.2736480712890623,10,0.3575925648212433,0.3179706633090973
2021-06-17 00:00:00,2021-06-21 00:00:00,4,22.5,69.0,Gujarat,6,2021,2.1850758,28.55304,1002.79443,7.903655,-0.31451964,-0.09072876,1.1199439,28.898376,1003.66595,1.0651319,-0.3453369,1.0651319,0.3453369,False,False,False,False,False,False,test,ok,0.0,0.0,0.2127083245664835,0.569488525390625,10,0.3565690815448761,0.2720487415790558
2021-09-24 12:00:00,2021-09-28 12:00:00,4,26.999999999999996,73.5,Rajasthan,9,2021,1.2292286,29.600037,1002.8745,3.315891,-2.2882752,0.89575195,2.2691836,30.853638,1003.80945,-1.039955,-1.2536011,1.039955,1.2536011,False,False,False,False,False,False,test,ok,0.0,0.0,2.20408172570169,0.970550537109375,10,0.410543167591095,0.340192049741745
2021-06-07 00:00:00,2021-06-11 00:00:00,4,14.999999999999996,78.0,Andhra Pradesh,6,2021,1.8245546,24.958801,1004.6127,5.177904,1.14929,0.07284546,1.4359461,27.157349,1005.12445,0.38860846,-2.1985474,0.38860846,2.1985474,False,False,False,True,False,False,test,ok,0.0,0.0,0.8949737519025802,1.7427886962890624,10,0.3483108952641487,0.23944567143917084
2021-07-26 00:00:00,2021-07-30 00:00:00,4,22.5,70.49999999999999,Gujarat,7,2021,1.5070393,26.58667,1001.0329,8.339833,0.417086,0.049591064,1.4153421,27.212616,1001.65704,0.091697216,-0.62594604,0.091697216,0.62594604,False,False,False,False,False,False,test,ok,0.0,0.0,0.5409298658370971,0.6789337158203125,10,0.3104768395423889,0.18891406059265137
2021-08-23 00:00:00,2021-08-27 00:00:00,4,24.0,85.5,Jharkhand,8,2021,11.195507,24.386383,1002.5795,1.5830244,-7.681982,0.13638306,6.3932815,25.303131,1003.509,4.8022256,-0.91674805,4.8022256,0.91674805,False,False,False,False,False,False,test,ok,0.0,0.1,7.419379043579101,1.956988525390625,10,0.5055451840162277,0.4241458475589752
2021-07-27 00:00:00,2021-07-31 00:00:00,4,22.5,74.99999999999999,Madhya Pradesh,7,2021,6.9997063,23.709625,1003.4582,5.3291197,3.4010313,-0.12994385,4.310456,24.503204,1003.1225,2.6892505,-0.7935791,2.6892505,0.7935791,False,False,False,False,False,False,test,ok,0.0,0.0,6.447234487533569,1.32564697265625,10,0.4913962721824646,0.4070207476615906
2021-06-26 00:00:00,2021-06-30 00:00:00,4,28.499999999999982,88.49999999999999,Sikkim,6,2021,6.3524103,5.282715,1010.66675,0.79570496,-1.9635801,-0.5071106,11.22625,5.353943,1012.5203,-4.8738394,-0.07122803,4.8738394,0.07122803,False,False,False,False,False,False,test,no_reliable_analogs,,,,,0,,
2021-09-01 12:00:00,2021-09-05 12:00:00,4,7.499999999999991,92.99999999999999,Andaman and Nicobar,9,2021,3.7202325,27.810638,1008.18726,6.995053,1.7691723,-0.35543823,0.15148763,28.284882,1008.209,3.568745,-0.47424316,3.568745,0.47424316,False,False,False,False,False,False,test,no_reliable_analogs,,,,,0,,
2021-09-12 12:00:00,2021-09-16 12:00:00,4,20.999999999999993,74.99999999999999,Maharashtra,9,2021,4.508944,27.047913,1001.4485,4.268929,3.2245264,-0.5069885,1.6226326,27.690887,1003.4964,2.8863115,-0.64297485,2.8863115,0.64297485,False,False,False,False,False,False,test,ok,0.0,0.2,3.6980003833770754,1.38956298828125,10,0.48252872824668885,0.3142769932746887
2021-09-25 12:00:00,2021-09-29 12:00:00,4,13.5,74.99999999999999,Karnataka,9,2021,12.629089,23.559723,1008.72015,3.4608595,5.143765,-0.23757935,9.57282,25.687103,1008.36914,3.0562696,-2.1273804,3.0562696,2.1273804,False,False,False,True,False,False,test,ok,0.0,0.0,6.044780095418294,1.1509297688802083,6,0.4274403899908066,0.3546680808067322
2021-07-18 12:00:00,2021-07-22 12:00:00,4,10.499999999999996,79.49999999999999,Tamil Nadu,7,2021,0.07555229,32.4982,1002.41565,7.0453253,0.04189043,0.4565735,0.74975353,32.278046,1002.77313,-0.67420125,0.22015381,0.67420125,0.22015381,False,False,False,False,False,False,test,no_reliable_analogs,,,,,0,,
2021-06-13 00:00:00,2021-06-17 00:00:00,4,24.0,73.5,Rajasthan,6,2021,1.9626986,25.164734,1000.5053,2.4476779,-2.252729,0.33764648,0.38956833,27.265686,999.6321,1.5731302,-2.1009521,1.5731302,2.1009521,False,False,False,False,False,False,test,no_reliable_analogs,,,,,0,,
2021-07-19 00:00:00,2021-07-23 00:00:00,4,20.999999999999993,73.5,Gujarat,7,2021,8.55323,25.47937,1000.0586,5.9601912,-0.45789528,-0.0715332,7.275963,26.438599,999.8989,1.2772675,-0.9592285,1.2772675,0.9592285,False,False,False,False,False,False,test,ok,0.0,0.0,12.605880308151246,0.8775299072265625,10,0.40281177312135696,0.23408599197864532
2021-09-14 00:00:00,2021-09-18 00:00:00,4,29.999999999999993,74.99999999999999,Punjab,9,2021,0.12055528,25.552643,1003.06604,1.758376,-0.4337278,0.33618164,0.05518312,26.584625,1005.12463,0.06537216,-1.0319824,0.06537216,1.0319824,False,False,False,False,False,False,test,ok,0.0,0.1,0.9706509480456589,1.783917236328125,10,0.3497428327798843,0.2698182165622711
2021-06-07 12:00:00,2021-06-11 12:00:00,4,26.999999999999996,81.0,Uttar Pradesh,6,2021,7.1525116,33.349426,994.6728,1.9303467,3.3075435,-0.9258728,6.9122324,32.98056,995.0204,0.2402792,0.36886597,0.2402792,0.36886597,False,False,False,False,False,False,test,no_reliable_analogs,,,,,0,,
2021-06-17 00:00:00,2021-06-21 00:00:00,4,31.499999999999993,78.0,Himachal Pradesh,6,2021,1.1640503,3.1568604,1012.59375,1.2282978,-0.007514477,-0.33319092,3.4731305,5.864044,1014.2134,-2.3090801,-2.7071838,2.3090801,2.7071838,False,False,False,False,False,False,test,ok,0.0,0.4,1.7516573041677475,2.1489959716796876,10,0.2575173288583755,0.14626812934875488
2021-07-06 00:00:00,2021-07-10 00:00:00,4,24.0,78.0,Madhya Pradesh,7,2021,0.93494445,27.145996,1000.08765,4.1423407,0.29890162,-0.018829346,2.7529957,27.050903,1000.6701,-1.8180513,0.09509277,1.8180513,0.09509277,False,False,False,False,False,False,test,ok,0.0,0.0,3.3636360935866834,1.3123504638671875,10,0.3139365464448929,0.16375654935836792
2021-06-20 00:00:00,2021-06-24 00:00:00,4,11.999999999999991,74.99999999999999,Kerala,6,2021,10.156476,25.29776,1009.4112,3.856395,-4.7056446,0.47888184,5.253198,25.575195,1010.01807,4.903278,-0.2774353,4.903278,0.2774353,False,False,False,False,False,False,test,no_reliable_analogs,,,,,0,,
2021-07-28 12:00:00,2021-08-01 12:00:00,4,11.999999999999991,73.5,Lakshadweep,8,2021,1.361535,27.910522,1008.6651,6.337838,0.123481035,-0.032470703,0.95066255,28.176483,1009.44,0.4108724,-0.2659607,0.4108724,0.2659607,False,False,False,False,False,False,test,ok,0.0,0.0,1.525147993862629,0.35953369140625,10,0.22441860288381577,0.1130329966545105
2021-06-16 00:00:00,2021-06-20 00:00:00,4,20.999999999999993,72.0,Gujarat,6,2021,4.8813763,26.98816,1003.57623,5.4932218,-0.45005322,0.1270752,8.039659,28.108032,1003.3812,-3.1582823,-1.119873,3.1582823,1.119873,False,False,False,False,False,False,test,ok,0.0,0.2,1.2230924684554338,1.288671875,10,0.34893271178007124,0.23173563182353973
2021-07-24 12:00:00,2021-07-28 12:00:00,4,29.999999999999993,81.0,Uttarakhand,7,2021,18.625246,13.131226,1004.5811,1.3341502,2.421814,0.12747192,21.613218,14.08493,1005.52374,-2.9879723,-0.95370483,2.9879723,0.95370483,False,False,False,False,False,False,test,no_reliable_analogs,,,,,0,,
2021-07-10 00:00:00,2021-07-14 00:00:00,4,20.999999999999993,83.99999999999999,Odisha,7,2021,6.229466,24.555054,1000.93335,2.6211753,1.2626333,-0.017944336,8.07109,26.309937,1002.3281,-1.8416238,-1.7548828,1.8416238,1.7548828,False,False,False,False,False,False,test,ok,0.0,0.0,5.722066950798035,1.60140380859375,10,0.38584756255149844,0.30029726028442383
2021-09-08 12:00:00,2021-09-12 12:00:00,4,28.499999999999982,73.5,Rajasthan,9,2021,2.7365906,29.023468,998.04047,5.6728177,-4.1415634,-0.43276978,7.7953386,29.165863,999.19006,-5.0587482,-0.14239502,5.0587482,0.14239502,False,False,False,False,False,False,test,no_reliable_analogs,,,,,0,,
2021-08-24 12:00:00,2021-08-28 12:00:00,4,20.999999999999993,88.49999999999999,West Bengal,8,2021,4.2223296,28.748169,1001.4737,5.2764015,3.091364,0.010131836,3.9510415,28.421234,999.9506,0.27128816,0.3269348,0.27128816,0.3269348,False,False,False,False,False,False,test,ok,0.0,0.0,6.104231524467468,0.30548095703125,10,0.4051866054534912,0.26169124245643616
2021-07-05 00:00:00,2021-07-09 00:00:00,4,16.499999999999993,74.99999999999999,Karnataka,7,2021,4.654766,22.328125,1005.8229,2.5165892,-0.604269,-0.079559326,10.580501,23.811646,1005.6217,-5.9257345,-1.4835205,5.9257345,1.4835205,False,False,False,False,False,False,test,ok,0.0,0.0,4.7965906143188475,1.78515625,10,0.33929030895233153,0.16147077083587646
2021-06-16 00:00:00,2021-06-20 00:00:00,4,28.499999999999982,76.5,Haryana,6,2021,0.35281214,28.597351,998.6131,3.314278,0.31171092,-0.9161072,0.1423244,26.853546,1000.37024,0.21048774,1.7438049,0.21048774,1.7438049,False,False,False,False,False,False,test,ok,0.0,0.0,0.6002992277033627,0.9796356201171875,10,0.4835312455892563,0.3201117217540741
2021-09-03 12:00:00,2021-09-07 12:00:00,4,28.499999999999982,72.0,Rajasthan,9,2021,0.038938813,37.45401,1000.5717,4.5497136,0.01471906,-0.99661255,0.019553687,39.799347,999.8591,0.019385125,-2.345337,0.019385125,2.345337,False,False,False,False,False,False,test,ok,0.0,0.2,1.0674209095695915,2.04013671875,10,0.44057301580905917,0.3235945403575897
2021-08-13 12:00:00,2021-08-17 12:00:00,4,16.499999999999993,82.5,Andhra Pradesh,8,2021,33.669365,28.069,1002.5676,7.813451,5.630579,0.07574463,16.061829,28.597443,1004.2252,17.607536,-0.5284424,17.607536,0.5284424,False,False,True,False,False,False,test,no_reliable_analogs,,,,,0,,
2021-07-28 12:00:00,2021-08-01 12:00:00,4,34.49999999999999,78.0,Jammu and Kashmir,8,2021,3.0023546,7.7495728,1006.5745,1.4678663,0.6311588,-0.3373413,4.769216,8.00412,1006.84576,-1.7668614,-0.25454712,1.7668614,0.25454712,False,False,False,False,False,False,test,no_reliable_analogs,,,,,0,,
2021-09-05 12:00:00,2021-09-09 12:00:00,4,28.499999999999982,74.99999999999999,Rajasthan,9,2021,3.1038175,29.180847,1000.90717,4.4542646,-0.5300274,0.029937744,0.9964476,31.702454,1001.0157,2.10737,-2.5216064,2.10737,2.5216064,False,False,False,False,False,False,test,ok,0.0,0.0,0.19302140834198717,0.9732666015625,7,0.3963491235460554,0.3411717116832733
2021-08-30 00:00:00,2021-09-03 00:00:00,4,26.999999999999996,88.49999999999999,West Bengal,9,2021,24.732117,18.039856,1008.61487,0.80854577,0.53746986,0.044403076,21.791899,19.294495,1009.8475,2.940218,-1.2546387,2.940218,1.2546387,False,False,False,False,False,False,test,ok,0.0,0.0,7.131155204772949,0.945111083984375,10,0.4017227470874786,0.2273043394088745
2021-09-24 12:00:00,2021-09-28 12:00:00,4,18.0,82.5,Andhra Pradesh,9,2021,10.154441,25.037506,1003.9676,0.62731314,2.8972259,-0.06939697,8.738134,25.741913,1005.2058,1.4163065,-0.70440674,1.4163065,0.70440674,False,False,False,False,False,False,test,no_reliable_analogs,,,,,0,,
2021-06-19 00:00:00,2021-06-23 00:00:00,4,36.0,78.0,Jammu and Kashmir,6,2021,1.9709473,-7.659668,1023.97076,1.1078997,-1.2418087,-0.68621826,2.0851984,-9.604492,1026.7833,-0.11425114,1.9448242,0.11425114,1.9448242,False,False,False,False,False,False,test,ok,0.0,0.2222222222222222,0.6905302239788903,2.500851101345486,9,0.3689084185494317,0.2997369170188904
2021-07-14 12:00:00,2021-07-18 12:00:00,4,28.499999999999982,76.5,Haryana,7,2021,30.280258,29.110138,997.2204,2.3756092,22.925524,-3.249878,4.509238,33.673065,996.146,25.77102,-4.5629272,25.77102,4.5629272,False,True,True,True,False,False,test,no_reliable_analogs,,,,,0,,
2021-07-23 12:00:00,2021-07-27 12:00:00,4,28.499999999999982,88.49999999999999,Sikkim,7,2021,17.147213,7.0510254,1008.2827,2.0516374,0.43962288,-0.44177246,13.982538,8.843445,1007.3193,3.1646748,-1.7924194,3.1646748,1.7924194,False,False,False,False,False,False,test,no_reliable_analogs,,,,,0,,
2021-08-19 12:00:00,2021-08-23 12:00:00,4,16.499999999999993,79.49999999999999,Andhra Pradesh,8,2021,5.158482,28.054718,1005.19055,2.6425471,0.3823533,-0.44570923,1.5783037,31.867828,1004.84705,3.5801783,-3.8131104,3.5801783,3.8131104,False,True,False,True,False,False,test,ok,0.0,0.0,3.2720613569021224,1.5025665283203125,10,0.46130430996418,0.3866112530231476
2021-08-18 00:00:00,2021-08-22 00:00:00,4,25.49999999999999,82.5,Uttar Pradesh,8,2021,8.736326,26.189026,1004.8794,2.200495,2.1063142,0.14782715,6.3210716,28.091217,1005.9582,2.4152546,-1.9021912,2.4152546,1.9021912,False,False,False,False,False,False,test,ok,0.0,0.0,6.454760471979777,1.5947469075520833,6,0.5272786964972814,0.45238131284713745
2021-07-17 12:00:00,2021-07-21 12:00:00,4,28.499999999999982,70.49999999999999,Rajasthan,7,2021,0.015539401,38.57025,991.161,3.0855901,-0.23757565,1.8486633,0.2108261,38.327515,992.88477,-0.19528669,0.24273682,0.19528669,0.24273682,False,False,False,False,False,False,test,no_reliable_analogs,,,,,0,,
2021-08-01 00:00:00,2021-08-05 00:00:00,4,25.49999999999999,83.99999999999999,Bihar,8,2021,0.908567,26.729645,1001.30365,1.2159454,-0.28185946,0.18463135,8.898608,27.712097,1000.58234,-7.9900413,-0.9824524,7.9900413,0.9824524,False,False,False,False,False,False,test,ok,0.1,0.0,3.215541958808899,2.03134765625,10,0.4781862378120422,0.40877479314804077
2021-06-04 12:00:00,2021-06-08 12:00:00,4,9.0,76.5,Kerala,6,2021,14.725297,25.483643,1009.3851,4.7317376,-14.332334,0.38131714,13.56348,27.148071,1008.8869,1.1618166,-1.6644287,1.1618166,1.6644287,False,False,False,False,False,False,test,no_reliable_analogs,,,,,0,,
2021-06-24 00:00:00,2021-06-28 00:00:00,4,22.5,88.49999999999999,West Bengal,6,2021,6.3999295,27.10379,1003.0467,3.100698,1.7358899,-0.073516846,3.3359346,28.688477,1005.99023,3.063995,-1.5846863,3.063995,1.5846863,False,False,False,False,False,False,test,ok,0.0,0.0,6.841380834579468,0.8424713134765625,10,0.3559811808168888,0.11280540376901627
2021-07-31 12:00:00,2021-08-04 12:00:00,4,22.5,76.5,Madhya Pradesh,8,2021,31.532276,25.442413,1001.10455,5.9721947,24.049501,-1.2223206,5.9950943,26.76596,1002.7106,25.537182,-1.3235474,25.537182,1.3235474,False,False,True,False,False,False,test,no_reliable_analogs,,,,,0,,
2021-07-20 12:00:00,2021-07-24 12:00:00,4,25.49999999999999,74.99999999999999,Rajasthan,7,2021,28.887182,28.154114,996.3217,1.7370113,-3.813696,-1.3086243,8.106958,32.606506,997.1707,20.780224,-4.4523926,20.780224,4.4523926,False,True,True,True,False,False,test,no_reliable_analogs,,,,,0,,
2021-07-11 12:00:00,2021-07-15 12:00:00,4,19.499999999999996,76.5,Maharashtra,7,2021,7.155528,28.088104,999.9578,3.217439,-37.418377,0.99749756,13.659863,28.042847,999.7965,-6.5043354,0.04525757,6.5043354,0.04525757,False,False,False,False,False,False,test,no_reliable_analogs,,,,,0,,
2021-09-10 00:00:00,2021-09-14 00:00:00,4,10.499999999999996,76.5,Kerala,9,2021,8.951917,22.864014,1009.01776,2.7038932,-1.9013252,0.031982422,7.8059673,24.450104,1008.5326,1.1459494,-1.5860901,1.1459494,1.5860901,False,False,False,False,False,False,test,ok,0.0,0.0,3.1982893466949465,1.4300750732421874,10,0.3407370001077652,0.20052167773246765
2021-07-15 12:00:00,2021-07-19 12:00:00,4,18.0,79.49999999999999,Andhra Pradesh,7,2021,13.627032,28.09842,999.87366,1.750447,-1.1885633,0.3241577,7.548621,30.456665,1000.43134,6.078411,-2.3582458,6.078411,2.3582458,False,False,False,False,False,False,test,no_reliable_analogs,,,,,0,,
2021-07-15 00:00:00,2021-07-19 00:00:00,4,19.499999999999996,82.5,Odisha,7,2021,3.1103299,23.204926,1002.54834,2.2794886,-2.3859713,0.23287964,9.349612,25.562317,1003.854,-6.2392826,-2.3573914,6.2392826,2.3573914,False,False,False,False,False,False,test,ok,0.0,0.0,3.2288034677505495,1.64268798828125,10,0.40307489037513733,0.28367891907691956
2021-08-15 12:00:00,2021-08-19 12:00:00,4,34.49999999999999,76.5,Jammu and Kashmir,8,2021,0.079308875,12.053986,1009.1982,1.5421287,0.026981503,-0.12225342,0.2471575,13.967377,1008.3158,-0.16784862,-1.9133911,0.16784862,1.9133911,False,False,False,False,False,False,test,ok,0.0,0.0,0.6048458009958267,1.485980224609375,10,0.37419030964374544,0.21403640508651733
2021-09-01 12:00:00,2021-09-05 12:00:00,4,22.5,69.0,Gujarat,9,2021,2.4766686,27.411316,1002.6956,6.293875,-1.0963466,0.12133789,4.2952495,28.252167,1002.37885,-1.8185809,-0.84085083,1.8185809,0.84085083,False,False,False,False,False,False,test,ok,0.1,0.0,5.151321571320295,0.2583526611328125,10,0.3730348199605942,0.30794671177864075
2021-06-26 00:00:00,2021-06-30 00:00:00,4,11.999999999999991,79.49999999999999,Tamil Nadu,6,2021,0.9116136,26.681671,1006.45795,2.3400881,0.57911074,0.04888916,0.4843136,28.161041,1006.9858,0.42729998,-1.4793701,0.42729998,1.4793701,False,False,False,False,False,False,test,no_reliable_analogs,,,,,0,,
2021-07-28 12:00:00,2021-08-01 12:00:00,4,28.499999999999982,97.49999999999999,Arunachal Pradesh,8,2021,8.152592,11.378967,1010.51447,0.65467435,3.6563106,-0.032592773,10.4235735,12.469055,1009.5207,-2.2709818,-1.0900879,2.2709818,1.0900879,False,False,False,False,False,False,test,ok,0.0,0.0,2.3589191913604735,2.0423797607421874,10,0.3960482895374298,0.3318255841732025
2021-08-18 00:00:00,2021-08-22 00:00:00,4,28.499999999999982,76.5,Haryana,8,2021,13.637432,25.409576,1004.8081,2.64169,-4.0190334,0.1255188,13.515426,27.00122,1005.1121,0.12200642,-1.5916443,0.12200642,1.5916443,False,False,False,False,False,False,test,no_reliable_analogs,,,,,0,,
2021-07-02 12:00:00,2021-07-06 12:00:00,4,34.49999999999999,73.5,Jammu and Kashmir,7,2021,1.5577903,23.508423,1005.4171,1.3275666,-0.41947067,0.5347595,2.9344716,24.193909,1006.36865,-1.3766813,-0.68548584,1.3766813,0.68548584,False,False,False,False,False,False,test,ok,0.0,0.0,2.240096852183342,2.1702488490513394,7,0.32462049807821003,0.19101430475711823
2021-07-20 00:00:00,2021-07-24 00:00:00,4,26.999999999999996,81.0,Uttar Pradesh,7,2021,2.3005586,27.236023,997.4378,3.4304554,0.24451613,0.05178833,1.3062228,29.901886,997.5218,0.9943358,-2.665863,0.9943358,2.665863,False,False,False,False,False,False,test,ok,0.1,0.0,4.54039540886879,0.9929534912109375,10,0.3222844168543816,0.2295101433992386
2021-08-16 00:00:00,2021-08-20 00:00:00,4,31.499999999999993,74.99999999999999,Punjab,8,2021,0.09547029,27.604645,1001.6448,2.8874204,-0.33953014,0.25753784,0.13471086,28.619232,1000.67053,-0.039240576,-1.0145874,0.039240576,1.0145874,False,False,False,False,False,False,test,ok,0.0,0.0,0.534756921697408,1.4437469482421874,10,0.39982212483882906,0.27753570675849915
2021-06-21 00:00:00,2021-06-25 00:00:00,4,28.499999999999982,91.5,Arunachal Pradesh,6,2021,3.5062451,5.1841736,1012.1867,1.5495553,-0.7157407,0.0020446777,1.7509357,5.840271,1014.03455,1.7553095,-0.6560974,1.7553095,0.6560974,False,False,False,False,False,False,test,ok,0.0,0.0,2.0417455434799194,1.09737548828125,10,0.3275658145546913,0.18694165349006653
2021-08-06 12:00:00,2021-08-10 12:00:00,4,25.49999999999999,83.99999999999999,Bihar,8,2021,7.286704,30.063385,997.91846,2.4595194,-0.12141943,0.17388916,8.600249,29.876709,998.19336,-1.3135452,0.18667603,1.3135452,0.18667603,False,False,False,False,False,False,test,ok,0.0,0.0,6.715421104431153,1.469805908203125,10,0.49275666773319243,0.3961757719516754
2021-09-28 00:00:00,2021-10-02 00:00:00,4,25.49999999999999,70.49999999999999,Rajasthan,10,2021,0.4716785,24.53659,1008.0062,1.9112041,-0.7918346,0.08566284,0.003751628,26.451996,1008.1077,0.46792686,-1.9154053,0.46792686,1.9154053,False,False,False,False,False,False,test,no_reliable_analogs,,,,,0,,
2021-06-23 00:00:00,2021-06-27 00:00:00,4,10.499999999999996,78.0,Tamil Nadu,6,2021,0.07874346,25.089172,1008.0197,3.4723022,0.05447112,0.6041565,0.30730516,26.251251,1008.0613,-0.2285617,-1.1620789,0.2285617,1.1620789,False,False,False,False,False,False,test,no_reliable_analogs,,,,,0,,
2021-06-26 12:00:00,2021-06-30 12:00:00,4,28.499999999999982,72.0,Rajasthan,6,2021,0.00021054143,43.387238,993.0256,7.7768965,0.00021054143,0.125,2.0489093e-05,43.901367,994.8046,0.00019005233,-0.51412964,0.00019005233,0.51412964,False,False,False,False,False,False,test,ok,0.0,0.0,0.004790635955032485,0.9008148193359375,10,0.42505462765693663,0.33851268887519836
2021-07-22 12:00:00,2021-07-26 12:00:00,4,9.0,79.49999999999999,Tamil Nadu,7,2021,0.2358771,28.448975,1005.77576,8.650734,0.19758306,-0.06253052,1.0830148,28.30835,1006.9437,-0.84713775,0.140625,0.84713775,0.140625,False,False,False,False,False,False,test,ok,0.0,0.0,0.171301232278347,0.468194580078125,10,0.21438491344451904,0.1635422706604004
2021-07-09 00:00:00,2021-07-13 00:00:00,4,20.999999999999993,76.5,Maharashtra,7,2021,5.6766095,24.529755,999.45087,1.1203778,-5.64199,0.0022583008,6.6289177,26.297546,1001.1432,-0.9523082,-1.7677917,0.9523082,1.7677917,False,False,False,False,False,False,test,no_reliable_analogs,,,,,0,,
2021-08-26 12:00:00,2021-08-30 12:00:00,4,25.49999999999999,70.49999999999999,Rajasthan,8,2021,0.0156756,36.76361,1001.1818,2.837033,-0.016862862,-0.05493164,0.06192844,35.808807,1001.5354,-0.04625284,0.95480347,0.04625284,0.95480347,False,False,False,False,False,False,test,no_reliable_analogs,,,,,0,,
2021-07-17 00:00:00,2021-07-21 00:00:00,4,26.999999999999996,81.0,Uttar Pradesh,7,2021,8.114762,26.183685,999.5442,1.4205644,-4.5025053,0.40008545,13.625809,26.688873,997.6146,-5.5110464,-0.505188,5.5110464,0.505188,False,False,False,False,False,False,test,ok,0.0,0.1,4.609957075119018,1.639764404296875,10,0.48718837797641756,0.4275519549846649
2021-09-25 12:00:00,2021-09-29 12:00:00,4,25.49999999999999,92.99999999999999,Assam,9,2021,7.926426,25.002838,1008.3592,1.0332518,-1.6939898,0.30056763,11.373589,26.777252,1009.7159,-3.4471626,-1.7744141,3.4471626,1.7744141,False,False,False,False,False,False,test,ok,0.0,0.1,3.46019070148468,2.3693328857421876,10,0.3711704209446907,0.24969615042209625
2021-09-27 00:00:00,2021-10-01 00:00:00,4,25.49999999999999,91.5,Meghalaya,10,2021,4.6083612,22.21762,1010.99896,0.9943042,-1.8804922,0.06930542,3.8481297,25.436462,1011.1085,0.7602315,-3.2188416,0.7602315,3.2188416,False,True,False,True,False,False,test,ok,0.0,0.1,0.8567234814167023,2.41375732421875,10,0.5171759754419327,0.42028793692588806
2021-09-17 00:00:00,2021-09-21 00:00:00,4,16.499999999999993,73.5,Maharashtra,9,2021,8.790394,24.25595,1008.4278,2.6951761,-2.6911526,-0.020629883,4.3132887,25.057892,1009.0661,4.477105,-0.8019409,4.477105,0.8019409,False,False,False,False,False,False,test,ok,0.0,0.0,7.22692220211029,1.066131591796875,10,0.41111365854740145,0.29895666241645813
2021-09-27 12:00:00,2021-10-01 12:00:00,4,11.999999999999991,72.0,Lakshadweep,10,2021,5.5721807,27.480377,1007.3618,5.2294273,-2.0195112,0.16516113,2.353525,27.865814,1007.63837,3.2186558,-0.385437,3.2186558,0.385437,False,False,False,False,False,False,test,no_reliable_analogs,,,,,0,,
2021-07-02 00:00:00,2021-07-06 00:00:00,4,25.49999999999999,82.5,Uttar Pradesh,7,2021,0.3468209,28.532593,999.60455,2.9467568,0.34119892,-0.7348938,2.2053616,29.099731,1001.48456,-1.8585408,-0.5671387,1.8585408,0.5671387,False,False,False,False,False,False,test,ok,0.0,0.0,5.123735040426254,0.9212226867675781,8,0.4929927960038185,0.40885210037231445
2021-08-18 00:00:00,2021-08-22 00:00:00,4,26.999999999999996,94.5,Assam,8,2021,7.540721,24.497223,1006.8004,2.3526022,1.0832076,0.110443115,4.969244,25.14444,1007.51013,2.571477,-0.6472168,2.571477,0.6472168,False,False,False,False,False,False,test,ok,0.0,0.0,1.9676617622375487,1.9054779052734374,10,0.48601550459861753,0.3863731324672699
2021-06-24 12:00:00,2021-06-28 12:00:00,4,28.499999999999982,94.5,Arunachal Pradesh,6,2021,42.239246,18.813599,1004.8672,0.75597864,1.0708961,0.1454773,24.878132,19.684692,1006.19867,17.361115,-0.87109375,17.361115,0.87109375,False,False,True,False,False,False,test,no_reliable_analogs,,,,,0,,
2021-08-08 12:00:00,2021-08-12 12:00:00,4,28.499999999999982,79.49999999999999,Uttar Pradesh,8,2021,0.858626,31.677368,1000.2024,2.9825537,-0.070249796,0.15930176,1.756881,31.983948,1001.5344,-0.898255,-0.3065796,0.898255,0.3065796,False,False,False,False,False,False,test,ok,0.0,0.0,1.3891471929848194,0.723236083984375,10,0.4499237388372421,0.3819863796234131
2021-07-20 12:00:00,2021-07-24 12:00:00,4,26.999999999999996,83.99999999999999,Uttar Pradesh,7,2021,3.4796534,31.585785,995.1844,2.763522,-0.72604656,0.58447266,1.8501277,32.068665,996.6268,1.6295257,-0.48287964,1.6295257,0.48287964,False,False,False,False,False,False,test,ok,0.0,0.0,3.7151185274124146,1.0461212158203126,10,0.49263818860054015,0.39081209897994995
2021-06-15 12:00:00,2021-06-19 12:00:00,4,11.999999999999991,94.5,Andaman and Nicobar,6,2021,7.751663,28.187988,1008.46606,6.527247,2.547905,-0.04736328,1.431598,28.585266,1009.2958,6.3200655,-0.39727783,6.3200655,0.39727783,False,False,False,False,False,False,test,ok,0.0,0.0,1.858410085950579,1.0424891880580358,7,0.38489839008876253,0.34501540660858154
2021-09-16 00:00:00,2021-09-20 00:00:00,4,29.999999999999993,73.5,Rajasthan,9,2021,0.06124167,27.660492,1004.8843,1.9912919,0.05986306,-0.020843506,0.057256,28.772552,1005.4904,0.003985673,-1.1120605,0.003985673,1.1120605,False,False,False,False,False,False,test,ok,0.1,0.0,2.516535301879048,1.1295379638671874,10,0.34469158202409744,0.15106232464313507
2021-09-23 12:00:00,2021-09-27 12:00:00,4,26.999999999999996,72.0,Rajasthan,9,2021,1.1929862,29.974365,1002.80945,3.6842167,-5.530258,1.98526,1.8713181,31.591522,1002.51843,-0.67833185,-1.617157,0.67833185,1.617157,False,False,False,False,False,False,test,no_reliable_analogs,,,,,0,,
2021-06-23 12:00:00,2021-06-27 12:00:00,4,22.5,82.5,Chhattisgarh,6,2021,4.912323,28.58545,1002.23083,1.8307805,4.1976075,-2.245636,20.823313,30.140594,1003.9687,-15.91099,-1.5551453,15.91099,1.5551453,False,False,False,False,False,False,test,no_reliable_analogs,,,,,0,,
2021-08-01 12:00:00,2021-08-05 12:00:00,4,18.0,81.0,Chhattisgarh,8,2021,1.4804561,31.1232,1001.45447,2.362934,-0.7185819,0.32580566,0.59633625,31.340393,1001.77313,0.88411987,-0.2171936,0.88411987,0.2171936,False,False,False,False,False,False,test,ok,0.0,0.1,6.274367392063141,1.16922607421875,10,0.4176619589328766,0.325620174407959
2021-07-12 00:00:00,2021-07-16 00:00:00,4,26.999999999999996,85.5,Bihar,7,2021,6.9555736,23.921783,1007.2347,1.9606313,0.29241657,-0.27752686,12.007664,26.267395,1007.9361,-5.05209,-2.3456116,5.05209,2.3456116,False,False,False,False,False,False,test,no_reliable_analogs,,,,,0,,
2021-08-03 12:00:00,2021-08-07 12:00:00,4,24.0,72.0,Gujarat,8,2021,0.29310045,31.901642,1000.9055,3.6099596,0.22685762,-1.0927124,0.19045521,34.09091,1001.9853,0.10264523,-2.18927,0.10264523,2.18927,False,False,False,False,False,False,test,no_reliable_analogs,,,,,0,,
2021-09-27 12:00:00,2021-10-01 12:00:00,4,24.0,70.49999999999999,Gujarat,10,2021,0.49642065,29.990234,1006.40204,2.616203,0.072743,-0.44448853,0.824754,32.08133,1006.48627,-0.32833335,-2.091095,0.32833335,2.091095,False,False,False,False,False,False,test,no_reliable_analogs,,,,,0,,
2021-09-25 12:00:00,2021-09-29 12:00:00,4,26.999999999999996,88.49999999999999,West Bengal,9,2021,8.372015,19.008453,1010.68506,0.6866327,-1.5377274,0.085876465,7.5192733,21.037018,1012.00446,0.8527417,-2.0285645,0.8527417,2.0285645,False,False,False,False,False,False,test,ok,0.0,0.0,2.3329047203063964,1.631964111328125,10,0.33940762281417847,0.21724966168403625
2021-08-06 00:00:00,2021-08-10 00:00:00,4,28.499999999999982,92.99999999999999,Arunachal Pradesh,8,2021,12.644722,8.860809,1011.8208,0.57017094,-2.6183825,-0.101257324,14.463853,10.943512,1011.7271,-1.8191309,-2.0827026,1.8191309,2.0827026,False,False,False,False,False,False,test,ok,0.0,0.0,4.93475456237793,1.47774658203125,10,0.37917097061872485,0.24277685582637787
2021-06-19 12:00:00,2021-06-23 12:00:00,4,26.999999999999996,94.5,Assam,6,2021,19.697517,27.19928,1002.6022,1.024752,-0.33665848,0.23416138,37.5926,29.30832,1002.9877,-17.895084,-2.1090393,17.895084,2.1090393,False,False,True,False,False,False,test,ok,0.0,0.14285714285714285,7.714052472795759,1.2750462123325892,7,0.5205385982990265,0.37759193778038025
2021-09-06 00:00:00,2021-09-10 00:00:00,4,32.999999999999986,78.0,Jammu and Kashmir,9,2021,4.591644,-0.023986816,1018.40857,0.6059602,-0.11105919,0.020568848,7.809117,1.8141174,1019.997,-3.217473,-1.8381042,3.217473,1.8381042,False,False,False,False,False,False,test,ok,0.0,0.0,1.08919358253479,2.111224365234375,5,0.3809625208377838,0.31108471751213074
2021-09-26 00:00:00,2021-09-30 00:00:00,4,26.999999999999996,72.0,Rajasthan,9,2021,0.3691988,25.684174,1005.93005,3.8311615,0.13546355,0.23623657,0.82791597,27.454407,1006.83673,-0.45871717,-1.7702332,0.45871717,1.7702332,False,False,False,False,False,False,test,ok,0.0,0.0,0.16660721451080462,1.314874267578125,10,0.3163815811276436,0.20669755339622498
2021-09-20 00:00:00,2021-09-24 00:00:00,4,26.999999999999996,76.5,Rajasthan,9,2021,2.8915584,24.185059,1006.96423,3.445952,-8.201633,0.59503174,0.9335589,26.096588,1007.2849,1.9579995,-1.9115295,1.9579995,1.9115295,False,False,False,False,False,False,test,no_reliable_analogs,,,,,0,,
2021-08-07 00:00:00,2021-08-11 00:00:00,4,26.999999999999996,76.5,Rajasthan,8,2021,0.17256276,26.070831,1002.2727,5.0222206,-0.17368989,-0.42803955,0.32775748,27.249878,1003.1866,-0.15519471,-1.1790466,0.15519471,1.1790466,False,False,False,False,False,False,test,ok,0.0,0.2,0.39597057104110717,2.215771484375,5,0.44538450241088867,0.37927597761154175
2021-07-20 12:00:00,2021-07-24 12:00:00,4,18.0,83.99999999999999,Andhra Pradesh,7,2021,0.63810986,30.026428,997.7097,7.758604,-0.055720806,-0.009643555,1.0731887,29.761261,998.4469,-0.4350788,0.26516724,0.4350788,0.26516724,False,False,False,False,False,False,test,ok,0.2,0.0,7.420784068107605,0.5767669677734375,10,0.38268539011478425,0.33591026067733765
2021-06-22 00:00:00,2021-06-26 00:00:00,4,24.0,83.99999999999999,Jharkhand,6,2021,18.165123,23.678802,1001.2261,1.1296057,15.24132,-1.6716309,19.102938,24.978943,1001.7274,-0.9378147,-1.3001404,0.9378147,1.3001404,False,False,False,False,False,False,test,no_reliable_analogs,,,,,0,,
2021-07-29 12:00:00,2021-08-02 12:00:00,4,28.499999999999982,88.49999999999999,Sikkim,8,2021,2.7063057,9.522186,1008.3582,3.0722642,-0.16253686,0.10235596,4.827036,11.543701,1007.6033,-2.1207302,-2.021515,2.1207302,2.021515,False,False,False,False,False,False,test,ok,0.0,0.14285714285714285,0.47788543360573904,1.7604806082589286,7,0.31994035840034485,0.17661495506763458
2021-06-17 00:00:00,2021-06-21 00:00:00,4,18.0,82.5,Andhra Pradesh,6,2021,0.4710931,24.567444,1005.5616,2.8036742,-0.24252442,0.3373413,0.5584286,25.838257,1005.8364,-0.0873355,-1.270813,0.0873355,1.270813,False,False,False,False,False,False,test,ok,0.0,0.0,2.009789913892746,1.4995880126953125,6,0.4345664431651433,0.31232747435569763
2021-06-06 12:00:00,2021-06-10 12:00:00,4,18.0,82.5,Andhra Pradesh,6,2021,9.730396,28.136627,999.7738,2.8577318,1.3815565,-0.22583008,3.387721,27.898224,999.745,6.342675,0.23840332,6.342675,0.23840332,False,False,False,False,False,False,test,no_reliable_analogs,,,,,0,,
2021-06-04 12:00:00,2021-06-08 12:00:00,4,20.999999999999993,79.49999999999999,Maharashtra,6,2021,3.5968685,30.856445,1001.9729,2.061169,2.4976726,-2.6513367,9.500313,30.07022,1001.80774,-5.9034443,0.78622437,5.9034443,0.78622437,False,False,False,False,False,False,test,no_reliable_analogs,,,,,0,,
2021-09-03 12:00:00,2021-09-07 12:00:00,4,20.999999999999993,88.49999999999999,West Bengal,9,2021,30.072624,28.829803,1003.693,7.9998074,16.116371,0.11752319,41.943665,28.598633,1005.44147,-11.87104,0.23117065,11.87104,0.23117065,False,False,True,False,False,False,test,no_reliable_analogs,,,,,0,,
2021-07-28 12:00:00,2021-08-01 12:00:00,4,25.49999999999999,82.5,Uttar Pradesh,8,2021,30.940516,27.763153,993.3413,3.1721225,12.026268,-2.4263916,27.983292,28.774384,995.0517,2.957224,-1.0112305,2.957224,1.0112305,False,False,False,False,False,False,test,no_reliable_analogs,,,,,0,,
2021-08-04 12:00:00,2021-08-08 12:00:00,4,32.999999999999986,73.5,Jammu and Kashmir,8,2021,3.6283443,31.480286,1002.1563,1.2859248,-1.5669196,0.7003479,2.0517328,30.447693,1001.9551,1.5766115,1.0325928,1.5766115,1.0325928,False,False,False,False,False,False,test,no_reliable_analogs,,,,,0,,
2021-09-23 12:00:00,2021-09-27 12:00:00,4,14.999999999999996,73.5,Goa,9,2021,2.8617647,26.708923,1005.13116,4.2611303,-1.2001989,-0.13998413,4.553951,26.281738,1004.44116,-1.6921861,0.42718506,1.6921861,0.42718506,False,False,False,False,False,False,test,ok,0.0,0.0,1.5777560889720916,0.7110321044921875,10,0.4696109741926193,0.3323710858821869
2021-08-01 12:00:00,2021-08-05 12:00:00,4,32.999999999999986,76.5,Himachal Pradesh,8,2021,2.2202516,11.875214,1010.3898,1.2060272,-2.126285,0.43652344,3.2468352,14.466949,1009.6492,-1.0265837,-2.5917358,1.0265837,2.5917358,False,False,False,False,False,False,test,ok,0.0,0.1,1.3826256096363068,2.0017425537109377,10,0.4302482604980469,0.3650742173194885
2021-07-26 12:00:00,2021-07-30 12:00:00,4,34.49999999999999,74.99999999999999,Jammu and Kashmir,7,2021,12.40383,14.443024,1005.49713,1.318393,-4.928236,1.1364441,20.013138,15.8437195,1007.90485,-7.6093082,-1.4006958,7.6093082,1.4006958,False,False,True,False,False,False,test,no_reliable_analogs,,,,,0,,
2021-07-07 00:00:00,2021-07-11 00:00:00,4,36.0,78.0,Jammu and Kashmir,7,2021,0.0018962582,-2.5738525,1022.52264,1.1352823,-0.01778844,0.29718018,0.0047766147,-8.962952,1021.7689,-0.0028803565,6.389099,0.0028803565,6.389099,False,True,False,True,False,False,test,ok,0.0,0.3,0.9382449701428414,2.0927093505859373,10,0.37885171473026275,0.2937352657318115
2021-08-29 00:00:00,2021-09-02 00:00:00,4,25.49999999999999,74.99999999999999,Rajasthan,9,2021,7.0385385,24.04654,1004.1838,1.3691473,-2.2757506,-0.08352661,9.9558525,25.3208,1004.38306,-2.917314,-1.2742615,2.917314,1.2742615,False,False,False,False,False,False,test,ok,0.0,0.2857142857142857,2.0263891390391757,2.2688162667410716,7,0.45921000838279724,0.3860623836517334
2021-08-28 00:00:00,2021-09-01 00:00:00,4,9.0,92.99999999999999,Andaman and Nicobar,9,2021,10.512435,27.350525,1009.80164,4.605026,-0.15478134,-0.23147583,9.08374,26.614105,1009.92725,1.4286947,0.7364197,1.4286947,0.7364197,False,False,False,False,False,False,test,ok,0.0,0.0,6.6125328063964846,0.624884033203125,5,0.3639748334884644,0.30729296803474426
2021-09-30 12:00:00,2021-10-04 12:00:00,4,22.5,79.49999999999999,Madhya Pradesh,10,2021,3.1998603,27.135742,1006.4158,0.9019404,-1.3422515,0.0965271,2.4885902,29.812347,1005.5398,0.7112701,-2.6766052,0.7112701,2.6766052,False,False,False,False,False,False,test,ok,0.0,0.0,1.5030022382736206,2.1371063232421874,10,0.47003571689128876,0.3120350241661072
2021-09-24 00:00:00,2021-09-28 00:00:00,4,20.999999999999993,82.5,Chhattisgarh,9,2021,6.3580894,23.266785,1004.7082,1.5817034,-14.68228,0.033721924,1.6110704,25.831543,1004.3553,4.747019,-2.5647583,4.747019,2.5647583,False,False,False,False,False,False,test,no_reliable_analogs,,,,,0,,
2021-06-10 12:00:00,2021-06-14 12:00:00,4,28.499999999999982,81.0,Uttar Pradesh,6,2021,32.81516,25.134918,995.1594,2.0339527,-23.131313,1.012207,91.55159,24.129974,997.0107,-58.73643,1.0049438,58.73643,1.0049438,True,False,True,False,True,False,test,no_reliable_analogs,,,,,0,,
2021-08-10 12:00:00,2021-08-14 12:00:00,4,20.999999999999993,83.99999999999999,Odisha,8,2021,6.3392334,28.874207,1000.26624,1.121508,3.6251705,-0.46704102,2.8833382,29.703217,999.8854,3.4558952,-0.82901,3.4558952,0.82901,False,False,False,False,False,False,test,ok,0.0,0.0,4.806216406822204,1.1107879638671876,10,0.48608492612838744,0.37116730213165283
2021-08-05 00:00:00,2021-08-09 00:00:00,4,29.999999999999993,74.99999999999999,Punjab,8,2021,0.3126354,27.717255,1002.7101,1.9273806,-0.119009644,-0.20220947,0.20355816,28.992126,1002.92847,0.10907723,-1.2748718,0.10907723,1.2748718,False,False,False,False,False,False,test,ok,0.0,0.0,0.9459925703704357,1.66124267578125,10,0.36065628528594973,0.16861185431480408
2021-06-03 00:00:00,2021-06-07 00:00:00,4,25.49999999999999,90.0,Meghalaya,6,2021,3.7913625,26.183746,1000.2435,3.393807,-1.0531352,-0.18533325,15.626782,26.045746,1003.5493,-11.83542,0.13800049,11.83542,0.13800049,False,False,False,False,False,False,test,ok,0.0,0.0,5.003073771794637,1.110107421875,9,0.47774553630087113,0.2917631268501282
2021-07-07 00:00:00,2021-07-11 00:00:00,4,20.999999999999993,82.5,Chhattisgarh,7,2021,11.326734,23.963226,1001.3769,0.9050198,-16.604923,-0.40863037,3.8474152,27.904175,1000.99304,7.4793186,-3.9409485,7.4793186,3.9409485,False,True,False,True,False,False,test,no_reliable_analogs,,,,,0,,
2021-07-25 12:00:00,2021-07-29 12:00:00,4,24.0,83.99999999999999,Jharkhand,7,2021,39.70989,25.120056,997.7802,4.040819,24.907528,0.09674072,4.612444,26.656158,997.17694,35.097443,-1.5361023,35.097443,1.5361023,False,False,True,False,False,False,test,no_reliable_analogs,,,,,0,,
2021-08-31 00:00:00,2021-09-04 00:00:00,4,24.0,74.99999999999999,Madhya Pradesh,9,2021,1.1257538,23.021027,1004.59485,2.448346,-0.30421746,-0.1585083,0.9398509,25.322144,1004.9758,0.18590283,-2.301117,0.18590283,2.301117,False,False,False,False,False,False,test,ok,0.0,0.1,2.881954001262784,2.3754547119140623,10,0.4073078691959381,0.33190369606018066
2021-07-03 00:00:00,2021-07-07 00:00:00,4,9.0,76.5,Kerala,7,2021,18.230333,24.58789,1006.5639,4.141393,2.4711647,0.2142334,3.7299683,25.744781,1006.75085,14.500365,-1.1568909,14.500365,1.1568909,False,False,True,False,False,False,test,ok,0.0,0.0,8.982363973345075,0.6218523297991071,7,0.4009293019771576,0.28433388471603394
2021-07-22 12:00:00,2021-07-26 12:00:00,4,28.499999999999982,74.99999999999999,Rajasthan,7,2021,0.28805858,37.368286,992.13403,1.9271034,0.11111836,-1.1047668,0.6738,35.860687,993.92084,-0.3857414,1.5075989,0.3857414,1.5075989,False,False,False,False,False,False,test,no_reliable_analogs,,,,,0,,
2021-07-12 00:00:00,2021-07-16 00:00:00,4,20.999999999999993,73.5,Gujarat,7,2021,9.393503,24.845795,1000.7086,3.0863667,0.16644001,-0.5237427,15.152223,25.61264,1002.1319,-5.7587194,-0.7668457,5.7587194,0.7668457,False,False,False,False,False,False,test,ok,0.0,0.2,6.837289333343506,1.57564697265625,5,0.4763469696044922,0.43521708250045776
2021-07-19 00:00:00,2021-07-23 00:00:00,4,32.999999999999986,79.49999999999999,Jammu and Kashmir,7,2021,0.026320383,5.008972,1008.28046,1.1288047,-0.026224542,0.4025879,0.18914415,6.690979,1008.85034,-0.16282377,-1.6820068,0.16282377,1.6820068,False,False,False,False,False,False,test,ok,0.0,0.0,1.0592687904136255,1.242279052734375,10,0.35509234964847564,0.2042018175125122
2021-07-25 00:00:00,2021-07-29 00:00:00,4,10.499999999999996,78.0,Tamil Nadu,7,2021,0.06893046,24.29486,1008.28656,3.9700902,-0.025689855,-0.042663574,0.9879681,25.917969,1009.20154,-0.91903764,-1.6231079,0.91903764,1.6231079,False,False,False,False,False,False,test,ok,0.0,0.0,0.8837254077196122,1.7274383544921874,10,0.21094933226704599,0.06783153116703033
2021-09-17 12:00:00,2021-09-21 12:00:00,4,24.0,94.5,Manipur,9,2021,30.813131,23.454529,1007.154,0.82017154,11.042173,-0.15057373,8.332597,24.938232,1006.8172,22.480534,-1.4837036,22.480534,1.4837036,False,False,True,False,False,False,test,no_reliable_analogs,,,,,0,,
2021-06-30 00:00:00,2021-07-04 00:00:00,4,16.499999999999993,78.0,Andhra Pradesh,7,2021,0.41056207,24.442474,1007.09143,3.2464883,0.31405807,-0.388031,0.04518483,26.048431,1007.558,0.36537725,-1.605957,0.36537725,1.605957,False,False,False,False,False,False,test,ok,0.0,0.3,1.47343640178442,2.2989166259765623,10,0.4159551650285721,0.3502383828163147
2021-07-08 12:00:00,2021-07-12 12:00:00,4,28.499999999999982,79.49999999999999,Uttar Pradesh,7,2021,4.103441,31.37909,1000.58966,3.4057748,-3.7014604,1.2872009,6.3249025,31.38501,1001.89655,-2.2214613,-0.00592041,2.2214613,0.00592041,False,False,False,False,False,False,test,no_reliable_analogs,,,,,0,,
2021-08-28 12:00:00,2021-09-01 12:00:00,4,10.499999999999996,78.0,Tamil Nadu,9,2021,0.5300147,30.055023,1005.5854,3.0346022,-0.26995385,0.059509277,0.52824986,30.799438,1005.9222,0.0017648339,-0.7444153,0.0017648339,0.7444153,False,False,False,False,False,False,test,no_reliable_analogs,,,,,0,,
2021-06-13 00:00:00,2021-06-17 00:00:00,4,18.0,83.99999999999999,Andhra Pradesh,6,2021,0.3757732,28.560364,1001.3017,7.5731187,0.17328231,0.32141113,2.349427,28.865753,1000.65094,-1.9736538,-0.3053894,1.9736538,0.3053894,False,False,False,False,False,False,test,ok,0.0,0.0,1.7830271795392036,0.4716064453125,10,0.3867208778858185,0.20404505729675293
2021-06-13 00:00:00,2021-06-17 00:00:00,4,28.499999999999982,88.49999999999999,Sikkim,6,2021,2.8427422,3.5069885,1014.50385,1.6976897,-0.7234118,0.26974487,2.047628,3.8027954,1014.62885,0.7951143,-0.29580688,0.7951143,0.29580688,False,False,False,False,False,False,test,ok,0.0,0.1,2.153348523378372,1.727923583984375,10,0.3236865073442459,0.20178154110908508
2021-06-17 12:00:00,2021-06-21 12:00:00,4,22.5,91.5,Tripura,6,2021,13.425437,26.935608,1002.0927,3.5104291,6.1823335,-0.7446289,20.701138,28.094543,1001.7949,-7.2757006,-1.1589355,7.2757006,1.1589355,False,False,False,False,False,False,test,ok,0.0,0.0,12.223544120788574,0.78436279296875,6,0.4953726977109909,0.29151201248168945
2021-06-15 12:00:00,2021-06-19 12:00:00,4,7.499999999999991,92.99999999999999,Andaman and Nicobar,6,2021,3.4312544,27.525604,1009.9952,5.2250857,3.0427778,-1.2249451,1.4596472,28.60028,1009.856,1.9716072,-1.0746765,1.9716072,1.0746765,False,False,False,False,False,False,test,no_reliable_analogs,,,,,0,,
2021-06-23 12:00:00,2021-06-27 12:00:00,4,20.999999999999993,87.0,Odisha,6,2021,8.516123,29.089264,1001.2467,5.3647904,-0.10078812,-0.47076416,6.0856667,29.682281,1004.4598,2.4304562,-0.5930176,2.4304562,0.5930176,False,False,False,False,False,False,test,ok,0.0,0.0,2.601033115386963,0.856146240234375,5,0.46906725168228147,0.38417118787765503
2021-08-21 12:00:00,2021-08-25 12:00:00,4,28.499999999999982,79.49999999999999,Uttar Pradesh,8,2021,5.8133454,30.755707,995.8857,2.6494825,-0.8670206,0.10952759,9.439492,31.213379,996.7855,-3.6261468,-0.45767212,3.6261468,0.45767212,False,False,False,False,False,False,test,ok,0.0,0.0,2.6221412658691405,1.206048583984375,10,0.48058709502220154,0.3882606327533722
2021-09-27 12:00:00,2021-10-01 12:00:00,4,20.999999999999993,76.5,Maharashtra,10,2021,9.411367,26.10611,1007.18616,2.1274133,-0.28725815,0.1569519,3.3109138,28.679474,1007.1753,6.1004534,-2.5733643,6.1004534,2.5733643,False,False,False,False,False,False,test,no_reliable_analogs,,,,,0,,
2021-08-23 12:00:00,2021-08-27 12:00:00,4,24.0,88.49999999999999,West Bengal,8,2021,10.420989,29.207275,1001.2058,1.4950722,-0.17046261,0.04333496,20.40427,29.386505,1001.66547,-9.983281,-0.17922974,9.983281,0.17922974,False,False,False,False,False,False,test,ok,0.0,0.1,4.154137372970581,1.50390625,10,0.46717957556247713,0.35103246569633484
2021-08-29 00:00:00,2021-09-02 00:00:00,4,10.499999999999996,92.99999999999999,Andaman and Nicobar,9,2021,23.5347,26.596008,1009.2406,5.963757,7.8603983,-0.698761,44.299286,26.06482,1008.8321,-20.764585,0.53118896,20.764585,0.53118896,False,False,True,False,False,False,test,no_reliable_analogs,,,,,0,,
2021-09-11 00:00:00,2021-09-15 00:00:00,4,24.0,82.5,Madhya Pradesh,9,2021,84.70857,24.078705,1000.16736,7.1039085,-2.15139,0.4833374,36.27422,24.905762,998.74225,48.434353,-0.8270569,48.434353,0.8270569,True,False,True,False,False,True,test,no_reliable_analogs,,,,,0,,
2021-06-24 12:00:00,2021-06-28 12:00:00,4,31.499999999999993,74.99999999999999,Punjab,6,2021,0.0,41.008667,996.819,2.789998,-0.0021219647,-0.623291,-2.0489097e-05,40.137543,999.98474,2.0489097e-05,0.87112427,2.0489097e-05,0.87112427,False,False,False,False,False,False,test,ok,0.0,0.2,0.21945277494705806,1.7160736083984376,10,0.3659476965665817,0.1873721480369568
2021-07-08 12:00:00,2021-07-12 12:00:00,4,32.999999999999986,78.0,Jammu and Kashmir,7,2021,10.623846,2.4387512,1019.142,0.9773404,5.870229,-2.7488403,4.062784,4.9231567,1016.3462,6.561062,-2.4844055,6.561062,2.4844055,False,False,True,False,False,False,test,no_reliable_analogs,,,,,0,,
2021-07-18 00:00:00,2021-07-22 00:00:00,4,22.5,73.5,Gujarat,7,2021,3.0721788,26.616089,999.17126,4.19642,-0.2291205,0.32055664,3.1990552,27.573425,999.4417,-0.12687635,-0.9573364,0.12687635,0.9573364,False,False,False,False,False,False,test,ok,0.0,0.0,2.1407248437404633,1.5288055419921875,10,0.3993267804384232,0.2091720700263977
2021-07-28 00:00:00,2021-08-01 00:00:00,4,11.999999999999991,78.0,Tamil Nadu,8,2021,0.067060426,21.868103,1009.97064,3.2686653,-0.11626974,0.15393066,0.36746705,24.09961,1010.3818,-0.30040663,-2.2315063,0.30040663,2.2315063,False,False,False,True,False,False,test,ok,0.0,0.0,0.794300951063633,2.3286224365234376,10,0.29210519343614577,0.1623440384864807
2021-09-02 12:00:00,2021-09-06 12:00:00,4,22.5,81.0,Madhya Pradesh,9,2021,9.835902,26.210205,1002.77783,1.693614,0.924757,-1.1526489,14.857721,28.401001,1001.9143,-5.021819,-2.190796,5.021819,2.190796,False,False,False,False,False,False,test,ok,0.0,0.16666666666666666,5.038667917251587,1.6290028889973958,6,0.5426265448331833,0.48539260029792786
2021-08-07 00:00:00,2021-08-11 00:00:00,4,20.999999999999993,81.0,Chhattisgarh,8,2021,4.653854,24.921875,1004.6794,2.6952226,2.2887118,0.044952393,6.5383687,26.621094,1005.68335,-1.8845148,-1.6992188,1.8845148,1.6992188,False,False,False,False,False,False,test,ok,0.0,0.0,5.453850960731506,1.97845458984375,10,0.4059737592935562,0.287617564201355
2021-06-26 12:00:00,2021-06-30 12:00:00,4,22.5,76.5,Madhya Pradesh,6,2021,2.348574,32.29706,1001.2296,3.6420798,2.1444595,-0.7119446,0.41143614,33.616455,1001.44604,1.9371378,-1.319397,1.9371378,1.319397,False,False,False,False,False,False,test,ok,0.0,0.2,1.3263091430068017,1.224676513671875,10,0.4417470872402191,0.3142307698726654
2021-09-04 12:00:00,2021-09-08 12:00:00,4,10.499999999999996,72.0,Lakshadweep,9,2021,2.6376576,27.924347,1008.16766,8.158003,1.1612384,-0.04058838,1.2615782,28.01767,1008.6502,1.3760794,-0.093322754,1.3760794,0.093322754,False,False,False,False,False,False,test,ok,0.0,0.0,1.2252783715724944,0.3783355712890625,10,0.3578226983547211,0.28019964694976807
2021-07-20 00:00:00,2021-07-24 00:00:00,4,22.5,78.0,Madhya Pradesh,7,2021,46.70158,23.431396,998.1484,2.982764,-47.51399,-0.55407715,27.451801,24.18637,999.72736,19.249779,-0.75497437,19.249779,0.75497437,False,False,True,False,False,False,test,no_reliable_analogs,,,,,0,,
2021-09-27 00:00:00,2021-10-01 00:00:00,4,11.999999999999991,73.5,Lakshadweep,10,2021,6.495528,26.531403,1008.481,2.963044,-1.1273551,-0.17669678,8.967235,26.510712,1008.6732,-2.4717064,0.020690918,2.4717064,0.020690918,False,False,False,False,False,False,test,no_reliable_analogs,,,,,0,,
2021-07-08 00:00:00,2021-07-12 00:00:00,4,16.499999999999993,74.99999999999999,Karnataka,7,2021,26.555593,22.36676,1003.51013,4.3051934,9.310566,0.08154297,20.967398,23.481598,1003.206,5.588196,-1.1148376,5.588196,1.1148376,False,False,False,False,False,False,test,no_reliable_analogs,,,,,0,,
2021-06-22 12:00:00,2021-06-26 12:00:00,4,25.49999999999999,78.0,Madhya Pradesh,6,2021,0.2128326,36.186646,999.27594,3.0584097,-0.12522721,0.47781372,0.5778856,35.091766,1000.20264,-0.36505303,1.0948792,0.36505303,1.0948792,False,False,False,False,False,False,test,ok,0.0,0.1,0.6661506755277514,1.4001678466796874,10,0.4461266487836838,0.2557946443557739
2021-06-18 00:00:00,2021-06-22 00:00:00,4,29.999999999999993,73.5,Rajasthan,6,2021,0.22039156,28.685608,1000.3544,1.7415575,0.2098911,-2.330902,0.10811544,27.470825,1000.90564,0.112276115,1.2147827,0.112276115,1.2147827,False,False,False,False,False,False,test,no_reliable_analogs,,,,,0,,
2021-07-20 00:00:00,2021-07-24 00:00:00,4,28.499999999999982,91.5,Arunachal Pradesh,7,2021,3.91396,4.145569,1015.201,1.0286726,0.47457886,-0.48831177,5.3606977,6.1173096,1016.1902,-1.4467378,-1.9717407,1.4467378,1.9717407,False,False,False,False,False,False,test,ok,0.0,0.2,2.6964503049850466,1.465338134765625,10,0.41176841259002683,0.31201741099357605
2021-06-29 12:00:00,2021-07-03 12:00:00,4,11.999999999999991,92.99999999999999,Andaman and Nicobar,7,2021,2.3254735,28.33905,1006.83575,6.164337,-0.70860314,1.0435181,1.8064196,28.771576,1006.6267,0.51905394,-0.43252563,0.51905394,0.43252563,False,False,False,False,False,False,test,no_reliable_analogs,,,,,0,,
2021-09-16 00:00:00,2021-09-20 00:00:00,4,24.0,82.5,Madhya Pradesh,9,2021,11.053968,23.084595,1007.3756,1.2539358,6.153078,-0.35412598,5.5363774,25.601318,1008.2763,5.517591,-2.5167236,5.517591,2.5167236,False,False,False,False,False,False,test,ok,0.0,0.1,5.23721706867218,2.631707763671875,10,0.49680168330669405,0.3016825318336487
2021-06-08 00:00:00,2021-06-12 00:00:00,4,25.49999999999999,87.0,Bihar,6,2021,11.965394,26.185974,997.5436,4.256566,1.1997004,0.26434326,17.422035,26.381134,998.03925,-5.456641,-0.19515991,5.456641,0.19515991,False,False,False,False,False,False,test,no_reliable_analogs,,,,,0,,
2021-06-24 00:00:00,2021-06-28 00:00:00,4,11.999999999999991,79.49999999999999,Tamil Nadu,6,2021,2.9352062,26.256866,1006.6863,2.6369483,0.9628413,-0.17544556,3.0067039,27.603882,1006.9743,-0.07149768,-1.3470154,0.07149768,1.3470154,False,False,False,False,False,False,test,no_reliable_analogs,,,,,0,,
2021-07-14 12:00:00,2021-07-18 12:00:00,4,19.499999999999996,76.5,Maharashtra,7,2021,10.847133,27.483673,1001.8007,2.7153504,-0.29208183,-0.1656189,8.427074,28.823029,1002.3795,2.4200583,-1.3393555,2.4200583,1.3393555,False,False,False,False,False,False,test,ok,0.0,0.0,6.245941400527954,2.0285415649414062,8,0.48234858363866806,0.3393285572528839
2021-06-15 00:00:00,2021-06-19 00:00:00,4,13.5,79.49999999999999,Andhra Pradesh,6,2021,0.15604031,26.598602,1007.8717,3.1770313,-0.09260093,-0.045440674,0.133784,28.642853,1008.14624,0.022256315,-2.0442505,0.022256315,2.0442505,False,False,False,True,False,False,test,ok,0.0,0.3,1.3674829438328744,2.43779296875,10,0.4285763204097748,0.2874286472797394
2021-07-13 00:00:00,2021-07-17 00:00:00,4,20.999999999999993,73.5,Gujarat,7,2021,10.491156,24.429047,1003.2644,3.035592,-0.31339836,0.18554688,5.8865566,26.348541,1004.85876,4.604599,-1.9194946,4.604599,1.9194946,False,False,False,False,False,False,test,ok,0.0,0.0,2.576787292957306,1.5978622436523438,8,0.4898875206708908,0.418378621339798
2021-06-07 00:00:00,2021-06-11 00:00:00,4,25.49999999999999,83.99999999999999,Bihar,6,2021,7.651045,26.602753,996.65515,1.6717918,-5.543771,0.35131836,3.5710683,27.773926,997.4969,4.0799766,-1.1711731,4.0799766,1.1711731,False,False,False,False,False,False,test,no_reliable_analogs,,,,,0,,
2021-06-01 12:00:00,2021-06-05 12:00:00,4,25.49999999999999,81.0,Uttar Pradesh,6,2021,0.0,38.12201,998.9482,2.6651998,0.0,0.0,1.1848466,32.36429,1002.3273,-1.1848466,5.757721,1.1848466,5.757721,False,True,False,True,False,False,test,ok,0.0,0.1,0.696614655572921,1.8229522705078125,10,0.485590985417366,0.39945951104164124
2021-09-21 12:00:00,2021-09-25 12:00:00,4,19.499999999999996,79.49999999999999,Andhra Pradesh,9,2021,10.572344,26.75586,1003.78064,1.4704281,0.08651352,-0.20968628,9.225646,29.526001,1003.6671,1.3466978,-2.7701416,1.3466978,2.7701416,False,False,False,False,False,False,test,no_reliable_analogs,,,,,0,,
2021-06-27 00:00:00,2021-07-01 00:00:00,4,29.999999999999993,74.99999999999999,Punjab,7,2021,0.0,32.538574,992.91187,4.96483,-0.002753725,-0.025848389,-1.8626451e-06,32.50647,994.81555,1.8626451e-06,0.032104492,1.8626451e-06,0.032104492,False,False,False,False,False,False,test,ok,0.0,0.42857142857142855,0.5386061828051295,2.357386997767857,7,0.4756024735314505,0.3289017379283905
2021-06-21 00:00:00,2021-06-25 00:00:00,4,24.0,88.49999999999999,West Bengal,6,2021,9.591612,26.168488,999.62726,1.9798195,1.2369881,-0.41503906,5.738081,28.275055,1001.0808,3.853531,-2.1065674,3.853531,2.1065674,False,False,False,False,False,False,test,ok,0.1,0.1,10.947099637985229,1.8276580810546874,10,0.5512982726097106,0.46484577655792236
2021-08-25 12:00:00,2021-08-29 12:00:00,4,11.999999999999991,73.5,Lakshadweep,8,2021,41.70866,25.929962,1005.3617,8.46885,8.161068,-0.0920105,57.8698,26.130585,1005.57733,-16.16114,-0.20062256,16.16114,0.20062256,False,False,True,False,False,False,test,no_reliable_analogs,,,,,0,,
2021-09-08 00:00:00,2021-09-12 00:00:00,4,28.499999999999982,79.49999999999999,Uttar Pradesh,9,2021,8.209364,25.007538,1002.3278,2.0516846,-11.487717,0.39004517,6.1504636,27.342224,1003.09717,2.0589004,-2.3346863,2.0589004,2.3346863,False,False,False,False,False,False,test,no_reliable_analogs,,,,,0,,
2021-06-17 00:00:00,2021-06-21 00:00:00,4,18.0,73.5,Maharashtra,6,2021,9.954139,23.026733,1008.389,3.7663853,-5.2530823,0.13925171,7.534323,24.194153,1008.8284,2.4198155,-1.1674194,2.4198155,1.1674194,False,False,False,False,False,False,test,no_reliable_analogs,,,,,0,,
2021-06-19 12:00:00,2021-06-23 12:00:00,4,19.499999999999996,74.99999999999999,Maharashtra,6,2021,0.316921,30.900116,1004.86523,5.0288563,-0.11018714,-0.41723633,0.37704337,29.659576,1005.6188,-0.06012237,1.2405396,0.06012237,1.2405396,False,False,False,False,False,False,test,ok,0.0,0.1,1.3816999979317188,1.6845733642578125,10,0.4521514564752579,0.3828699588775635
2021-08-23 12:00:00,2021-08-27 12:00:00,4,22.5,73.5,Gujarat,8,2021,0.9979046,30.2417,1002.1632,2.8427374,-0.30324095,-0.0076293945,0.5872313,32.188812,1002.2981,0.41067332,-1.947113,0.41067332,1.947113,False,False,False,False,False,False,test,ok,0.0,0.0,0.77680274695158,1.9620849609375,10,0.35388672798871995,0.0955832451581955
2021-07-16 00:00:00,2021-07-20 00:00:00,4,19.499999999999996,81.0,Chhattisgarh,7,2021,16.225477,23.094421,1002.94214,2.2449558,0.2994957,0.06463623,5.3266625,26.04773,1003.2637,10.898815,-2.953308,10.898815,2.953308,False,False,False,False,False,False,test,ok,0.0,0.2,6.443259048461914,2.5414459228515627,10,0.4624592125415802,0.24836188554763794
2021-06-21 12:00:00,2021-06-25 12:00:00,4,29.999999999999993,94.5,Arunachal Pradesh,6,2021,7.555843,9.230286,1008.6277,1.6089844,-1.9210343,-0.035217285,10.302506,10.676758,1007.5863,-2.7466636,-1.4464722,2.7466636,1.4464722,False,False,False,False,False,False,test,ok,0.0,0.0,3.0104204654693603,1.6109527587890624,10,0.27194216623902323,0.1030048206448555
2021-08-23 00:00:00,2021-08-27 00:00:00,4,19.499999999999996,85.5,Odisha,8,2021,5.974825,27.426025,1002.12604,2.4960847,-0.010101318,-0.029266357,15.114563,27.392609,1002.2379,-9.139738,0.033416748,9.139738,0.033416748,False,False,False,False,False,False,test,ok,0.0,0.0,6.742091178894043,0.68897705078125,10,0.3846383631229401,0.27447426319122314
2021-08-28 00:00:00,2021-09-01 00:00:00,4,16.499999999999993,78.0,Andhra Pradesh,9,2021,2.2258902,22.499512,1007.59845,2.5027962,-1.3936763,-0.22546387,2.5502636,24.561584,1007.9071,-0.32437348,-2.0620728,0.32437348,2.0620728,False,False,False,True,False,False,test,ok,0.0,0.2,2.200892524421215,2.328564453125,10,0.37972134053707124,0.3047782778739929
2021-09-25 00:00:00,2021-09-29 00:00:00,4,34.49999999999999,76.5,Jammu and Kashmir,9,2021,0.5288759,0.105651855,1021.7061,0.8939852,-0.17878664,0.3050537,0.5440638,-2.372284,1023.0642,-0.015187919,2.4779358,0.015187919,2.4779358,False,False,False,False,False,False,test,ok,0.0,0.0,0.8587304951739497,1.4949127197265626,10,0.3407080888748169,0.23992687463760376
2021-08-12 12:00:00,2021-08-16 12:00:00,4,26.999999999999996,76.5,Rajasthan,8,2021,0.0,33.42856,1001.95013,1.9937536,-0.003188838,0.063079834,0.005037264,34.04004,1003.28375,-0.005037264,-0.6114807,0.005037264,0.6114807,False,False,False,False,False,False,test,no_reliable_analogs,,,,,0,,
2021-07-12 00:00:00,2021-07-16 00:00:00,4,26.999999999999996,90.0,Assam,7,2021,17.711836,18.502136,1010.42,1.1734494,-5.403866,-0.2909546,19.978077,19.865875,1010.8482,-2.266241,-1.363739,2.266241,1.363739,False,False,False,False,False,False,test,no_reliable_analogs,,,,,0,,
2021-08-03 12:00:00,2021-08-07 12:00:00,4,19.499999999999996,78.0,Maharashtra,8,2021,0.92857265,30.342102,1002.3384,2.4699202,-0.056213558,0.6520386,0.3009553,31.57367,1003.0825,0.62761736,-1.2315674,0.62761736,1.2315674,False,False,False,False,False,False,test,ok,0.1,0.0,4.581426253914833,1.51690673828125,10,0.46350182592868805,0.3873676359653473
2021-08-21 12:00:00,2021-08-25 12:00:00,4,13.5,78.0,Karnataka,8,2021,10.487992,26.464508,1005.93695,1.9100187,5.9390187,-0.56173706,6.870765,29.127075,1005.7453,3.617227,-2.6625671,3.617227,2.6625671,False,False,False,True,False,False,test,no_reliable_analogs,,,,,0,,
2021-09-04 00:00:00,2021-09-08 00:00:00,4,25.49999999999999,87.0,Bihar,9,2021,7.8312235,25.566986,1005.4236,3.6887388,-1.3159704,0.4668579,5.2495837,27.324951,1007.4169,2.5816398,-1.7579651,2.5816398,1.7579651,False,False,False,False,False,False,test,no_reliable_analogs,,,,,0,,
2021-07-31 00:00:00,2021-08-04 00:00:00,4,11.999999999999991,74.99999999999999,Kerala,8,2021,10.652746,24.721313,1012.20514,5.015332,5.5025806,-0.037017822,11.147719,24.91217,1012.5329,-0.49497318,-0.19085693,0.49497318,0.19085693,False,False,False,False,False,False,test,no_reliable_analogs,,,,,0,,
2021-07-05 12:00:00,2021-07-09 12:00:00,4,22.5,73.5,Gujarat,7,2021,0.17009287,32.357513,999.67377,3.4312465,0.11296216,-1.903717,0.7604368,33.299805,999.8328,-0.5903439,-0.94229126,0.5903439,0.94229126,False,False,False,False,False,False,test,no_reliable_analogs,,,,,0,,
2021-09-02 00:00:00,2021-09-06 00:00:00,4,11.999999999999991,73.5,Lakshadweep,9,2021,18.598104,25.80954,1007.75757,7.68652,1.0084743,-0.11923218,22.158106,25.62442,1008.3808,-3.5600014,0.18511963,3.5600014,0.18511963,False,False,False,False,False,False,test,no_reliable_analogs,,,,,0,,
2021-09-16 12:00:00,2021-09-21 12:00:00,5,9.0,76.5,Kerala,9,2021,3.8613007,26.059296,1007.6825,4.645783,1.5576737,-0.23983765,1.6028559,28.211517,1007.8664,2.2584448,-2.1522217,2.2584448,2.1522217,False,False,False,True,False,False,test,ok,0.0,0.0,4.255351877212524,0.765313720703125,10,0.35368071794509887,0.28634870052337646
2021-07-04 00:00:00,2021-07-09 00:00:00,5,31.499999999999993,76.5,Himachal Pradesh,7,2021,1.3309387,25.197693,1001.62274,2.3734818,0.101697564,-0.12893677,2.487627,23.916382,1003.7416,-1.1566883,1.281311,1.1566883,1.281311,False,False,False,False,False,False,test,ok,0.0,0.0,0.9087584853172302,1.553375244140625,5,0.42436941266059874,0.35130786895751953
2021-07-02 12:00:00,2021-07-07 12:00:00,5,26.999999999999996,76.5,Rajasthan,7,2021,0.0,39.791107,995.861,4.5164247,0.0,0.1796875,0.06637272,38.15738,997.62244,-0.06637272,1.633728,0.06637272,1.633728,False,False,False,False,False,False,test,ok,0.0,0.2,0.9163660451769828,2.427337646484375,10,0.4075637459754944,0.2895602583885193
2021-06-01 12:00:00,2021-06-06 12:00:00,5,11.999999999999991,94.5,Andaman and Nicobar,6,2021,7.782479,28.442963,1007.09937,6.4291234,0.0,0.0,7.6046567,27.445465,1008.10443,0.17782211,0.99749756,0.17782211,0.99749756,False,False,False,False,False,False,test,ok,0.0,0.0,3.290058064460754,0.61187744140625,10,0.3551024466753006,0.25462064146995544
2021-06-28 12:00:00,2021-07-03 12:00:00,5,19.499999999999996,73.5,Maharashtra,7,2021,3.1531677,27.253601,1006.25903,4.4554067,-0.049012184,-0.13583374,1.9312174,30.215515,1006.07336,1.2219503,-2.961914,1.2219503,2.961914,False,False,False,True,False,False,test,ok,0.0,0.1,1.1302743196487426,1.909112548828125,10,0.46523729264736174,0.3187336027622223
2021-07-15 00:00:00,2021-07-20 00:00:00,5,14.999999999999996,74.99999999999999,Karnataka,7,2021,18.651325,21.562042,1008.13135,4.2690396,0.8266907,-0.18713379,19.315275,22.57608,1009.1376,-0.66394997,-1.0140381,0.66394997,1.0140381,False,False,False,False,False,False,test,no_reliable_analogs,,,,,0,,
2021-07-29 12:00:00,2021-08-03 12:00:00,5,28.499999999999982,97.49999999999999,Arunachal Pradesh,8,2021,5.4151998,12.907776,1010.6832,0.9778551,0.47978735,0.91485596,2.1915424,14.773682,1009.56696,3.2236574,-1.8659058,3.2236574,1.8659058,False,False,False,False,False,False,test,no_reliable_analogs,,,,,0,,
2021-07-12 00:00:00,2021-07-17 00:00:00,5,28.499999999999982,76.5,Haryana,7,2021,1.025861,28.522614,1001.94336,2.6542108,-0.88980365,0.15362549,0.45289457,31.335907,1002.90717,0.57296646,-2.8132935,0.57296646,2.8132935,False,False,False,False,False,False,test,no_reliable_analogs,,,,,0,,
2021-07-31 12:00:00,2021-08-05 12:00:00,5,20.999999999999993,79.49999999999999,Maharashtra,8,2021,1.2590489,28.777008,1001.30756,3.199477,-0.4996631,0.39556885,1.2850524,27.56073,1001.25757,-0.02600348,1.2162781,0.02600348,1.2162781,False,False,False,False,False,False,test,ok,0.1,0.0,7.104442453384399,0.9466278076171875,10,0.3674521237611771,0.2748412489891052
2021-08-24 00:00:00,2021-08-29 00:00:00,5,13.5,81.0,Tamil Nadu,8,2021,10.391154,27.584076,1002.46423,5.1382256,1.1497688,0.48876953,20.625294,27.256012,1001.9205,-10.234139,0.32806396,10.234139,0.32806396,False,False,False,False,False,False,test,no_reliable_analogs,,,,,0,,
2021-06-04 00:00:00,2021-06-09 00:00:00,5,20.999999999999993,82.5,Chhattisgarh,6,2021,1.100771,27.616547,1002.033,3.358891,-2.051289,1.4147644,10.342974,27.635284,1002.03925,-9.242203,-0.018737793,9.242203,0.018737793,False,False,False,False,False,False,test,no_reliable_analogs,,,,,0,,
2021-07-22 12:00:00,2021-07-27 12:00:00,5,18.0,74.99999999999999,Maharashtra,7,2021,0.9476877,26.314636,1003.79706,7.6688094,0.49942476,1.0081177,0.7630712,28.290009,1004.7023,0.1846165,-1.9753723,0.1846165,1.9753723,False,False,False,False,False,False,test,ok,0.0,0.0,2.4332125425338744,1.092791748046875,5,0.4859424114227295,0.4366297721862793
2021-06-28 12:00:00,2021-07-03 12:00:00,5,11.999999999999991,73.5,Lakshadweep,7,2021,3.2486048,28.032959,1007.5575,5.72171,-1.2052436,0.39367676,8.47476,27.774933,1007.8476,-5.2261553,0.25802612,5.2261553,0.25802612,False,False,False,False,False,False,test,ok,0.0,0.0,3.1648568709691367,0.5284016927083334,6,0.4002644171317418,0.3471475839614868
2021-07-03 00:00:00,2021-07-08 00:00:00,5,14.999999999999996,73.5,Goa,7,2021,22.0281,26.317108,1006.82135,4.166793,-0.87908936,0.19985962,18.17393,26.179901,1007.1426,3.8541698,0.13720703,3.8541698,0.13720703,False,False,False,False,False,False,test,ok,0.0,0.0,9.29006560643514,0.33990478515625,6,0.4440542906522751,0.3492172956466675
2021-08-12 12:00:00,2021-08-17 12:00:00,5,20.999999999999993,82.5,Chhattisgarh,8,2021,21.653074,27.661835,1002.3017,1.1955789,4.6366825,-0.43170166,14.084498,28.472504,1001.9799,7.568576,-0.81066895,7.568576,0.81066895,False,False,False,False,False,False,test,no_reliable_analogs,,,,,0,,
2021-08-01 12:00:00,2021-08-06 12:00:00,5,26.999999999999996,69.0,Rajasthan,8,2021,0.0,40.08319,994.70447,4.4292965,0.0,-0.12387085,-2.0489098e-05,37.895416,996.82666,2.0489098e-05,2.1877747,2.0489098e-05,2.1877747,False,False,False,False,False,False,test,ok,0.0,0.3,0.524349326112133,2.0979339599609377,10,0.4213961839675903,0.2611781358718872
2021-08-11 12:00:00,2021-08-16 12:00:00,5,32.999999999999986,79.49999999999999,Jammu and Kashmir,8,2021,0.0012674945,11.66568,1006.5935,3.2860959,0.0012674945,0.0018005371,0.024017842,13.20636,1006.59705,-0.022750348,-1.5406799,0.022750348,1.5406799,False,False,False,False,False,False,test,no_reliable_analogs,,,,,0,,
2021-07-03 12:00:00,2021-07-08 12:00:00,5,18.0,74.99999999999999,Maharashtra,7,2021,3.8877125,28.154541,1003.5832,5.6452923,-2.1876783,0.37002563,9.965826,27.76233,1004.9628,-6.0781136,0.3922119,6.0781136,0.3922119,False,False,False,False,False,False,test,ok,0.0,0.1,3.3590914964675904,1.5509124755859376,10,0.42381497025489806,0.27320700883865356
2021-06-01 12:00:00,2021-06-06 12:00:00,5,24.0,83.99999999999999,Jharkhand,6,2021,0.2419271,32.377075,1000.27124,2.157683,0.0,0.0,0.3729774,33.920563,1001.9953,-0.1310503,-1.5434875,0.1310503,1.5434875,False,False,False,False,False,False,test,ok,0.0,0.2,1.8368567064404488,2.0233062744140624,10,0.42331351339817047,0.29479721188545227
2021-08-19 12:00:00,2021-08-24 12:00:00,5,25.49999999999999,70.49999999999999,Rajasthan,8,2021,0.002552567,36.032196,1000.7475,6.186433,-0.0057508545,1.9994507,4.111238e-05,37.50946,1000.73334,0.0025114547,-1.4772644,0.0025114547,1.4772644,False,False,False,False,False,False,test,no_reliable_analogs,,,,,0,,
2021-08-03 12:00:00,2021-08-08 12:00:00,5,16.499999999999993,81.0,Andhra Pradesh,8,2021,0.6713069,32.25821,1004.4124,2.9426274,-0.12745273,0.3779297,0.26093546,32.78717,1003.90125,0.41037145,-0.5289612,0.41037145,0.5289612,False,False,False,False,False,False,test,ok,0.0,0.1,1.2656844675540924,1.5278839111328124,10,0.38990385830402374,0.3073756694793701
2021-08-07 12:00:00,2021-08-12 12:00:00,5,20.999999999999993,74.99999999999999,Maharashtra,8,2021,0.52793556,29.762238,1006.1355,4.36866,-0.12131339,0.28460693,0.6412894,30.868591,1006.2731,-0.11335385,-1.1063538,0.11335385,1.1063538,False,False,False,False,False,False,test,ok,0.0,0.0,0.6230742812156678,1.807354736328125,10,0.42379606068134307,0.2603585720062256
2021-07-10 12:00:00,2021-07-15 12:00:00,5,18.0,78.0,Andhra Pradesh,7,2021,24.985758,26.043427,1000.13666,3.7624173,13.351747,0.045043945,2.4873083,28.063416,1000.13354,22.49845,-2.019989,22.49845,2.019989,True,False,True,False,False,False,test,no_reliable_analogs,,,,,0,,
2021-08-03 12:00:00,2021-08-08 12:00:00,5,11.999999999999991,92.99999999999999,Andaman and Nicobar,8,2021,7.731414,27.409912,1008.93286,4.9904566,0.8031707,-0.16268921,5.6769295,28.020477,1008.9615,2.0544844,-0.6105652,2.0544844,0.6105652,False,False,False,False,False,False,test,no_reliable_analogs,,,,,0,,
2021-09-25 00:00:00,2021-09-30 00:00:00,5,25.49999999999999,94.5,Manipur,9,2021,7.354082,18.957733,1012.7057,0.5614558,1.181634,0.1081543,3.0520341,22.234314,1013.017,4.3020477,-3.2765808,4.3020477,3.2765808,False,True,False,True,False,False,test,ok,0.0,0.1,1.607062816619873,2.53856201171875,10,0.3391712412238121,0.2200862616300583
2021-06-17 00:00:00,2021-06-22 00:00:00,5,22.5,69.0,Gujarat,6,2021,1.1804234,28.56305,1003.20874,7.8671217,-0.26364398,-0.08215332,0.5489158,28.79184,1004.89557,0.6315076,-0.22879028,0.6315076,0.22879028,False,False,False,False,False,False,test,ok,0.0,0.0,0.2926183672621846,0.526055908203125,10,0.3336375683546066,0.2504939138889313
2021-09-24 12:00:00,2021-09-29 12:00:00,5,26.999999999999996,73.5,Rajasthan,9,2021,0.44458336,30.429047,1002.9634,3.3839319,-2.425744,0.7898865,0.28135577,32.99945,1003.89545,0.16322759,-2.570404,0.16322759,2.570404,False,False,False,False,False,False,test,ok,0.0,0.0,2.7610522508621216,0.8289947509765625,6,0.4302653521299362,0.3473564386367798
2021-06-07 00:00:00,2021-06-12 00:00:00,5,14.999999999999996,78.0,Andhra Pradesh,6,2021,0.88395476,25.03122,1005.1301,5.3460712,-0.1770271,-0.20880127,0.38635296,27.311584,1005.2156,0.4976018,-2.280365,0.4976018,2.280365,False,False,False,True,False,False,test,ok,0.0,0.0,1.1714249774813652,1.9151580810546875,10,0.36568606942892073,0.23717452585697174
2021-07-26 00:00:00,2021-07-31 00:00:00,5,22.5,70.49999999999999,Gujarat,7,2021,0.37123206,26.511658,1002.0083,7.741995,-0.2936187,0.06277466,0.92442,27.478668,1003.0797,-0.55318797,-0.9670105,0.55318797,0.9670105,False,False,False,False,False,False,test,ok,0.1,0.0,3.015871000289917,1.126861572265625,10,0.32876171469688414,0.3135684132575989
2021-08-23 00:00:00,2021-08-28 00:00:00,5,24.0,85.5,Jharkhand,8,2021,11.216817,24.05017,1002.5517,0.6376875,4.191402,-0.15258789,4.6236973,25.61792,1002.87866,6.5931196,-1.567749,6.5931196,1.567749,False,False,False,False,False,False,test,ok,0.0,0.0,4.6947211742401125,2.0105194091796874,10,0.45110358893871305,0.3651845157146454
2021-07-27 00:00:00,2021-08-01 00:00:00,5,22.5,74.99999999999999,Madhya Pradesh,8,2021,3.1188817,23.779846,1002.5984,5.9277716,0.6772127,0.036315918,2.1268122,24.234497,1003.2141,0.9920695,-0.45465088,0.9920695,0.45465088,False,False,False,False,False,False,test,ok,0.0,0.0,1.6036305844783783,2.065576171875,10,0.43685559928417206,0.39159056544303894
2021-06-26 00:00:00,2021-07-01 00:00:00,5,28.499999999999982,88.49999999999999,Sikkim,7,2021,6.0134873,5.409424,1008.3335,0.7243076,-0.95990896,-0.42474365,5.3464985,6.7579346,1009.9397,0.66698885,-1.3485107,0.66698885,1.3485107,False,False,False,False,False,False,test,no_reliable_analogs,,,,,0,,
2021-09-01 12:00:00,2021-09-06 12:00:00,5,7.499999999999991,92.99999999999999,Andaman and Nicobar,9,2021,1.853888,28.362518,1008.1072,5.5335827,1.0892613,0.12286377,0.5633967,28.230347,1008.70776,1.2904913,0.13217163,1.2904913,0.13217163,False,False,False,False,False,False,test,ok,0.0,0.0,2.2659490638309054,0.4765387641059028,9,0.3930027021302117,0.3082153797149658
2021-09-12 12:00:00,2021-09-17 12:00:00,5,20.999999999999993,74.99999999999999,Maharashtra,9,2021,1.8902129,27.525726,1001.88306,3.74295,-1.043722,0.33285522,3.524138,27.81665,1004.33795,-1.6339251,-0.29092407,1.6339251,0.29092407,False,False,False,False,False,False,test,ok,0.1,0.0,9.750218057632447,1.5009429931640625,10,0.4328519612550735,0.3025233745574951
2021-09-25 12:00:00,2021-09-30 12:00:00,5,13.5,74.99999999999999,Karnataka,9,2021,8.568195,24.038208,1008.6303,2.3962793,1.74998,0.119262695,5.3116794,26.169403,1008.85956,3.256516,-2.131195,3.256516,2.131195,False,False,False,False,False,False,test,ok,0.0,0.1,4.8598617792129515,1.29622802734375,10,0.32263223528862,0.21780583262443542
2021-07-18 12:00:00,2021-07-23 12:00:00,5,10.499999999999996,79.49999999999999,Tamil Nadu,7,2021,0.09738157,31.259216,1002.68994,8.285244,0.04091665,-0.22085571,0.93116707,31.67691,1002.67883,-0.8337855,-0.4176941,0.8337855,0.4176941,False,False,False,False,False,False,test,ok,0.0,0.0,1.4141255438327789,0.465673828125,5,0.2874121218919754,0.08536629378795624
2021-06-13 00:00:00,2021-06-18 00:00:00,5,24.0,73.5,Rajasthan,6,2021,2.3916771,25.26535,1002.9535,3.4987783,-0.7484987,0.12585449,4.9098783,26.079102,1001.4938,-2.518201,-0.8137512,2.518201,0.8137512,False,False,False,False,False,False,test,ok,0.0,0.3,0.9103331374004483,2.14910888671875,10,0.305916054546833,0.1903710812330246
2021-07-19 00:00:00,2021-07-24 00:00:00,5,20.999999999999993,73.5,Gujarat,7,2021,6.665774,25.28769,1000.3592,5.5348177,0.8849244,-0.06365967,8.910932,26.163269,1001.2419,-2.2451577,-0.87557983,2.2451577,0.87557983,False,False,False,False,False,False,test,ok,0.0,0.0,9.56918661594391,1.007781982421875,10,0.3150784894824028,0.15005555748939514
2021-09-14 00:00:00,2021-09-19 00:00:00,5,29.999999999999993,74.99999999999999,Punjab,9,2021,0.39348623,26.21402,1005.00287,2.2174182,0.34597686,0.30703735,0.11947992,28.105896,1006.8791,0.2740063,-1.8918762,0.2740063,1.8918762,False,False,False,False,False,False,test,ok,0.0,0.1,0.4090428354218602,1.5337921142578126,10,0.38298205435276034,0.3154328763484955
2021-06-07 12:00:00,2021-06-12 12:00:00,5,26.999999999999996,81.0,Uttar Pradesh,6,2021,15.673995,30.868439,996.82587,4.300977,3.5285597,0.6081238,6.3121266,31.002686,997.8228,9.361868,-0.13424683,9.361868,0.13424683,False,False,False,False,False,False,test,no_reliable_analogs,,,,,0,,
2021-06-17 00:00:00,2021-06-22 00:00:00,5,31.499999999999993,78.0,Himachal Pradesh,6,2021,0.34210145,4.9150085,1012.3572,1.1362025,-0.38895613,-0.15029907,1.0996611,5.397888,1014.22955,-0.75755966,-0.48287964,0.75755966,0.48287964,False,False,False,False,False,False,test,ok,0.0,0.2,1.1842656761407853,1.325494384765625,10,0.30241836458444593,0.1921171098947525
2021-07-06 00:00:00,2021-07-11 00:00:00,5,24.0,78.0,Madhya Pradesh,7,2021,20.221405,24.540619,1000.0087,2.2178586,9.866363,-0.222229,3.8036854,27.612701,1000.51636,16.417719,-3.0720825,16.417719,3.0720825,False,True,True,True,False,False,test,no_reliable_analogs,,,,,0,,
2021-06-20 00:00:00,2021-06-25 00:00:00,5,11.999999999999991,74.99999999999999,Kerala,6,2021,6.8425007,25.239563,1008.96735,3.7338026,-7.679611,0.2744751,2.699788,26.355408,1009.1687,4.1427126,-1.1158447,4.1427126,1.1158447,False,False,False,False,False,False,test,no_reliable_analogs,,,,,0,,
2021-07-28 12:00:00,2021-08-02 12:00:00,5,11.999999999999991,73.5,Lakshadweep,8,2021,0.23125976,28.093018,1008.84296,6.2695565,-0.11049625,0.09768677,0.9220335,27.409454,1010.29694,-0.6907737,0.68356323,0.6907737,0.68356323,False,False,False,False,False,False,test,ok,0.0,0.0,0.5615890711545944,0.187353515625,10,0.26616774350404737,0.18568409979343414
2021-06-16 00:00:00,2021-06-21 00:00:00,5,20.999999999999993,72.0,Gujarat,6,2021,4.2003436,26.57071,1003.7386,5.7958717,0.68275213,-0.4804077,2.5343983,28.108368,1005.2494,1.6659453,-1.5376587,1.6659453,1.5376587,False,False,False,False,False,False,test,ok,0.0,0.0,2.256865453720093,1.3791046142578125,10,0.44858032166957856,0.3151549696922302
2021-07-24 12:00:00,2021-07-29 12:00:00,5,29.999999999999993,81.0,Uttarakhand,7,2021,6.241266,12.785156,1005.9279,1.2637708,-18.824577,-0.14227295,9.661245,11.5104065,1005.8583,-3.4199796,1.2747498,3.4199796,1.2747498,False,False,False,False,False,False,test,no_reliable_analogs,,,,,0,,
2021-07-10 00:00:00,2021-07-15 00:00:00,5,20.999999999999993,83.99999999999999,Odisha,7,2021,3.1986217,24.69046,1002.3054,2.010577,-1.4840188,-0.06109619,1.3328618,27.393738,1003.24225,1.86576,-2.7032776,1.86576,2.7032776,False,False,False,False,False,False,test,ok,0.1,0.0,5.699793517589569,1.758404541015625,10,0.320530404150486,0.22059319913387299
2021-09-08 12:00:00,2021-09-13 12:00:00,5,28.499999999999982,73.5,Rajasthan,9,2021,2.0114639,30.3031,999.2138,4.9245505,-2.7177012,0.59402466,5.2126217,30.511871,999.986,-3.2011578,-0.20877075,3.2011578,0.20877075,False,False,False,False,False,False,test,no_reliable_analogs,,,,,0,,
2021-08-24 12:00:00,2021-08-29 12:00:00,5,20.999999999999993,88.49999999999999,West Bengal,8,2021,1.0699435,28.816742,1001.97375,5.0583124,0.0041457415,0.09857178,10.789747,28.179443,1001.906,-9.719804,0.6372986,9.719804,0.6372986,False,False,True,False,False,False,test,ok,0.0,0.0,2.026886987686157,0.3526458740234375,10,0.3455474704504013,0.25585535168647766
2021-07-05 00:00:00,2021-07-10 00:00:00,5,16.499999999999993,74.99999999999999,Karnataka,7,2021,9.716453,22.145355,1004.61597,3.1510448,1.9698219,-0.094329834,24.806116,22.890442,1003.86615,-15.0896635,-0.74508667,15.0896635,0.74508667,False,False,True,False,False,False,test,ok,0.0,0.0,5.217813491821289,1.677935791015625,10,0.38336134403944017,0.18964682519435883
2021-06-16 00:00:00,2021-06-21 00:00:00,5,28.499999999999982,76.5,Haryana,6,2021,0.16753052,29.473358,998.318,4.1389413,0.15880923,-1.501709,0.102972806,28.338287,1002.2625,0.064557716,1.1350708,0.064557716,1.1350708,False,False,False,False,False,False,test,ok,0.0,0.0,1.2702150826167782,1.183563232421875,5,0.48129475116729736,0.3777187168598175
2021-09-03 12:00:00,2021-09-08 12:00:00,5,28.499999999999982,72.0,Rajasthan,9,2021,0.036935702,37.814423,998.6783,4.152004,0.033956066,-0.9898071,0.019924035,39.275665,999.39545,0.017011667,-1.4612427,0.017011667,1.4612427,False,False,False,False,False,False,test,ok,0.0,0.1,0.037569693281693614,1.4141693115234375,10,0.43483774065971376,0.3634691834449768
2021-08-13 12:00:00,2021-08-18 12:00:00,5,16.499999999999993,82.5,Andhra Pradesh,8,2021,7.287742,28.36316,1001.07947,8.071606,-6.0030932,0.5621948,14.000399,29.18097,1002.40234,-6.7126565,-0.81781006,6.7126565,0.81781006,False,False,False,False,False,False,test,no_reliable_analogs,,,,,0,,
2021-07-28 12:00:00,2021-08-02 12:00:00,5,34.49999999999999,78.0,Jammu and Kashmir,8,2021,2.784152,6.785858,1010.0197,1.7400593,0.29904962,-1.0561218,3.0481253,9.670959,1008.9493,-0.26397324,-2.8851013,0.26397324,2.8851013,False,False,False,False,False,False,test,ok,0.0,0.25,2.5170130729675293,2.153789520263672,8,0.35656662099063396,0.24905116856098175
2021-09-05 12:00:00,2021-09-10 12:00:00,5,28.499999999999982,74.99999999999999,Rajasthan,9,2021,4.432141,28.087708,999.56494,5.058159,-4.1379647,0.7690735,3.5892382,29.804565,1000.69366,0.84290266,-1.7168579,0.84290266,1.7168579,False,False,False,False,False,False,test,no_reliable_analogs,,,,,0,,
2021-08-30 00:00:00,2021-09-04 00:00:00,5,26.999999999999996,88.49999999999999,West Bengal,9,2021,21.637403,18.075531,1007.90814,0.76392555,-1.1902542,-0.043792725,7.582755,20.196228,1007.97986,14.054648,-2.120697,14.054648,2.120697,False,False,False,False,False,False,test,ok,0.0,0.0,10.209504890441895,1.2917388916015624,10,0.3844799414277077,0.2404908388853073
2021-09-24 12:00:00,2021-09-29 12:00:00,5,18.0,82.5,Andhra Pradesh,9,2021,10.569286,24.774872,1005.52234,1.083668,5.101581,-1.1230164,4.4861655,27.516663,1006.5708,6.083121,-2.7417908,6.083121,2.7417908,False,False,False,False,False,False,test,no_reliable_analogs,,,,,0,,
2021-06-19 00:00:00,2021-06-24 00:00:00,5,36.0,78.0,Jammu and Kashmir,6,2021,0.8199237,-8.390991,1025.6234,1.0651131,-1.0893538,0.6480713,0.72302693,-10.186768,1028.0646,0.09689677,1.7957764,0.09689677,1.7957764,False,False,False,False,False,False,test,no_reliable_analogs,,,,,0,,
2021-07-14 12:00:00,2021-07-19 12:00:00,5,28.499999999999982,76.5,Haryana,7,2021,53.30232,27.914581,996.73596,1.4284463,37.29724,-1.7279968,45.346115,27.06488,997.13727,7.9562035,0.8497009,7.9562035,0.8497009,False,False,True,False,False,False,test,no_reliable_analogs,,,,,0,,
2021-07-23 12:00:00,2021-07-28 12:00:00,5,28.499999999999982,88.49999999999999,Sikkim,7,2021,8.710147,7.2785645,1007.7039,1.8118825,-5.3174763,-0.10559082,13.002842,8.952332,1006.3448,-4.292695,-1.6737671,4.292695,1.6737671,False,False,False,False,False,False,test,no_reliable_analogs,,,,,0,,
2021-08-19 12:00:00,2021-08-24 12:00:00,5,16.499999999999993,79.49999999999999,Andhra Pradesh,8,2021,4.4795146,29.928314,1004.4828,1.9116238,1.7750335,0.4749756,0.8361172,33.220154,1003.8122,3.6433973,-3.2918396,3.6433973,3.2918396,False,True,False,True,False,False,test,no_reliable_analogs,,,,,0,,
2021-08-18 00:00:00,2021-08-23 00:00:00,5,25.49999999999999,82.5,Uttar Pradesh,8,2021,2.0267658,26.735382,1004.44604,2.3743248,-1.6667311,0.008605957,4.957803,28.558258,1003.868,-2.931037,-1.822876,2.931037,1.822876,False,False,False,False,False,False,test,ok,0.1,0.1,2.8978628858923914,2.177252197265625,10,0.4563273906707764,0.2803553640842438
2021-07-17 12:00:00,2021-07-22 12:00:00,5,28.499999999999982,70.49999999999999,Rajasthan,7,2021,0.06456952,39.044525,991.2061,3.5891533,-0.20981033,0.86608887,0.24453208,38.049988,992.28326,-0.17996256,0.99453735,0.17996256,0.99453735,False,False,False,False,False,False,test,no_reliable_analogs,,,,,0,,
2021-08-01 00:00:00,2021-08-06 00:00:00,5,25.49999999999999,83.99999999999999,Bihar,8,2021,6.3703084,26.309967,1000.61615,0.90612125,-0.049579144,0.091430664,1.9119096,28.531067,999.6418,4.458399,-2.2210999,4.458399,2.2210999,False,False,False,False,False,False,test,ok,0.0,0.2,5.422040557861328,2.2854095458984376,10,0.48755174279212954,0.4316164553165436
2021-06-04 12:00:00,2021-06-09 12:00:00,5,9.0,76.5,Kerala,6,2021,13.633786,25.550568,1008.1689,4.8270836,-5.131942,0.3862915,5.988022,27.225677,1008.3741,7.6457644,-1.6751099,7.6457644,1.6751099,False,False,False,False,False,False,test,no_reliable_analogs,,,,,0,,
2021-06-24 00:00:00,2021-06-29 00:00:00,5,22.5,88.49999999999999,West Bengal,6,2021,5.905973,27.662933,1001.1094,3.695629,-1.0569944,-0.07974243,2.0746171,29.050568,1003.5987,3.8313558,-1.3876343,3.8313558,1.3876343,False,False,False,False,False,False,test,ok,0.0,0.0,3.6116475582122805,1.122039794921875,10,0.4165892481803894,0.30277159810066223
2021-07-31 12:00:00,2021-08-05 12:00:00,5,22.5,76.5,Madhya Pradesh,8,2021,13.382031,26.123718,1001.1933,5.1309466,9.221758,-1.5652161,30.918877,26.089813,1000.9758,-17.536846,0.03390503,17.536846,0.03390503,False,False,False,False,False,False,test,ok,0.0,0.0,6.27793140411377,1.483154296875,5,0.5582867503166199,0.43254804611206055
2021-07-20 12:00:00,2021-07-25 12:00:00,5,25.49999999999999,74.99999999999999,Rajasthan,7,2021,16.153818,29.50943,994.98706,2.2876186,1.346879,-1.3777466,18.420275,30.878448,996.387,-2.2664566,-1.3690186,2.2664566,1.3690186,False,False,False,False,False,False,test,no_reliable_analogs,,,,,0,,
2021-07-11 12:00:00,2021-07-16 12:00:00,5,19.499999999999996,76.5,Maharashtra,7,2021,3.657944,29.956268,1002.2053,2.5777013,-1.1048591,1.839508,10.60307,30.308746,1002.85596,-6.9451265,-0.35247803,6.9451265,0.35247803,False,False,False,False,False,False,test,no_reliable_analogs,,,,,0,,
2021-09-10 00:00:00,2021-09-15 00:00:00,5,10.499999999999996,76.5,Kerala,9,2021,11.771177,22.805847,1009.2353,2.3223414,-4.0421925,-0.10681152,5.871748,24.378143,1009.18085,5.8994293,-1.5722961,5.8994293,1.5722961,False,False,False,False,False,False,test,no_reliable_analogs,,,,,0,,
2021-07-15 12:00:00,2021-07-20 12:00:00,5,18.0,79.49999999999999,Andhra Pradesh,7,2021,7.881414,28.023285,1001.9802,2.483238,-5.2368255,0.35183716,6.0538473,30.952057,1002.8119,1.8275666,-2.928772,1.8275666,2.928772,False,False,False,False,False,False,test,no_reliable_analogs,,,,,0,,
2021-07-15 00:00:00,2021-07-20 00:00:00,5,19.499999999999996,82.5,Odisha,7,2021,13.563486,23.095276,1002.53296,1.9396366,4.265033,0.040130615,2.6599648,25.62555,1003.07153,10.903522,-2.5302734,10.903522,2.5302734,False,False,False,False,False,False,test,ok,0.0,0.2,7.749994230270386,1.86951904296875,10,0.520303001999855,0.448990136384964
2021-08-15 12:00:00,2021-08-20 12:00:00,5,34.49999999999999,76.5,Jammu and Kashmir,8,2021,0.25191256,11.215363,1012.5863,1.4032711,-0.50842464,0.8791809,0.7283643,10.467621,1013.4995,-0.47645172,0.7477417,0.47645172,0.7477417,False,False,False,False,False,False,test,no_reliable_analogs,,,,,0,,
2021-09-01 12:00:00,2021-09-06 12:00:00,5,22.5,69.0,Gujarat,9,2021,1.6479219,27.797882,1003.81665,4.965688,0.7774047,0.06539917,0.9020614,28.93805,1002.5488,0.7458605,-1.1401672,0.7458605,1.1401672,False,False,False,False,False,False,test,ok,0.0,0.0,1.537289585918188,1.0000396728515626,10,0.3056307926774025,0.21638894081115723
2021-06-26 00:00:00,2021-07-01 00:00:00,5,11.999999999999991,79.49999999999999,Tamil Nadu,7,2021,0.80278647,27.03064,1005.0695,2.9557173,0.3757652,-0.06314087,4.5681067,26.972412,1005.4542,-3.7653203,0.05822754,3.7653203,0.05822754,False,False,False,False,False,False,test,ok,0.0,0.0,1.480976285971701,1.5493377685546874,10,0.3067473039031029,0.24430952966213226
2021-07-28 12:00:00,2021-08-02 12:00:00,5,28.499999999999982,97.49999999999999,Arunachal Pradesh,8,2021,1.4567609,12.949982,1009.6061,1.1778209,0.12855089,0.21191406,1.3333883,15.278656,1008.63727,0.123372555,-2.3286743,0.123372555,2.3286743,False,False,False,False,False,False,test,ok,0.0,0.16666666666666666,1.621858149766922,2.3565521240234375,6,0.3832395523786545,0.15658089518547058
2021-08-18 00:00:00,2021-08-23 00:00:00,5,28.499999999999982,76.5,Haryana,8,2021,6.9802375,25.370789,1004.217,1.732666,-3.591761,0.12158203,3.4548414,27.685669,1002.9851,3.525396,-2.3148804,3.525396,2.3148804,False,False,False,False,False,False,test,ok,0.0,0.2,3.0108487129211428,2.143359375,10,0.5114915877580642,0.449534147977829
2021-07-02 12:00:00,2021-07-07 12:00:00,5,34.49999999999999,73.5,Jammu and Kashmir,7,2021,0.8386313,25.184418,1003.68915,1.2599134,-0.6325369,1.3782654,4.543536,22.881714,1006.6565,-3.704905,2.3027039,3.704905,2.3027039,False,False,False,False,False,False,test,no_reliable_analogs,,,,,0,,
2021-07-20 00:00:00,2021-07-25 00:00:00,5,26.999999999999996,81.0,Uttar Pradesh,7,2021,8.333067,26.949738,997.8867,1.6750869,2.6870255,0.17364502,3.8554351,29.307434,998.12085,4.4776316,-2.3576965,4.4776316,2.3576965,False,False,False,False,False,False,test,ok,0.0,0.2,2.4688717126846313,1.937701416015625,10,0.43998352587223055,0.38719555735588074
2021-08-16 00:00:00,2021-08-21 00:00:00,5,31.499999999999993,74.99999999999999,Punjab,8,2021,0.69658583,26.900208,1004.9467,2.2962117,-1.6892672,0.2336731,1.111644,26.327148,1005.79944,-0.4150582,0.5730591,0.4150582,0.5730591,False,False,False,False,False,False,test,ok,0.0,0.0,0.6980436344941457,1.5028584798177083,9,0.46808625592125785,0.30015864968299866
2021-06-21 00:00:00,2021-06-26 00:00:00,5,28.499999999999982,91.5,Arunachal Pradesh,6,2021,3.6627848,5.27005,1013.0373,1.3047878,-0.6600101,0.020568848,2.9346378,5.9914856,1014.49805,0.72814703,-0.72143555,0.72814703,0.72143555,False,False,False,False,False,False,test,ok,0.0,0.0,2.896724355220795,1.208209228515625,10,0.30342456996440886,0.25033947825431824
2021-08-06 12:00:00,2021-08-11 12:00:00,5,25.49999999999999,83.99999999999999,Bihar,8,2021,13.846541,29.27884,999.4903,2.6735322,3.4660816,-0.9869385,21.62672,28.635956,1000.45703,-7.780179,0.6428833,7.780179,0.6428833,False,False,False,False,False,False,test,no_reliable_analogs,,,,,0,,
2021-09-28 00:00:00,2021-10-03 00:00:00,5,25.49999999999999,70.49999999999999,Rajasthan,10,2021,0.30757904,24.488068,1007.72034,2.7599127,-0.10061911,0.370636,0.0047088587,26.319244,1007.41235,0.30287018,-1.8311768,0.30287018,1.8311768,False,False,False,False,False,False,test,ok,0.0,0.0,0.011169265737180467,1.4023933410644531,8,0.48094310611486435,0.4179409146308899
2021-06-23 00:00:00,2021-06-28 00:00:00,5,10.499999999999996,78.0,Tamil Nadu,6,2021,1.1702161,24.74353,1008.83563,2.451327,0.808097,-0.4520874,0.8774938,25.871979,1008.01135,0.29272228,-1.1284485,0.29272228,1.1284485,False,False,False,False,False,False,test,ok,0.0,0.0,0.19210342168807984,1.879119873046875,5,0.2636654615402222,0.15809445083141327
2021-06-26 12:00:00,2021-07-01 12:00:00,5,28.499999999999982,72.0,Rajasthan,7,2021,0.0,43.05008,989.47577,7.8768263,0.0,0.0390625,-2.4214385e-05,42.722626,992.1875,2.4214385e-05,0.3274536,2.4214385e-05,0.3274536,False,False,False,False,False,False,test,ok,0.0,0.0,0.0018384560626145685,1.1610005696614583,6,0.4563286155462265,0.4063526391983032
2021-07-22 12:00:00,2021-07-27 12:00:00,5,9.0,79.49999999999999,Tamil Nadu,7,2021,0.026904078,28.404358,1005.10065,9.425409,-0.023276513,0.22253418,0.4482923,28.82248,1006.133,-0.4213882,-0.41812134,0.4213882,0.41812134,False,False,False,False,False,False,test,ok,0.0,0.0,0.3168299418874085,0.310247802734375,10,0.246758633852005,0.1714082956314087
2021-07-09 00:00:00,2021-07-14 00:00:00,5,20.999999999999993,76.5,Maharashtra,7,2021,24.666185,23.931519,1000.8744,2.4000707,-11.771719,-0.12460327,15.32527,25.485748,1001.53143,9.340916,-1.5542297,9.340916,1.5542297,False,False,False,False,False,False,test,no_reliable_analogs,,,,,0,,
2021-08-26 12:00:00,2021-08-31 12:00:00,5,25.49999999999999,70.49999999999999,Rajasthan,8,2021,0.0005291869,38.741028,1001.26514,2.6334274,-0.0062517044,-0.7633362,0.14818007,38.667572,1000.6749,-0.14765088,0.07345581,0.14765088,0.07345581,False,False,False,False,False,False,test,no_reliable_analogs,,,,,0,,
2021-07-17 00:00:00,2021-07-22 00:00:00,5,26.999999999999996,81.0,Uttar Pradesh,7,2021,16.389027,25.833588,997.79175,1.8386017,4.777725,0.037231445,10.671861,27.176575,996.3734,5.717166,-1.3429871,5.717166,1.3429871,False,False,False,False,False,False,test,ok,0.0,0.2,6.729532146453858,1.8207489013671876,10,0.48267043828964235,0.363739550113678
2021-09-25 12:00:00,2021-09-30 12:00:00,5,25.49999999999999,92.99999999999999,Assam,9,2021,7.089898,24.806854,1008.0254,1.1708832,1.5411758,-0.47329712,2.6180584,28.210175,1009.06354,4.47184,-3.4033203,4.47184,3.4033203,False,True,False,True,False,False,test,ok,0.0,0.5,2.529265213012695,2.8186187744140625,10,0.3736101485788822,0.12184973806142807
2021-09-27 00:00:00,2021-10-02 00:00:00,5,25.49999999999999,91.5,Meghalaya,10,2021,4.8747196,22.598053,1010.5655,1.2499527,0.2125349,0.105285645,4.0576687,25.582428,1009.9718,0.81705093,-2.984375,0.81705093,2.984375,False,False,False,False,False,False,test,ok,0.0,0.2,0.9919799149036408,2.5245361328125,10,0.392848527431488,0.23451054096221924
2021-09-17 00:00:00,2021-09-22 00:00:00,5,16.499999999999993,73.5,Maharashtra,9,2021,13.3356495,24.03003,1007.3176,3.6687934,-2.236103,-0.1621399,9.946126,24.694824,1007.1959,3.3895235,-0.6647949,3.3895235,0.6647949,False,False,False,False,False,False,test,ok,0.0,0.0,9.108444849650065,1.2666659884982638,9,0.47146450148688424,0.38515350222587585
2021-09-27 12:00:00,2021-10-02 12:00:00,5,11.999999999999991,72.0,Lakshadweep,10,2021,8.920436,26.96997,1006.9931,5.802399,0.2704754,-0.053588867,7.6491175,26.830414,1007.2681,1.2713184,0.13955688,1.2713184,0.13955688,False,False,False,False,False,False,test,no_reliable_analogs,,,,,0,,
2021-07-02 00:00:00,2021-07-07 00:00:00,5,25.49999999999999,82.5,Uttar Pradesh,7,2021,0.33602324,28.94159,999.23663,3.43845,0.33083135,-1.3130493,0.87566686,29.697632,1000.04877,-0.53964365,-0.7560425,0.53964365,0.7560425,False,False,False,False,False,False,test,no_reliable_analogs,,,,,0,,
2021-08-18 00:00:00,2021-08-23 00:00:00,5,26.999999999999996,94.5,Assam,8,2021,6.751843,24.868774,1004.79266,2.7344203,-0.35600376,0.118377686,11.483091,25.290863,1005.27344,-4.7312484,-0.42208862,4.7312484,0.42208862,False,False,False,False,False,False,test,ok,0.0,0.0,2.5347733974456785,1.3679168701171875,10,0.4521606981754303,0.378062903881073
2021-06-24 12:00:00,2021-06-29 12:00:00,5,28.499999999999982,94.5,Arunachal Pradesh,6,2021,47.92825,18.446991,1003.58295,0.91831243,0.74453735,0.18615723,29.12174,19.069,1006.08374,18.806509,-0.6220093,18.806509,0.6220093,False,False,True,False,False,False,test,no_reliable_analogs,,,,,0,,
2021-08-08 12:00:00,2021-08-13 12:00:00,5,28.499999999999982,79.49999999999999,Uttar Pradesh,8,2021,2.2071369,31.298065,997.2667,3.7885282,-0.28524733,-0.013549805,4.676964,31.534515,999.2126,-2.469827,-0.2364502,2.469827,0.2364502,False,False,False,False,False,False,test,ok,0.0,0.0,1.0054551094770432,0.6421234130859375,10,0.4871621698141098,0.372654527425766
2021-07-20 12:00:00,2021-07-25 12:00:00,5,26.999999999999996,83.99999999999999,Uttar Pradesh,7,2021,2.5433326,31.485046,995.1934,1.730777,-2.6192346,1.2323303,1.7808086,31.57669,997.3899,0.762524,-0.09164429,0.762524,0.09164429,False,False,False,False,False,False,test,no_reliable_analogs,,,,,0,,
2021-06-15 12:00:00,2021-06-20 12:00:00,5,11.999999999999991,94.5,Andaman and Nicobar,6,2021,9.716137,28.22226,1007.5775,7.546224,-2.473876,0.071136475,0.51041263,28.804382,1008.38495,9.205725,-0.5821228,9.205725,0.5821228,False,False,True,False,False,False,test,ok,0.0,0.0,5.080215901136398,0.5095443725585938,8,0.3847424052655697,0.3268023431301117
2021-09-16 00:00:00,2021-09-21 00:00:00,5,29.999999999999993,73.5,Rajasthan,9,2021,0.20213643,27.396576,1004.5228,2.33632,0.20213643,-0.5491028,0.27362892,29.386353,1003.44666,-0.07149249,-1.9897766,0.07149249,1.9897766,False,False,False,False,False,False,test,ok,0.0,0.0,0.7272514243211065,1.5835353306361608,7,0.46286575283323017,0.3809874951839447
2021-09-23 12:00:00,2021-09-28 12:00:00,5,26.999999999999996,72.0,Rajasthan,9,2021,2.0033767,30.012848,1003.69,3.1852405,-0.63439846,0.7742615,0.9574083,32.57672,1002.9986,1.0459684,-2.5638733,1.0459684,2.5638733,False,False,False,False,False,False,test,ok,0.0,0.2,1.8492299970235764,1.5813385009765626,10,0.431178879737854,0.3523079752922058
2021-06-23 12:00:00,2021-06-28 12:00:00,5,22.5,82.5,Chhattisgarh,6,2021,6.9508395,28.924011,1000.674,1.3825952,6.843326,-3.5766602,7.1939154,31.541107,1003.37445,-0.24307585,-2.617096,0.24307585,2.617096,False,False,False,False,False,False,test,no_reliable_analogs,,,,,0,,
2021-08-01 12:00:00,2021-08-06 12:00:00,5,18.0,81.0,Chhattisgarh,8,2021,2.962144,30.339966,1000.84534,1.9172635,1.205923,-0.50631714,2.085833,30.67978,1002.08594,0.8763108,-0.33981323,0.8763108,0.33981323,False,False,False,False,False,False,test,ok,0.0,0.1,8.185640120506287,1.388238525390625,10,0.4701080799102783,0.35539352893829346
2021-07-12 00:00:00,2021-07-17 00:00:00,5,26.999999999999996,85.5,Bihar,7,2021,9.267035,23.938019,1004.931,1.6034359,-16.440207,0.080841064,12.258954,25.334412,1005.1028,-2.9919195,-1.3963928,2.9919195,1.3963928,False,False,False,False,False,False,test,no_reliable_analogs,,,,,0,,
2021-08-03 12:00:00,2021-08-08 12:00:00,5,24.0,72.0,Gujarat,8,2021,0.2416546,31.464355,1003.06714,3.5768647,0.08881663,-1.1487122,0.006638283,34.269867,1002.94495,0.23501632,-2.8055115,0.23501632,2.8055115,False,False,False,False,False,False,test,no_reliable_analogs,,,,,0,,
2021-09-27 12:00:00,2021-10-02 12:00:00,5,24.0,70.49999999999999,Gujarat,10,2021,0.35128886,30.624756,1006.37195,2.0687191,0.06329712,0.120147705,0.001980353,32.7966,1007.1633,0.3493085,-2.1718445,0.3493085,2.1718445,False,False,False,False,False,False,test,ok,0.0,0.0,0.2850111525389366,1.8915435791015625,10,0.44886056929826734,0.24508528411388397
2021-09-25 12:00:00,2021-09-30 12:00:00,5,26.999999999999996,88.49999999999999,West Bengal,9,2021,3.5451853,19.493378,1011.067,0.7561314,-0.52156377,0.31954956,4.1536613,21.046356,1012.4068,-0.6084759,-1.5529785,0.6084759,1.5529785,False,False,False,False,False,False,test,ok,0.0,0.1,1.8306415796279907,1.925823974609375,10,0.3855986803770065,0.2939636707305908
2021-08-06 00:00:00,2021-08-11 00:00:00,5,28.499999999999982,92.99999999999999,Arunachal Pradesh,8,2021,19.864456,9.20932,1011.7679,0.7571112,-1.5845089,-0.010101318,18.155685,9.825439,1011.9815,1.7087708,-0.6161194,1.7087708,0.6161194,False,False,False,False,False,False,test,ok,0.14285714285714285,0.14285714285714285,6.04903507232666,1.6510576520647322,7,0.3813996357577188,0.27913525700569153
2021-06-19 12:00:00,2021-06-24 12:00:00,5,26.999999999999996,94.5,Assam,6,2021,13.147634,27.516937,1000.4847,1.8056737,-3.4975996,0.11306763,6.7389483,28.68631,1001.7706,6.408685,-1.1693726,6.408685,1.1693726,False,False,False,False,False,False,test,ok,0.0,0.1,3.7436890602111816,1.8096160888671875,10,0.44746785759925845,0.34428396821022034
2021-09-06 00:00:00,2021-09-11 00:00:00,5,32.999999999999986,78.0,Jammu and Kashmir,9,2021,2.6280584,-0.8392639,1018.50745,0.7678623,-0.609035,-0.51971436,3.8384535,1.2593079,1020.1138,-1.2103951,-2.0985718,1.2103951,2.0985718,False,False,False,False,False,False,test,ok,0.0,0.0,0.8039352741092444,1.78294677734375,10,0.35706871151924136,0.23093414306640625
2021-09-26 00:00:00,2021-10-01 00:00:00,5,26.999999999999996,72.0,Rajasthan,10,2021,0.14789039,25.399963,1007.7475,2.7204952,-0.10170558,-0.5621948,0.17557727,27.374481,1008.55023,-0.027686879,-1.9745178,0.027686879,1.9745178,False,False,False,False,False,False,test,ok,0.0,0.2,0.3226915182785888,2.08037109375,10,0.4363991141319275,0.3335769772529602
2021-09-20 00:00:00,2021-09-25 00:00:00,5,26.999999999999996,76.5,Rajasthan,9,2021,8.383002,23.765015,1006.3066,2.1317186,-19.539898,0.29107666,1.4428303,26.16446,1006.4292,6.940172,-2.3994446,6.940172,2.3994446,False,False,False,False,False,False,test,no_reliable_analogs,,,,,0,,
2021-08-07 00:00:00,2021-08-12 00:00:00,5,26.999999999999996,76.5,Rajasthan,8,2021,0.0032813929,25.320496,1003.7721,4.629738,-0.00010907836,-0.32678223,0.0030440036,27.183472,1004.8025,0.00023738923,-1.8629761,0.00023738923,1.8629761,False,False,False,False,False,False,test,ok,0.2857142857142857,0.0,7.76949285290071,1.71319580078125,7,0.46088037746293203,0.38868141174316406
2021-07-20 12:00:00,2021-07-25 12:00:00,5,18.0,83.99999999999999,Andhra Pradesh,7,2021,0.28766096,30.07254,998.72375,7.665305,0.08532114,-0.35354614,1.7099617,29.552185,1000.2372,-1.4223007,0.5203552,1.4223007,0.5203552,False,False,False,False,False,False,test,ok,0.1,0.0,8.086962607502937,0.447021484375,10,0.3812068775296211,0.20616500079631805
2021-06-22 00:00:00,2021-06-27 00:00:00,5,24.0,83.99999999999999,Jharkhand,6,2021,10.755577,24.097198,1003.5157,1.1114361,10.022064,-1.8924866,18.353123,25.743256,1005.1691,-7.5975456,-1.6460571,7.5975456,1.6460571,False,False,False,False,False,False,test,no_reliable_analogs,,,,,0,,
2021-07-29 12:00:00,2021-08-03 12:00:00,5,28.499999999999982,88.49999999999999,Sikkim,8,2021,1.4085695,10.434296,1008.4772,2.9610233,-0.15250027,0.77737427,6.6813793,10.573883,1008.5642,-5.27281,-0.1395874,5.27281,0.1395874,False,False,False,False,False,False,test,no_reliable_analogs,,,,,0,,
2021-06-17 00:00:00,2021-06-22 00:00:00,5,18.0,82.5,Andhra Pradesh,6,2021,2.491476,24.48761,1004.9718,1.9201849,1.6133766,0.1496582,0.22823276,26.014313,1004.4832,2.2632432,-1.5267029,2.2632432,1.5267029,False,False,False,False,False,False,test,ok,0.0,0.0,1.7032150864601134,1.6233795166015625,10,0.4354750797152519,0.2389405518770218
2021-06-06 12:00:00,2021-06-11 12:00:00,5,18.0,82.5,Andhra Pradesh,6,2021,5.7297835,27.96051,998.8347,3.5849416,2.4941783,-0.74005127,31.944994,25.84787,1000.4179,-26.21521,2.1126404,26.21521,2.1126404,False,False,True,False,False,False,test,no_reliable_analogs,,,,,0,,
2021-06-04 12:00:00,2021-06-09 12:00:00,5,20.999999999999993,79.49999999999999,Maharashtra,6,2021,3.949928,33.342926,999.1482,2.7614613,-0.6179764,-0.53012085,19.535723,31.407532,999.27057,-15.585794,1.9353943,15.585794,1.9353943,False,False,False,False,False,False,test,ok,0.0,0.0,2.484628409664664,1.3888142903645833,9,0.44629522164662677,0.33926087617874146
2021-09-03 12:00:00,2021-09-08 12:00:00,5,20.999999999999993,88.49999999999999,West Bengal,9,2021,13.787833,28.71222,1003.60406,4.4900966,0.29138088,-0.29516602,27.263615,28.525116,1004.2848,-13.475781,0.18710327,13.475781,0.18710327,False,False,True,False,False,False,test,no_reliable_analogs,,,,,0,,
2021-07-28 12:00:00,2021-08-02 12:00:00,5,25.49999999999999,82.5,Uttar Pradesh,8,2021,37.376156,29.507477,996.6041,3.083934,34.87203,-1.1080322,0.7282037,30.598969,997.72516,36.647953,-1.0914917,36.647953,1.0914917,True,False,True,False,False,False,test,no_reliable_analogs,,,,,0,,
2021-08-04 12:00:00,2021-08-09 12:00:00,5,32.999999999999986,73.5,Jammu and Kashmir,8,2021,3.284707,30.789856,1001.7235,1.2983016,-0.9783864,0.20489502,3.5853117,33.64514,1001.759,-0.30060458,-2.8552856,0.30060458,2.8552856,False,False,False,False,False,False,test,no_reliable_analogs,,,,,0,,
2021-09-23 12:00:00,2021-09-28 12:00:00,5,14.999999999999996,73.5,Goa,9,2021,3.3522358,25.95639,1006.3976,5.079221,-1.3722548,0.103393555,11.969025,25.858765,1004.8936,-8.616789,0.09762573,8.616789,0.09762573,False,False,False,False,False,False,test,ok,0.0,0.0,1.1713449776172637,0.363970947265625,10,0.36509323716163633,0.27527686953544617
2021-08-01 12:00:00,2021-08-06 12:00:00,5,32.999999999999986,76.5,Himachal Pradesh,8,2021,1.4968765,12.034973,1009.4871,1.2819734,-0.89254,0.36572266,1.8182842,13.25528,1009.7173,-0.32140768,-1.2203064,0.32140768,1.2203064,False,False,False,False,False,False,test,ok,0.0,0.2,0.7904084682464599,2.29510498046875,10,0.3604918584227562,0.2118651121854782
2021-07-26 12:00:00,2021-07-31 12:00:00,5,34.49999999999999,74.99999999999999,Jammu and Kashmir,7,2021,5.824697,15.011108,1006.8246,1.3476728,1.20783,0.4017334,9.456219,16.28247,1008.28436,-3.6315217,-1.2713623,3.6315217,1.2713623,False,False,False,False,False,False,test,no_reliable_analogs,,,,,0,,
2021-07-07 00:00:00,2021-07-12 00:00:00,5,36.0,78.0,Jammu and Kashmir,7,2021,0.09335709,-1.8000183,1018.89374,1.1286284,-0.015610881,1.4180603,0.16631371,-6.3885193,1019.1174,-0.072956614,4.588501,0.072956614,4.588501,False,True,False,True,False,False,test,no_reliable_analogs,,,,,0,,
2021-08-29 00:00:00,2021-09-03 00:00:00,5,25.49999999999999,74.99999999999999,Rajasthan,9,2021,2.5358353,24.118591,1003.74774,2.2967572,-4.98921,0.2654724,8.981737,26.011078,1004.4356,-6.445902,-1.8924866,6.445902,1.8924866,False,False,False,False,False,False,test,no_reliable_analogs,,,,,0,,
2021-08-28 00:00:00,2021-09-02 00:00:00,5,9.0,92.99999999999999,Andaman and Nicobar,9,2021,13.773073,27.296265,1009.1489,5.642486,-8.662134,1.4118347,42.136227,27.6232,1008.74396,-28.363153,-0.3269348,28.363153,0.3269348,False,False,True,False,False,False,test,no_reliable_analogs,,,,,0,,
2021-09-30 12:00:00,2021-10-05 12:00:00,5,22.5,79.49999999999999,Madhya Pradesh,10,2021,3.158606,27.071167,1007.9637,0.9191752,-1.9554086,0.6835022,4.192167,28.449524,1007.6806,-1.0335608,-1.3783569,1.0335608,1.3783569,False,False,False,False,False,False,test,ok,0.0,0.1111111111111111,0.7070775587473892,2.3079020182291665,9,0.5454892416795095,0.47757387161254883
2021-09-24 00:00:00,2021-09-29 00:00:00,5,20.999999999999993,82.5,Chhattisgarh,9,2021,11.370611,23.316895,1006.2134,0.8297186,5.2816553,-0.02798462,6.226949,25.629364,1007.1088,5.143662,-2.3124695,5.143662,2.3124695,False,False,False,False,False,False,test,ok,0.0,0.4,4.74333233833313,2.8303619384765626,10,0.45787588357925413,0.3580831289291382
2021-06-10 12:00:00,2021-06-15 12:00:00,5,28.499999999999982,81.0,Uttar Pradesh,6,2021,125.75996,24.282593,993.37213,2.416041,26.356384,0.020080566,66.57867,24.615875,995.084,59.18129,-0.33328247,59.18129,0.33328247,False,False,True,False,False,False,test,no_reliable_analogs,,,,,0,,
2021-08-10 12:00:00,2021-08-15 12:00:00,5,20.999999999999993,83.99999999999999,Odisha,8,2021,10.548373,28.588531,1001.7887,1.0260226,5.3440948,-0.59750366,8.343566,30.66504,1000.82007,2.2048073,-2.0765076,2.2048073,2.0765076,False,False,False,False,False,False,test,ok,0.0,0.0,6.112169361114502,1.5176910400390624,10,0.5121331483125686,0.453413724899292
2021-08-05 00:00:00,2021-08-10 00:00:00,5,29.999999999999993,74.99999999999999,Punjab,8,2021,1.0085285,28.370728,1000.05084,1.8482219,-1.0253837,0.4869995,1.8824214,29.08731,1001.1231,-0.8738929,-0.71658325,0.8738929,0.71658325,False,False,False,False,False,False,test,ok,0.0,0.0,1.2358770936727523,1.1306365966796874,10,0.4211542636156082,0.29809582233428955
2021-06-03 00:00:00,2021-06-08 00:00:00,5,25.49999999999999,90.0,Meghalaya,6,2021,16.866278,26.102936,999.87616,2.8356922,10.170633,-0.0670166,21.251759,25.862091,1002.4338,-4.385481,0.24084473,4.385481,0.24084473,False,False,False,False,False,False,test,no_reliable_analogs,,,,,0,,
2021-07-07 00:00:00,2021-07-12 00:00:00,5,20.999999999999993,82.5,Chhattisgarh,7,2021,6.0378323,24.349213,1002.6307,1.3657832,-8.101738,-0.019683838,0.84229755,27.2193,1002.5182,5.1955347,-2.8700867,5.1955347,2.8700867,False,False,False,False,False,False,test,no_reliable_analogs,,,,,0,,
2021-07-25 12:00:00,2021-07-30 12:00:00,5,24.0,83.99999999999999,Jharkhand,7,2021,23.105997,25.978119,997.44006,3.977312,-2.1640415,0.25097656,24.850151,26.386902,995.8133,-1.744154,-0.40878296,1.744154,0.40878296,False,False,False,False,False,False,test,no_reliable_analogs,,,,,0,,
2021-08-31 00:00:00,2021-09-05 00:00:00,5,24.0,74.99999999999999,Madhya Pradesh,9,2021,2.141514,23.49997,1004.8842,2.8733737,0.73746955,-0.23474121,0.72440284,25.847382,1004.95386,1.4171112,-2.347412,1.4171112,2.347412,False,False,False,False,False,False,test,ok,0.0,0.1,3.5540825612843037,1.9088531494140626,10,0.48388831615447997,0.3936045169830322
2021-07-03 00:00:00,2021-07-08 00:00:00,5,9.0,76.5,Kerala,7,2021,19.54251,24.476044,1008.6604,4.007354,12.3734,0.24771118,8.607824,25.846436,1008.32513,10.934685,-1.3703918,10.934685,1.3703918,False,False,False,False,False,False,test,no_reliable_analogs,,,,,0,,
2021-07-22 12:00:00,2021-07-27 12:00:00,5,28.499999999999982,74.99999999999999,Rajasthan,7,2021,25.218882,28.779297,992.2473,4.9081078,18.475592,-2.2466736,12.42087,30.105225,994.4442,12.798012,-1.3259277,12.798012,1.3259277,False,False,True,False,False,False,test,no_reliable_analogs,,,,,0,,
2021-07-12 00:00:00,2021-07-17 00:00:00,5,20.999999999999993,73.5,Gujarat,7,2021,10.804554,24.2435,1002.8881,3.0274987,4.205925,-0.0892334,5.8865566,26.348541,1004.85876,4.9179974,-2.1050415,4.9179974,2.1050415,False,False,False,False,False,False,test,ok,0.0,0.0,4.248970568180084,1.754974365234375,8,0.4569140002131462,0.3483870029449463
2021-07-19 00:00:00,2021-07-24 00:00:00,5,32.999999999999986,79.49999999999999,Jammu and Kashmir,7,2021,0.67198825,6.9997253,1011.14624,1.0173457,0.45519018,0.31472778,1.5957645,7.844269,1010.9204,-0.92377627,-0.84454346,0.92377627,0.84454346,False,False,False,False,False,False,test,ok,0.0,0.0,1.6176802196672984,1.1798967633928572,7,0.40540354592459543,0.366117000579834
2021-07-25 00:00:00,2021-07-30 00:00:00,5,10.499999999999996,78.0,Tamil Nadu,7,2021,0.02658586,24.145813,1009.3145,3.603854,-0.010405576,0.034240723,0.061487213,25.691437,1009.9076,-0.03490135,-1.5456238,0.03490135,1.5456238,False,False,False,False,False,False,test,ok,0.0,0.0,1.6257858395576477,1.6761444091796875,10,0.28294178545475007,0.13661698997020721
2021-09-17 12:00:00,2021-09-22 12:00:00,5,24.0,94.5,Manipur,9,2021,9.702158,24.181671,1007.2028,0.7034319,-4.2929306,0.6496277,8.923405,26.152039,1006.54767,0.7787533,-1.9703674,0.7787533,1.9703674,False,False,False,False,False,False,test,no_reliable_analogs,,,,,0,,
2021-06-30 00:00:00,2021-07-05 00:00:00,5,16.499999999999993,78.0,Andhra Pradesh,7,2021,0.9634662,24.633118,1007.03546,3.7034855,-1.3436179,0.06796265,0.3270408,26.383453,1007.493,0.63642544,-1.7503357,0.63642544,1.7503357,False,False,False,False,False,False,test,ok,0.0,0.0,2.527449232339859,1.67825927734375,10,0.3249428302049637,0.20185115933418274
2021-07-08 12:00:00,2021-07-13 12:00:00,5,28.499999999999982,79.49999999999999,Uttar Pradesh,7,2021,4.3232737,32.307312,998.6985,2.8815873,-0.47890282,2.0367737,5.533063,32.500885,1001.0578,-1.2097893,-0.193573,1.2097893,0.193573,False,False,False,False,False,False,test,no_reliable_analogs,,,,,0,,
2021-08-28 12:00:00,2021-09-02 12:00:00,5,10.499999999999996,78.0,Tamil Nadu,9,2021,1.7862206,28.330566,1006.1433,2.5882585,0.09625852,-0.7391968,2.6738958,28.602386,1006.08093,-0.8876753,-0.27182007,0.8876753,0.27182007,False,False,False,False,False,False,test,no_reliable_analogs,,,,,0,,
2021-06-13 00:00:00,2021-06-18 00:00:00,5,18.0,83.99999999999999,Andhra Pradesh,6,2021,1.105354,28.462494,1003.25476,5.9626155,0.0010800362,0.004333496,7.327891,28.167053,1001.66986,-6.222537,0.29544067,6.222537,0.29544067,False,False,False,False,False,False,test,ok,0.0,0.0,1.336710237339139,0.5448394775390625,10,0.3476224154233932,0.2701834440231323
2021-06-13 00:00:00,2021-06-18 00:00:00,5,28.499999999999982,88.49999999999999,Sikkim,6,2021,2.4956822,3.2294922,1015.616,1.5371064,1.2233026,1.1443481,2.436454,4.2576294,1015.7064,0.05922818,-1.0281372,0.05922818,1.0281372,False,False,False,False,False,False,test,no_reliable_analogs,,,,,0,,
2021-06-17 12:00:00,2021-06-22 12:00:00,5,22.5,91.5,Tripura,6,2021,15.559877,27.711853,1002.00214,5.086344,8.570484,-0.8164978,11.650046,29.118683,1002.928,3.909831,-1.4068298,3.909831,1.4068298,False,False,False,False,False,False,test,no_reliable_analogs,,,,,0,,
2021-06-15 12:00:00,2021-06-20 12:00:00,5,7.499999999999991,92.99999999999999,Andaman and Nicobar,6,2021,14.723956,26.692139,1009.57556,6.4373446,6.2268877,-1.3206482,3.887481,28.671783,1009.8323,10.836475,-1.9796448,10.836475,1.9796448,False,False,True,False,False,False,test,no_reliable_analogs,,,,,0,,
2021-06-23 12:00:00,2021-06-28 12:00:00,5,20.999999999999993,87.0,Odisha,6,2021,4.449796,29.64093,1000.13525,6.112674,-5.445128,-0.51382446,1.2549771,30.572235,1003.6359,3.194819,-0.93130493,3.194819,0.93130493,False,False,False,False,False,False,test,no_reliable_analogs,,,,,0,,
2021-08-21 12:00:00,2021-08-26 12:00:00,5,28.499999999999982,79.49999999999999,Uttar Pradesh,8,2021,1.5517409,30.757782,997.63654,1.8670005,0.17237294,-0.11663818,2.975955,31.336914,997.2458,-1.4242141,-0.5791321,1.4242141,0.5791321,False,False,False,False,False,False,test,ok,0.0,0.0,1.9344332069158554,1.4593475341796875,10,0.4031446576118469,0.3095109164714813
2021-09-27 12:00:00,2021-10-02 12:00:00,5,20.999999999999993,76.5,Maharashtra,10,2021,7.5695205,27.610138,1006.2017,1.3654026,1.1734877,-0.24893188,5.5435767,28.713715,1006.9961,2.0259438,-1.1035767,2.0259438,1.1035767,False,False,False,False,False,False,test,no_reliable_analogs,,,,,0,,
2021-08-23 12:00:00,2021-08-28 12:00:00,5,24.0,88.49999999999999,West Bengal,8,2021,8.774908,28.874786,1000.6153,1.5442455,-3.0354004,-0.021881104,5.6539564,30.329803,1000.9955,3.1209517,-1.4550171,3.1209517,1.4550171,False,False,False,False,False,False,test,ok,0.0,0.0,4.314749455451965,1.4698394775390624,10,0.48439137637615204,0.32864007353782654
2021-08-29 00:00:00,2021-09-03 00:00:00,5,10.499999999999996,92.99999999999999,Andaman and Nicobar,9,2021,15.199739,26.628082,1008.7649,8.337832,-4.0642033,-0.36950684,25.049316,26.596558,1008.1914,-9.849577,0.03152466,9.849577,0.03152466,False,False,True,False,False,False,test,no_reliable_analogs,,,,,0,,
2021-09-11 00:00:00,2021-09-16 00:00:00,5,24.0,82.5,Madhya Pradesh,9,2021,10.780987,23.686737,1005.5064,2.9829648,4.104894,0.21704102,20.787107,24.476562,1001.57513,-10.006121,-0.78982544,10.006121,0.78982544,False,False,False,False,False,False,test,ok,0.0,0.1,8.405100440979004,1.9051177978515625,10,0.526200458407402,0.40331628918647766
2021-06-24 12:00:00,2021-06-29 12:00:00,5,31.499999999999993,74.99999999999999,Punjab,6,2021,0.0016971393,42.188538,994.52,3.5092742,-0.0021187235,-0.3651123,2.4214389e-05,41.45813,996.3875,0.001672925,0.7304077,0.001672925,0.7304077,False,False,False,False,False,False,test,ok,0.0,0.3,0.15349935819394886,2.0897186279296873,10,0.47268861830234526,0.3372734785079956
2021-07-08 12:00:00,2021-07-13 12:00:00,5,32.999999999999986,78.0,Jammu and Kashmir,7,2021,1.6984181,5.9045715,1012.7972,2.4085968,-0.4590497,0.35849,8.97007,7.0515747,1013.29724,-7.2716517,-1.1470032,7.2716517,1.1470032,False,False,True,False,False,False,test,no_reliable_analogs,,,,,0,,
2021-07-18 00:00:00,2021-07-23 00:00:00,5,22.5,73.5,Gujarat,7,2021,1.4876357,26.884735,998.2363,3.996419,-0.21201384,0.09851074,2.9383907,27.959442,998.59143,-1.450755,-1.074707,1.450755,1.074707,False,False,False,False,False,False,test,ok,0.2,0.0,6.073322604596615,1.0333099365234375,10,0.3537436068058014,0.26873013377189636
2021-07-28 00:00:00,2021-08-02 00:00:00,5,11.999999999999991,78.0,Tamil Nadu,8,2021,0.059309468,21.980652,1008.87396,2.9917123,-0.11713533,0.15200806,0.14294289,24.317535,1009.5,-0.08363342,-2.3368835,0.08363342,2.3368835,False,False,False,True,False,False,test,ok,0.0,0.0,1.300935158878565,2.121337890625,10,0.2361762009561062,0.10734383016824722
2021-09-02 12:00:00,2021-09-07 12:00:00,5,22.5,81.0,Madhya Pradesh,9,2021,17.712982,24.647125,1001.18445,3.8179698,1.2883053,-0.47653198,6.7986946,26.820435,1000.3532,10.914288,-2.1733093,10.914288,2.1733093,False,False,False,False,False,False,test,no_reliable_analogs,,,,,0,,
2021-08-07 00:00:00,2021-08-12 00:00:00,5,20.999999999999993,81.0,Chhattisgarh,8,2021,3.9013896,25.219177,1005.9254,2.3705928,-1.7763872,0.58166504,0.4430272,26.91394,1005.76776,3.4583623,-1.6947632,3.4583623,1.6947632,False,False,False,False,False,False,test,ok,0.0,0.1,4.607042080163955,1.872393798828125,10,0.4665506422519684,0.28718218207359314
2021-06-26 12:00:00,2021-07-01 12:00:00,5,22.5,76.5,Madhya Pradesh,7,2021,0.15662144,32.839905,999.0807,4.781914,0.067779966,-0.2265625,0.8220231,33.05728,999.89966,-0.66540164,-0.21737671,0.66540164,0.21737671,False,False,False,False,False,False,test,ok,0.0,0.1,2.4503744576126336,1.480657958984375,10,0.5027435123920441,0.404679536819458
2021-09-04 12:00:00,2021-09-09 12:00:00,5,10.499999999999996,72.0,Lakshadweep,9,2021,0.6072734,28.131989,1009.1689,6.163125,-1.4637287,0.010803223,0.6042521,28.046478,1009.2798,0.0030212998,0.085510254,0.0030212998,0.085510254,False,False,False,False,False,False,test,ok,0.0,0.0,0.5644095197319985,0.4070953369140625,10,0.2759601429104805,0.18476396799087524
2021-07-20 00:00:00,2021-07-25 00:00:00,5,22.5,78.0,Madhya Pradesh,7,2021,40.16665,23.843292,1000.7782,4.0018992,31.786207,-0.29916382,37.274,24.102692,998.3708,2.8926506,-0.2593994,2.8926506,0.2593994,False,False,False,False,False,False,test,no_reliable_analogs,,,,,0,,
2021-09-27 00:00:00,2021-10-02 00:00:00,5,11.999999999999991,73.5,Lakshadweep,10,2021,7.4301047,26.331879,1008.22095,4.4416485,-2.3860679,-0.08709717,6.54523,26.66156,1007.91736,0.8848748,-0.3296814,0.8848748,0.3296814,False,False,False,False,False,False,test,no_reliable_analogs,,,,,0,,
2021-07-08 00:00:00,2021-07-13 00:00:00,5,16.499999999999993,74.99999999999999,Karnataka,7,2021,30.321722,22.038025,1002.90454,4.9258866,19.01016,-0.11224365,13.392001,22.711365,1003.5243,16.929722,-0.67333984,16.929722,0.67333984,False,False,True,False,False,False,test,no_reliable_analogs,,,,,0,,
2021-06-22 12:00:00,2021-06-27 12:00:00,5,25.49999999999999,78.0,Madhya Pradesh,6,2021,0.066816136,38.26419,1000.64825,3.3880746,0.04341886,-0.2600708,0.44407332,37.20047,1001.85455,-0.37725717,1.0637207,0.37725717,1.0637207,False,False,False,False,False,False,test,ok,0.0,0.3,0.849438002705574,2.6673004150390627,10,0.5596894830465317,0.42935994267463684
2021-06-18 00:00:00,2021-06-23 00:00:00,5,29.999999999999993,73.5,Rajasthan,6,2021,0.0,31.483246,999.72296,3.3698,-0.0011663394,-1.0889893,0.0039002679,28.65683,1000.0006,-0.0039002679,2.826416,0.0039002679,2.826416,False,False,False,False,False,False,test,no_reliable_analogs,,,,,0,,
2021-07-20 00:00:00,2021-07-25 00:00:00,5,28.499999999999982,91.5,Arunachal Pradesh,7,2021,2.41,5.835541,1012.73584,0.92579865,-1.6985385,-0.62158203,3.0714154,6.4826965,1013.5222,-0.66141534,-0.64715576,0.66141534,0.64715576,False,False,False,False,False,False,test,ok,0.0,0.16666666666666666,3.758324980735779,2.438440958658854,6,0.4156225547194481,0.20845790207386017
2021-06-29 12:00:00,2021-07-04 12:00:00,5,11.999999999999991,92.99999999999999,Andaman and Nicobar,7,2021,9.235617,28.476196,1006.36017,5.610587,0.63334846,1.4084473,2.3496327,27.879547,1007.32733,6.885984,0.59664917,6.885984,0.59664917,False,False,False,False,False,False,test,no_reliable_analogs,,,,,0,,
2021-09-16 00:00:00,2021-09-21 00:00:00,5,24.0,82.5,Madhya Pradesh,9,2021,19.792341,23.16571,1003.8986,4.0077844,9.449875,-0.2862854,3.7641592,26.279358,1006.9511,16.028183,-3.1136475,16.028183,3.1136475,False,True,True,True,False,False,test,no_reliable_analogs,,,,,0,,
2021-06-08 00:00:00,2021-06-13 00:00:00,5,25.49999999999999,87.0,Bihar,6,2021,26.568895,25.821198,997.96344,6.2066717,5.587408,-0.2508545,23.358444,27.263763,999.47015,3.2104511,-1.4425659,3.2104511,1.4425659,False,False,False,False,False,False,test,no_reliable_analogs,,,,,0,,
2021-06-24 00:00:00,2021-06-29 00:00:00,5,11.999999999999991,79.49999999999999,Tamil Nadu,6,2021,3.3886964,25.357574,1006.32886,2.3156574,1.972985,-0.99243164,0.10373197,27.311066,1006.9724,3.2849646,-1.9534912,3.2849646,1.9534912,False,False,False,True,False,False,test,no_reliable_analogs,,,,,0,,
2021-07-14 12:00:00,2021-07-19 12:00:00,5,19.499999999999996,76.5,Maharashtra,7,2021,29.358627,26.327698,1001.454,3.3646638,21.005045,-0.8584595,6.7516727,28.557983,1001.22125,22.606955,-2.2302856,22.606955,2.2302856,False,False,True,False,False,False,test,no_reliable_analogs,,,,,0,,
2021-06-15 00:00:00,2021-06-20 00:00:00,5,13.5,79.49999999999999,Andhra Pradesh,6,2021,0.20565091,26.559479,1006.92737,3.3164203,-0.06904723,-0.5906372,0.32692134,28.263184,1008.9807,-0.12127043,-1.7037048,0.12127043,1.7037048,False,False,False,False,False,False,test,ok,0.0,0.125,0.7202027197927237,2.458324432373047,8,0.4334775321185589,0.3630930185317993
2021-07-13 00:00:00,2021-07-18 00:00:00,5,20.999999999999993,73.5,Gujarat,7,2021,10.710158,24.680267,1004.3538,3.506188,5.518553,0.13110352,4.5988827,26.485565,1003.7342,6.1112757,-1.8052979,6.1112757,1.8052979,False,False,False,False,False,False,test,no_reliable_analogs,,,,,0,,
2021-06-07 00:00:00,2021-06-12 00:00:00,5,25.49999999999999,83.99999999999999,Bihar,6,2021,4.925659,26.913239,996.6722,1.8653206,-0.14855623,0.31515503,14.654183,25.958405,998.7888,-9.728524,0.954834,9.728524,0.954834,False,False,False,False,False,False,test,ok,0.0,0.0,4.108717352151871,1.1685028076171875,8,0.488693293184042,0.43797367811203003
2021-06-01 12:00:00,2021-06-06 12:00:00,5,25.49999999999999,81.0,Uttar Pradesh,6,2021,0.00021313068,39.26761,997.3834,3.307182,0.0,0.0,0.01090749,37.450775,999.8854,-0.010694359,1.8168335,0.010694359,1.8168335,False,False,False,False,False,False,test,ok,0.0,0.2,1.06962103061378,1.749737548828125,10,0.4656734198331833,0.29698097705841064
2021-09-21 12:00:00,2021-09-26 12:00:00,5,19.499999999999996,79.49999999999999,Andhra Pradesh,9,2021,7.637149,26.75711,1002.99335,1.1588994,-3.1678162,0.082977295,3.9378772,30.255676,1001.54016,3.6992717,-3.4985657,3.6992717,3.4985657,False,True,False,True,False,False,test,ok,0.0,0.0,2.193820667266846,1.95521240234375,5,0.421682208776474,0.35672420263290405
2021-06-27 00:00:00,2021-07-02 00:00:00,5,29.999999999999993,74.99999999999999,Punjab,7,2021,0.0,31.996674,992.88513,4.424248,0.0,-0.37268066,9.758049e-05,31.609009,995.2329,-9.758049e-05,0.3876648,9.758049e-05,0.3876648,False,False,False,False,False,False,test,ok,0.0,0.1,0.4505865192739293,1.2221435546875,10,0.42637770920991896,0.20522426068782806
2021-06-21 00:00:00,2021-06-26 00:00:00,5,24.0,88.49999999999999,West Bengal,6,2021,13.996956,25.734558,1000.08594,1.6953881,3.2579193,-0.72265625,6.8702,28.15329,1002.2324,7.1267557,-2.4187317,7.1267557,2.4187317,False,False,False,False,False,False,test,no_reliable_analogs,,,,,0,,
2021-08-25 12:00:00,2021-08-30 12:00:00,5,11.999999999999991,73.5,Lakshadweep,8,2021,44.334675,26.233612,1005.87054,8.435796,1.7945328,-0.033050537,22.665503,26.90036,1005.9872,21.669172,-0.66674805,21.669172,0.66674805,False,False,True,False,False,False,test,no_reliable_analogs,,,,,0,,
2021-09-08 00:00:00,2021-09-13 00:00:00,5,28.499999999999982,79.49999999999999,Uttar Pradesh,9,2021,3.211237,24.947388,1001.57935,1.6534529,-0.6359029,0.111328125,3.0429914,28.312561,1001.3214,0.16824555,-3.3651733,0.16824555,3.3651733,False,True,False,True,False,False,test,ok,0.0,0.3,1.1818520337343217,2.4407379150390627,10,0.32326023280620575,0.28461790084838867
2021-06-17 00:00:00,2021-06-22 00:00:00,5,18.0,73.5,Maharashtra,6,2021,17.720125,23.432007,1007.8538,2.892784,2.0613031,0.35665894,3.6623733,25.415161,1008.78516,14.057752,-1.9831543,14.057752,1.9831543,False,False,False,False,False,False,test,no_reliable_analogs,,,,,0,,
2021-06-19 12:00:00,2021-06-24 12:00:00,5,19.499999999999996,74.99999999999999,Maharashtra,6,2021,0.56065625,29.955658,1005.0725,5.5096264,0.2709671,-1.0596924,6.0918126,26.930328,1006.7017,-5.5311565,3.0253296,5.5311565,3.0253296,False,True,False,True,False,False,test,ok,0.0,0.0,1.446565330028534,0.9955575125558036,7,0.4706924046788897,0.36786767840385437
2021-08-23 12:00:00,2021-08-28 12:00:00,5,22.5,73.5,Gujarat,8,2021,1.2408965,30.311401,1001.5354,2.6028292,0.10330725,-0.011779785,0.6261799,32.12686,1001.1096,0.6147166,-1.8154602,0.6147166,1.8154602,False,False,False,False,False,False,test,ok,0.0,0.1,0.983997693657875,2.04805908203125,10,0.43184382319450376,0.38636353611946106
2021-07-16 00:00:00,2021-07-21 00:00:00,5,19.499999999999996,81.0,Chhattisgarh,7,2021,33.881943,22.855042,1003.09235,2.1265905,1.5774269,0.169281,18.94335,24.229034,1002.9208,14.938593,-1.3739929,14.938593,1.3739929,False,False,False,False,False,False,test,no_reliable_analogs,,,,,0,,
2021-06-21 12:00:00,2021-06-26 12:00:00,5,29.999999999999993,94.5,Arunachal Pradesh,6,2021,6.6838555,9.748199,1010.2506,1.4041467,-1.0394516,0.22488403,8.1182165,10.754761,1010.21234,-1.434361,-1.0065613,1.434361,1.0065613,False,False,False,False,False,False,test,ok,0.0,0.0,1.4426891565322877,1.4265289306640625,10,0.30679560750722884,0.18988817930221558
2021-08-23 00:00:00,2021-08-28 00:00:00,5,19.499999999999996,85.5,Odisha,8,2021,6.711415,26.875854,1001.75214,2.3069036,3.695812,-0.2616272,24.279116,26.938293,1000.3816,-17.567701,-0.062438965,17.567701,0.062438965,False,False,True,False,False,False,test,ok,0.0,0.0,13.839477896690369,1.07591552734375,10,0.45987189412117,0.33791133761405945
2021-08-28 00:00:00,2021-09-02 00:00:00,5,16.499999999999993,78.0,Andhra Pradesh,9,2021,10.051147,22.44751,1007.5887,2.0627494,-3.2525892,-0.12033081,0.8146109,24.968414,1007.774,9.236537,-2.5209045,9.236537,2.5209045,False,False,False,True,False,False,test,no_reliable_analogs,,,,,0,,
2021-09-25 00:00:00,2021-09-30 00:00:00,5,34.49999999999999,76.5,Jammu and Kashmir,9,2021,0.06327746,0.7038269,1021.1679,0.90521324,-0.032657504,0.28222656,0.22656702,-0.29910278,1023.37335,-0.16328955,1.0029297,0.16328955,1.0029297,False,False,False,False,False,False,test,ok,0.0,0.0,0.6778939007548616,1.4549530029296875,10,0.29715926200151443,0.10787650942802429
2021-08-12 12:00:00,2021-08-17 12:00:00,5,26.999999999999996,76.5,Rajasthan,8,2021,0.0010577426,34.029236,1001.2491,1.9001364,0.0010577426,0.13378906,0.00018856698,35.22287,1001.6378,0.00086917565,-1.193634,0.00086917565,1.193634,False,False,False,False,False,False,test,ok,0.0,0.0,0.2862333713953073,1.1544240315755208,6,0.44332743684450787,0.3417978584766388
2021-07-12 00:00:00,2021-07-17 00:00:00,5,26.999999999999996,90.0,Assam,7,2021,18.695728,18.739746,1008.26984,1.1916869,-47.070217,-0.04611206,20.270514,20.003143,1009.04193,-1.5747852,-1.2633972,1.5747852,1.2633972,False,False,False,False,False,False,test,no_reliable_analogs,,,,,0,,
2021-08-03 12:00:00,2021-08-08 12:00:00,5,19.499999999999996,78.0,Maharashtra,8,2021,0.8700352,30.802979,1004.24884,2.1146317,-2.5013661,0.4164734,0.46533376,31.571716,1004.39374,0.4047014,-0.7687378,0.4047014,0.7687378,False,False,False,False,False,False,test,ok,0.0,0.0,4.301204064488411,1.2373382568359375,10,0.4555314600467682,0.35683533549308777
2021-08-21 12:00:00,2021-08-26 12:00:00,5,13.5,78.0,Karnataka,8,2021,5.520636,27.51587,1004.98627,2.0192366,0.95482874,1.0032959,2.3069968,27.763245,1004.7553,3.2136393,-0.24737549,3.2136393,0.24737549,False,False,False,False,False,False,test,no_reliable_analogs,,,,,0,,
2021-09-04 00:00:00,2021-09-09 00:00:00,5,25.49999999999999,87.0,Bihar,9,2021,16.836514,24.714508,1005.03174,3.070664,-3.9185905,0.2731018,3.761976,27.896484,1005.5719,13.074537,-3.1819763,13.074537,3.1819763,False,True,False,True,False,False,test,no_reliable_analogs,,,,,0,,
2021-07-31 00:00:00,2021-08-05 00:00:00,5,11.999999999999991,74.99999999999999,Kerala,8,2021,8.464463,24.815155,1011.0334,4.4549246,1.8112025,-0.10290527,6.2225437,25.554413,1010.5354,2.2419195,-0.7392578,2.2419195,0.7392578,False,False,False,False,False,False,test,ok,0.0,0.0,2.5148152709007263,0.5841903686523438,8,0.42721932381391525,0.3898974359035492
2021-07-05 12:00:00,2021-07-10 12:00:00,5,22.5,73.5,Gujarat,7,2021,1.097288,32.40677,999.0812,2.772027,0.8825342,-2.2068481,4.9035482,33.425476,998.05475,-3.80626,-1.0187073,3.80626,1.0187073,False,False,False,False,False,False,test,no_reliable_analogs,,,,,0,,
2021-09-02 00:00:00,2021-09-07 00:00:00,5,11.999999999999991,73.5,Lakshadweep,9,2021,17.525349,26.476257,1008.0175,7.430191,1.2068386,-0.36184692,19.47066,26.99237,1007.4897,-1.9453106,-0.5161133,1.9453106,0.5161133,False,False,False,False,False,False,test,no_reliable_analogs,,,,,0,,
2021-09-16 12:00:00,2021-09-22 12:00:00,6,9.0,76.5,Kerala,9,2021,2.224038,26.598602,1006.85474,4.92555,-0.77895474,0.19021606,3.7215705,28.302032,1005.90515,-1.4975326,-1.7034302,1.4975326,1.7034302,False,False,False,False,False,False,test,ok,0.0,0.0,1.8855987317860126,1.02178955078125,10,0.37740353047847747,0.19371041655540466
2021-07-04 00:00:00,2021-07-10 00:00:00,6,31.499999999999993,76.5,Himachal Pradesh,7,2021,13.145836,23.066895,1003.05084,2.1778288,4.4753513,-0.3791504,5.8373485,25.593445,1003.42633,7.3084874,-2.5265503,7.3084874,2.5265503,False,False,True,False,False,False,test,no_reliable_analogs,,,,,0,,
2021-07-02 12:00:00,2021-07-08 12:00:00,6,26.999999999999996,76.5,Rajasthan,7,2021,0.002223662,39.54428,995.8762,4.227708,0.002223662,-0.029541016,0.008817202,38.27841,997.5915,-0.0065935403,1.2658691,0.0065935403,1.2658691,False,False,False,False,False,False,test,ok,0.0,0.1,0.5636051631532609,2.2944122314453126,10,0.37954340130090714,0.17340083420276642
2021-06-01 12:00:00,2021-06-07 12:00:00,6,11.999999999999991,94.5,Andaman and Nicobar,6,2021,12.827822,27.514587,1007.45654,7.8903775,0.0,0.0,12.050627,28.579285,1007.58,0.777195,-1.0646973,0.777195,1.0646973,False,False,False,False,False,False,test,ok,0.0,0.0,5.831204950809479,0.5554847717285156,8,0.349939227104187,0.2732631266117096
2021-06-28 12:00:00,2021-07-04 12:00:00,6,19.499999999999996,73.5,Maharashtra,7,2021,3.321249,27.158508,1006.38525,4.032571,-0.19825816,0.015350342,2.1333225,29.914917,1006.3693,1.1879265,-2.7564087,1.1879265,2.7564087,False,False,False,True,False,False,test,ok,0.0,0.0,1.9503289222717286,1.481866455078125,10,0.43183126449584963,0.2985409200191498
2021-07-15 00:00:00,2021-07-21 00:00:00,6,14.999999999999996,74.99999999999999,Karnataka,7,2021,33.888123,21.326294,1008.56287,4.5839252,13.600409,-0.40322876,13.773006,22.561188,1009.3702,20.115116,-1.2348938,20.115116,1.2348938,False,False,True,False,False,False,test,no_reliable_analogs,,,,,0,,
2021-07-29 12:00:00,2021-08-04 12:00:00,6,28.499999999999982,97.49999999999999,Arunachal Pradesh,8,2021,6.2975516,12.346069,1011.57153,0.89617085,0.08693838,0.76400757,2.712673,14.89386,1009.4451,3.5848787,-2.5477905,3.5848787,2.5477905,False,False,False,False,False,False,test,ok,0.0,0.16666666666666666,2.2045559883117676,1.9338480631510417,6,0.4185110678275426,0.33733588457107544
2021-07-12 00:00:00,2021-07-18 00:00:00,6,28.499999999999982,76.5,Haryana,7,2021,6.9525585,27.609009,999.6633,3.06727,4.8068295,-0.9516907,1.3392774,31.16925,998.3258,5.6132812,-3.5602417,5.6132812,3.5602417,False,True,False,True,False,False,test,no_reliable_analogs,,,,,0,,
2021-07-31 12:00:00,2021-08-06 12:00:00,6,20.999999999999993,79.49999999999999,Maharashtra,8,2021,2.2662616,29.368958,1000.87396,2.93085,-0.15992117,-0.39978027,5.668092,28.730988,1001.0758,-3.4018302,0.63797,3.4018302,0.63797,False,False,False,False,False,False,test,ok,0.2,0.0,7.952875018119812,1.0320892333984375,10,0.3830312997102737,0.23224058747291565
2021-08-24 00:00:00,2021-08-30 00:00:00,6,13.5,81.0,Tamil Nadu,8,2021,14.417445,27.549377,1002.5927,6.044855,4.754797,0.2654419,11.4254875,27.966156,1002.7452,2.9919577,-0.41677856,2.9919577,0.41677856,False,False,False,False,False,False,test,no_reliable_analogs,,,,,0,,
2021-06-04 00:00:00,2021-06-10 00:00:00,6,20.999999999999993,82.5,Chhattisgarh,6,2021,4.137395,26.724792,999.9956,3.4738913,2.0480556,-0.33538818,5.5819554,24.996338,1000.4652,-1.4445605,1.7284546,1.4445605,1.7284546,False,False,False,False,False,False,test,ok,0.1,0.1,8.028650926798582,1.8904754638671875,10,0.41504123210906985,0.26697203516960144
2021-07-22 12:00:00,2021-07-28 12:00:00,6,18.0,74.99999999999999,Maharashtra,7,2021,0.91274,24.815613,1005.2419,6.919105,0.42512164,0.04638672,0.85825986,27.940186,1004.9832,0.054480135,-3.1245728,0.054480135,3.1245728,False,True,False,True,False,False,test,ok,0.0,0.1,2.7699830383062363,1.41455078125,10,0.4260959178209305,0.3755151033401489
2021-06-28 12:00:00,2021-07-04 12:00:00,6,11.999999999999991,73.5,Lakshadweep,7,2021,13.972276,26.665436,1007.8568,7.401091,1.3994789,-0.21313477,4.363158,27.443115,1007.95953,9.6091175,-0.77767944,9.6091175,0.77767944,False,False,False,False,False,False,test,no_reliable_analogs,,,,,0,,
2021-07-03 00:00:00,2021-07-09 00:00:00,6,14.999999999999996,73.5,Goa,7,2021,20.912868,25.859406,1006.2378,3.9293199,1.6506443,-0.19793701,20.433573,26.549805,1004.74115,0.47929573,-0.69039917,0.47929573,0.69039917,False,False,False,False,False,False,test,ok,0.0,0.0,8.817123201158312,0.2677069769965278,9,0.4924967322084639,0.3219287693500519
2021-08-12 12:00:00,2021-08-18 12:00:00,6,20.999999999999993,82.5,Chhattisgarh,8,2021,24.019337,27.063019,998.6649,1.4594381,-3.1091328,-0.04031372,19.204418,27.74939,1000.4392,4.8149185,-0.68637085,4.8149185,0.68637085,False,False,False,False,False,False,test,no_reliable_analogs,,,,,0,,
2021-08-01 12:00:00,2021-08-07 12:00:00,6,26.999999999999996,69.0,Rajasthan,8,2021,0.0,39.703003,997.35425,5.011997,-0.0004212407,-1.0870667,0.0,38.57718,998.37994,0.0,1.125824,0.0,1.125824,False,False,False,False,False,False,test,no_reliable_analogs,,,,,0,,
2021-08-11 12:00:00,2021-08-17 12:00:00,6,32.999999999999986,79.49999999999999,Jammu and Kashmir,8,2021,0.0,12.665527,1005.09357,3.133895,-0.00021025688,-0.046569824,0.00013228958,15.218628,1006.04584,-0.00013228958,-2.5531006,0.00013228958,2.5531006,False,False,False,False,False,False,test,ok,0.0,0.25,0.9081841297447681,2.129810333251953,8,0.36682162061333656,0.28381216526031494
2021-07-03 12:00:00,2021-07-09 12:00:00,6,18.0,74.99999999999999,Maharashtra,7,2021,11.161667,27.729828,1002.978,5.101021,4.274128,1.2321167,31.029615,26.672638,1002.5454,-19.867949,1.05719,19.867949,1.05719,False,False,True,False,False,False,test,no_reliable_analogs,,,,,0,,
2021-06-01 12:00:00,2021-06-07 12:00:00,6,24.0,83.99999999999999,Jharkhand,6,2021,0.20757924,33.038605,998.8055,2.6081681,0.0,0.0,2.2339873,32.68094,1000.6632,-2.0264082,0.35766602,2.0264082,0.35766602,False,False,False,False,False,False,test,ok,0.1,0.2,3.2828548356890677,2.4788421630859374,10,0.37724062204360964,0.20824003219604492
2021-08-19 12:00:00,2021-08-25 12:00:00,6,25.49999999999999,70.49999999999999,Rajasthan,8,2021,0.012005845,35.30005,998.1297,9.503051,-0.087672845,1.0042725,0.01697641,35.280457,998.7756,-0.0049705654,0.019592285,0.0049705654,0.019592285,False,False,False,False,False,False,test,no_reliable_analogs,,,,,0,,
2021-08-03 12:00:00,2021-08-09 12:00:00,6,16.499999999999993,81.0,Andhra Pradesh,8,2021,2.8744617,32.324005,1004.4652,2.980941,1.8302009,-0.29519653,1.3130314,32.64731,1003.82153,1.5614302,-0.32330322,1.5614302,0.32330322,False,False,False,False,False,False,test,ok,0.0,0.0,0.33977308832108977,0.7527587890625,10,0.4299438774585724,0.37870463728904724
2021-08-07 12:00:00,2021-08-13 12:00:00,6,20.999999999999993,74.99999999999999,Maharashtra,8,2021,0.51395816,29.509796,1004.5594,5.075542,-0.32124376,0.26223755,0.73627913,31.04306,1004.9457,-0.22232097,-1.5332642,0.22232097,1.5332642,False,False,False,False,False,False,test,ok,0.1,0.0,3.194155615568161,1.32158203125,10,0.4042459219694138,0.296258807182312
2021-07-10 12:00:00,2021-07-16 12:00:00,6,18.0,78.0,Andhra Pradesh,7,2021,1.986126,27.541382,1003.0223,3.7794476,-4.6951084,-0.034851074,2.9846578,29.303802,1003.6231,-0.9985318,-1.7624207,0.9985318,1.7624207,False,False,False,False,False,False,test,no_reliable_analogs,,,,,0,,
2021-08-03 12:00:00,2021-08-09 12:00:00,6,11.999999999999991,92.99999999999999,Andaman and Nicobar,8,2021,5.369082,27.487976,1007.9523,6.148474,0.33542252,-0.071136475,4.765721,27.234192,1007.5009,0.6033611,0.25378418,0.6033611,0.25378418,False,False,False,False,False,False,test,ok,0.0,0.0,3.683678352832794,0.5952392578125,10,0.3468177169561386,0.2857249081134796
2021-09-25 00:00:00,2021-10-01 00:00:00,6,25.49999999999999,94.5,Manipur,10,2021,6.847625,18.824585,1012.2966,0.7023323,1.6687803,0.1121521,3.3939445,22.051605,1013.00336,3.4536803,-3.2270203,3.4536803,3.2270203,False,True,False,True,False,False,test,no_reliable_analogs,,,,,0,,
2021-06-17 00:00:00,2021-06-23 00:00:00,6,22.5,69.0,Gujarat,6,2021,1.0291021,28.619629,1004.18604,7.6546574,-0.11166811,0.01638794,0.36874577,28.807617,1004.18164,0.6603563,-0.18798828,0.6603563,0.18798828,False,False,False,False,False,False,test,ok,0.0,0.0,0.5352525686845183,0.498345947265625,10,0.3300941661000252,0.18847975134849548
2021-09-24 12:00:00,2021-09-30 12:00:00,6,26.999999999999996,73.5,Rajasthan,9,2021,2.3610058,29.367157,1004.34766,1.835828,2.2894857,-1.8224487,0.6493888,31.936707,1006.3159,1.711617,-2.5695496,1.711617,2.5695496,False,False,False,False,False,False,test,no_reliable_analogs,,,,,0,,
2021-06-07 00:00:00,2021-06-13 00:00:00,6,14.999999999999996,78.0,Andhra Pradesh,6,2021,0.13117033,24.974731,1005.1143,5.529464,-0.21826357,-0.1387024,2.9840424,26.507812,1004.9318,-2.8528721,-1.533081,2.8528721,1.533081,False,False,False,False,False,False,test,ok,0.0,0.0,1.0989023923873902,1.9620452880859376,10,0.371376134455204,0.20178471505641937
2021-07-26 00:00:00,2021-08-01 00:00:00,6,22.5,70.49999999999999,Gujarat,8,2021,0.6667969,26.34021,1001.9949,7.587996,0.01896125,0.021728516,0.97542095,27.044006,1003.0923,-0.30862403,-0.7037964,0.30862403,0.7037964,False,False,False,False,False,False,test,ok,0.2,0.0,8.225418466329575,0.6063720703125,10,0.3014822766184807,0.23852185904979706
2021-08-23 00:00:00,2021-08-29 00:00:00,6,24.0,85.5,Jharkhand,8,2021,10.19711,24.017456,1002.6157,1.4933947,3.2791605,-0.3540039,4.187107,25.9393,1002.29596,6.010003,-1.9218445,6.010003,1.9218445,False,False,False,False,False,False,test,ok,0.0,0.1,5.369767427444458,2.21904296875,10,0.4220167279243469,0.32954710721969604
2021-07-27 00:00:00,2021-08-02 00:00:00,6,22.5,74.99999999999999,Madhya Pradesh,8,2021,2.5989823,23.784576,1000.7579,5.773826,0.91562104,0.08905029,12.182532,24.075836,1002.5719,-9.5835495,-0.29125977,9.5835495,0.29125977,False,False,False,False,False,False,test,ok,0.0,0.0,14.767423343658447,1.39366455078125,10,0.4440025597810745,0.35195642709732056
2021-06-26 00:00:00,2021-07-02 00:00:00,6,28.499999999999982,88.49999999999999,Sikkim,7,2021,5.55897,5.480713,1008.7115,1.5616899,-2.2958317,0.36990356,8.2383585,6.615204,1010.5213,-2.6793885,-1.134491,2.6793885,1.134491,False,False,False,False,False,False,test,no_reliable_analogs,,,,,0,,
2021-09-01 12:00:00,2021-09-07 12:00:00,6,7.499999999999991,92.99999999999999,Andaman and Nicobar,9,2021,1.0044482,27.40271,1009.1559,5.4111743,-0.22195876,-0.321167,0.7302341,27.164368,1009.52124,0.2742141,0.23834229,0.2742141,0.23834229,False,False,False,False,False,False,test,ok,0.0,0.0,1.51154083609581,0.555291748046875,10,0.39675441980361936,0.26696690917015076
2021-09-12 12:00:00,2021-09-18 12:00:00,6,20.999999999999993,74.99999999999999,Maharashtra,9,2021,1.2591001,27.1297,1005.3844,2.566631,-20.626787,0.8067627,0.52739966,27.975098,1006.238,0.7317004,-0.84539795,0.7317004,0.84539795,False,False,False,False,False,False,test,no_reliable_analogs,,,,,0,,
2021-09-25 12:00:00,2021-10-01 12:00:00,6,13.5,74.99999999999999,Karnataka,10,2021,6.7662473,24.306946,1008.24835,3.3329089,0.15095568,-0.053497314,4.805463,26.011139,1008.04126,1.9607844,-1.7041931,1.9607844,1.7041931,False,False,False,False,False,False,test,no_reliable_analogs,,,,,0,,
2021-07-18 12:00:00,2021-07-24 12:00:00,6,10.499999999999996,79.49999999999999,Tamil Nadu,7,2021,0.29275706,30.848694,1004.15125,7.308571,-0.36168668,0.4981079,0.8419707,32.303894,1003.6964,-0.54921365,-1.4552002,0.54921365,1.4552002,False,False,False,False,False,False,test,no_reliable_analogs,,,,,0,,
2021-06-13 00:00:00,2021-06-19 00:00:00,6,24.0,73.5,Rajasthan,6,2021,3.3654978,24.596008,1005.0095,3.7902088,2.244134,-1.1011047,35.035503,24.65683,1002.4032,-31.670006,-0.060821533,31.670006,0.060821533,False,False,True,False,False,False,test,no_reliable_analogs,,,,,0,,
2021-07-19 00:00:00,2021-07-25 00:00:00,6,20.999999999999993,73.5,Gujarat,7,2021,13.07162,24.468933,1001.7353,5.432045,2.6113434,0.21487427,6.8946986,26.177582,1002.2952,6.1769214,-1.7086487,6.1769214,1.7086487,False,False,False,False,False,False,test,ok,0.0,0.0,6.992486894130707,0.693084716796875,8,0.5001917295157909,0.4563630223274231
2021-09-14 00:00:00,2021-09-20 00:00:00,6,29.999999999999993,74.99999999999999,Punjab,9,2021,0.09670224,26.13443,1005.12964,1.6566281,-0.39768922,-0.567688,0.37293568,28.468018,1006.106,-0.27623343,-2.3335876,0.27623343,2.3335876,False,False,False,False,False,False,test,ok,0.0,0.0,0.9388339713215827,1.74468994140625,10,0.447158220410347,0.30857494473457336
2021-06-07 12:00:00,2021-06-13 12:00:00,6,26.999999999999996,81.0,Uttar Pradesh,6,2021,8.396007,27.237396,997.08734,4.2142735,3.9095168,-0.5687561,16.814552,27.314575,997.858,-8.418546,-0.077178955,8.418546,0.077178955,False,False,False,False,False,False,test,no_reliable_analogs,,,,,0,,
2021-06-17 00:00:00,2021-06-23 00:00:00,6,31.499999999999993,78.0,Himachal Pradesh,6,2021,0.5471601,5.227844,1013.9295,1.1454656,-0.30396795,0.29644775,1.1948673,7.1298523,1015.7555,-0.64770716,-1.902008,0.64770716,1.902008,False,False,False,False,False,False,test,ok,0.0,0.3,1.3064460679888725,1.62469482421875,10,0.34185499846935274,0.2433348298072815
2021-07-06 00:00:00,2021-07-12 00:00:00,6,24.0,78.0,Madhya Pradesh,7,2021,7.4687505,24.907166,1001.2318,2.3345718,-13.277212,0.18429565,5.3638473,27.964874,1002.3876,2.1049032,-3.0577087,2.1049032,3.0577087,False,True,False,True,False,False,test,no_reliable_analogs,,,,,0,,
2021-06-20 00:00:00,2021-06-26 00:00:00,6,11.999999999999991,74.99999999999999,Kerala,6,2021,2.9196558,25.278595,1008.2762,3.8838038,-2.467412,-0.0055236816,3.3450615,25.492035,1008.5483,-0.42540574,-0.21343994,0.42540574,0.21343994,False,False,False,False,False,False,test,no_reliable_analogs,,,,,0,,
2021-07-28 12:00:00,2021-08-03 12:00:00,6,11.999999999999991,73.5,Lakshadweep,8,2021,1.382456,26.977814,1010.0608,7.3657355,0.5490159,-0.4161377,2.5815103,27.043762,1010.9842,-1.1990544,-0.06594849,1.1990544,0.06594849,False,False,False,False,False,False,test,ok,0.0,0.0,2.445219284296036,0.5588043212890625,10,0.3382843673229218,0.26302456855773926
2021-06-16 00:00:00,2021-06-22 00:00:00,6,20.999999999999993,72.0,Gujarat,6,2021,5.226973,27.347443,1005.0706,4.4525514,2.001659,-0.004211426,1.3403361,28.004211,1005.78845,3.886637,-0.6567688,3.886637,0.6567688,False,False,False,False,False,False,test,ok,0.0,0.0,3.089199161529541,1.266204833984375,10,0.46369762122631075,0.33194494247436523
2021-07-24 12:00:00,2021-07-30 12:00:00,6,29.999999999999993,81.0,Uttarakhand,7,2021,11.166975,12.878326,1007.03455,1.6822314,-2.3020048,0.14904785,10.309313,14.890228,1007.9253,0.8576622,-2.0119019,0.8576622,2.0119019,False,False,False,False,False,False,test,ok,0.0,0.2,4.793106031417847,1.4525177001953125,10,0.3957763180136681,0.24731023609638214
2021-07-10 00:00:00,2021-07-16 00:00:00,6,20.999999999999993,83.99999999999999,Odisha,7,2021,2.3853016,25.030823,1003.46436,1.2823726,-0.015964508,0.25836182,0.63319415,27.96643,1006.44,1.7521074,-2.935608,1.7521074,2.935608,False,False,False,False,False,False,test,ok,0.0,0.0,6.169356483221054,1.20867919921875,10,0.3898906111717224,0.3444248139858246
2021-09-08 12:00:00,2021-09-14 12:00:00,6,28.499999999999982,73.5,Rajasthan,9,2021,1.4593241,30.144287,1001.19366,5.4639215,-0.6581311,-0.7425537,4.5671115,31.328949,1002.8528,-3.1077874,-1.1846619,3.1077874,1.1846619,False,False,False,False,False,False,test,no_reliable_analogs,,,,,0,,
2021-08-24 12:00:00,2021-08-30 12:00:00,6,20.999999999999993,88.49999999999999,West Bengal,8,2021,7.063169,28.595062,1003.46234,5.9561296,1.9636564,0.8287964,11.755884,28.417114,1004.671,-4.692715,0.177948,4.692715,0.177948,False,False,False,False,False,False,test,no_reliable_analogs,,,,,0,,
2021-07-05 00:00:00,2021-07-11 00:00:00,6,16.499999999999993,74.99999999999999,Karnataka,7,2021,5.807344,21.66925,1004.6167,3.225756,-6.3024592,-0.4083557,11.599365,23.279907,1004.4202,-5.7920213,-1.6106567,5.7920213,1.6106567,False,False,False,False,False,False,test,no_reliable_analogs,,,,,0,,
2021-06-16 00:00:00,2021-06-22 00:00:00,6,28.499999999999982,76.5,Haryana,6,2021,0.01850114,30.289795,999.5305,4.477496,-0.026369177,0.003692627,0.08120214,31.153687,1001.26807,-0.062701,-0.8638916,0.062701,0.8638916,False,False,False,False,False,False,test,ok,0.0,0.0,0.28727598693221806,1.7470123291015625,10,0.4123869359493256,0.25171858072280884
2021-09-03 12:00:00,2021-09-09 12:00:00,6,28.499999999999982,72.0,Rajasthan,9,2021,0.21718025,36.99991,997.77576,5.1171894,-0.06720877,0.55322266,0.113401696,36.69742,999.0505,0.103778556,0.30249023,0.103778556,0.30249023,False,False,False,False,False,False,test,no_reliable_analogs,,,,,0,,
2021-08-13 12:00:00,2021-08-19 12:00:00,6,16.499999999999993,82.5,Andhra Pradesh,8,2021,6.8648953,28.65799,1001.11755,7.023097,2.8547997,-0.07476807,9.737032,29.226349,1002.31024,-2.8721366,-0.5683594,2.8721366,0.5683594,False,False,False,False,False,False,test,ok,0.0,0.0,8.345603513717652,0.479351806640625,5,0.41623483300209047,0.29336437582969666
2021-07-28 12:00:00,2021-08-03 12:00:00,6,34.49999999999999,78.0,Jammu and Kashmir,8,2021,1.2307777,8.045013,1010.8546,1.7365636,-0.9593868,-0.30429077,1.7551816,9.745758,1010.2358,-0.5244038,-1.7007446,0.5244038,1.7007446,False,False,False,False,False,False,test,ok,0.0,0.1111111111111111,0.6172252713392178,1.9236619737413194,9,0.38663187126318616,0.24176789820194244
2021-09-05 12:00:00,2021-09-11 12:00:00,6,28.499999999999982,74.99999999999999,Rajasthan,9,2021,8.893463,27.661499,998.6468,5.2574024,-33.60314,1.4380798,8.824619,26.593079,1001.35315,0.06884384,1.0684204,0.06884384,1.0684204,False,False,False,False,False,False,test,no_reliable_analogs,,,,,0,,
2021-08-30 00:00:00,2021-09-05 00:00:00,6,26.999999999999996,88.49999999999999,West Bengal,9,2021,20.122984,18.347351,1008.1086,0.80414057,-14.735701,0.09439087,7.5790143,20.62674,1007.86084,12.54397,-2.2793884,12.54397,2.2793884,False,False,False,False,False,False,test,no_reliable_analogs,,,,,0,,
2021-09-24 12:00:00,2021-09-30 12:00:00,6,18.0,82.5,Andhra Pradesh,9,2021,13.322895,24.791779,1005.41266,0.98505723,7.624378,-0.47473145,8.504846,26.557953,1008.0066,4.8180494,-1.7661743,4.8180494,1.7661743,False,False,False,False,False,False,test,no_reliable_analogs,,,,,0,,
2021-06-19 00:00:00,2021-06-25 00:00:00,6,36.0,78.0,Jammu and Kashmir,6,2021,0.8795205,-8.9644165,1021.5784,1.1992079,0.5388521,-0.3895874,1.110598,-14.975159,1022.1353,-0.23107749,6.010742,0.23107749,6.010742,False,True,False,True,False,False,test,ok,0.0,0.2,0.8385492175817489,1.6689483642578125,10,0.3279132694005966,0.2519269585609436
2021-07-14 12:00:00,2021-07-20 12:00:00,6,28.499999999999982,76.5,Haryana,7,2021,15.218299,28.864838,998.52264,1.7680271,12.812553,-2.3014526,23.421618,29.368164,996.7921,-8.203319,-0.5033264,8.203319,0.5033264,False,False,True,False,False,False,test,no_reliable_analogs,,,,,0,,
2021-07-23 12:00:00,2021-07-29 12:00:00,6,28.499999999999982,88.49999999999999,Sikkim,7,2021,7.6981936,7.779175,1007.43396,2.3811116,-0.31097126,-0.29226685,7.231429,10.257538,1007.6185,0.46676445,-2.478363,0.46676445,2.478363,False,False,False,False,False,False,test,no_reliable_analogs,,,,,0,,
2021-08-19 12:00:00,2021-08-25 12:00:00,6,16.499999999999993,79.49999999999999,Andhra Pradesh,8,2021,4.4872684,29.186157,1003.4942,2.3015869,1.4359009,-0.26202393,2.1638162,31.92868,1002.6261,2.3234522,-2.7425232,2.3234522,2.7425232,False,False,False,True,False,False,test,ok,0.0,0.0,2.4287306666374207,1.066253662109375,10,0.39719183146953585,0.33355408906936646
2021-08-18 00:00:00,2021-08-24 00:00:00,6,25.49999999999999,82.5,Uttar Pradesh,8,2021,1.2333114,27.423798,1003.4227,3.998914,-0.026539564,0.5500488,3.5046496,28.19104,1002.7857,-2.2713382,-0.76724243,2.2713382,0.76724243,False,False,False,False,False,False,test,no_reliable_analogs,,,,,0,,
2021-07-17 12:00:00,2021-07-23 12:00:00,6,28.499999999999982,70.49999999999999,Rajasthan,7,2021,0.117177464,39.023407,993.3334,3.5086997,0.117072195,-1.015564,0.15985112,39.251587,994.0369,-0.042673655,-0.22817993,0.042673655,0.22817993,False,False,False,False,False,False,test,no_reliable_analogs,,,,,0,,
2021-08-01 00:00:00,2021-08-07 00:00:00,6,25.49999999999999,83.99999999999999,Bihar,8,2021,8.404651,26.166779,1002.0349,1.4078587,-5.3295717,0.43066406,9.107106,28.273468,1000.67883,-0.7024555,-2.1066895,0.7024555,2.1066895,False,False,False,False,False,False,test,ok,0.0,0.1,3.495689272880554,1.96116943359375,10,0.4716583967208862,0.23285245895385742
2021-06-04 12:00:00,2021-06-10 12:00:00,6,9.0,76.5,Kerala,6,2021,8.270643,25.860077,1008.06116,5.6129174,2.4200191,0.44854736,2.9511495,28.427795,1007.3519,5.319494,-2.5677185,5.319494,2.5677185,False,False,False,True,False,False,test,no_reliable_analogs,,,,,0,,
2021-06-24 00:00:00,2021-06-30 00:00:00,6,22.5,88.49999999999999,West Bengal,6,2021,9.8353405,28.798615,998.5708,4.913138,1.6548185,-0.35266113,3.0612895,29.366486,1001.3107,6.7740507,-0.5678711,6.7740507,0.5678711,False,False,False,False,False,False,test,ok,0.0,0.0,3.381379074520535,1.0315517849392362,9,0.5208658277988434,0.2932085692882538
2021-07-31 12:00:00,2021-08-06 12:00:00,6,22.5,76.5,Madhya Pradesh,8,2021,18.416155,26.860474,1000.8999,4.127299,13.903829,-1.2846985,23.29318,25.435577,1002.27057,-4.8770256,1.4248962,4.8770256,1.4248962,False,False,False,False,False,False,test,no_reliable_analogs,,,,,0,,
2021-07-20 12:00:00,2021-07-26 12:00:00,6,25.49999999999999,74.99999999999999,Rajasthan,7,2021,1.8487236,30.008728,994.80115,5.17339,-3.7919285,0.3276062,11.6014,29.931366,997.01874,-9.752677,0.07736206,9.752677,0.07736206,False,False,True,False,False,False,test,no_reliable_analogs,,,,,0,,
2021-07-11 12:00:00,2021-07-17 12:00:00,6,19.499999999999996,76.5,Maharashtra,7,2021,1.4671725,30.45758,1002.81146,2.4053676,-4.79425,3.231659,9.77026,31.818298,1003.2382,-8.303087,-1.3607178,8.303087,1.3607178,False,False,False,False,False,False,test,no_reliable_analogs,,,,,0,,
2021-09-10 00:00:00,2021-09-16 00:00:00,6,10.499999999999996,76.5,Kerala,9,2021,8.4407,22.729431,1008.5464,1.8839384,-3.3988838,-0.023162842,6.1025085,24.118988,1009.7564,2.338191,-1.3895569,2.338191,1.3895569,False,False,False,False,False,False,test,ok,0.0,0.0,2.566365189022488,1.5143873426649306,9,0.4064395460817549,0.2935259938240051
2021-07-15 12:00:00,2021-07-21 12:00:00,6,18.0,79.49999999999999,Andhra Pradesh,7,2021,10.392558,26.971436,1001.53326,3.14932,-4.509159,0.08093262,19.407795,25.86087,1001.0549,-9.015237,1.1105652,9.015237,1.1105652,False,False,False,False,False,False,test,no_reliable_analogs,,,,,0,,
2021-07-15 00:00:00,2021-07-21 00:00:00,6,19.499999999999996,82.5,Odisha,7,2021,25.751705,22.558105,1002.3826,2.4712253,10.511089,-0.45516968,21.270357,24.118866,1002.1303,4.481348,-1.5607605,4.481348,1.5607605,False,False,False,False,False,False,test,no_reliable_analogs,,,,,0,,
2021-08-15 12:00:00,2021-08-21 12:00:00,6,34.49999999999999,76.5,Jammu and Kashmir,8,2021,0.2130491,11.21521,1013.77515,1.4041861,-0.9933767,3.1610107,1.1611695,13.49881,1014.4881,-0.9481204,-2.2835999,0.9481204,2.2835999,False,False,False,False,False,False,test,no_reliable_analogs,,,,,0,,
2021-09-01 12:00:00,2021-09-07 12:00:00,6,22.5,69.0,Gujarat,9,2021,0.59058064,27.736664,1004.2516,4.380468,-0.14037806,-0.052947998,0.9419014,29.266022,1001.4578,-0.35132074,-1.5293579,0.35132074,1.5293579,False,False,False,False,False,False,test,ok,0.0,0.0,0.8597894564270974,1.070208740234375,10,0.26497352570295335,0.19146931171417236
2021-06-26 00:00:00,2021-07-02 00:00:00,6,11.999999999999991,79.49999999999999,Tamil Nadu,7,2021,5.230357,26.166534,1005.6289,3.210696,0.5312791,0.044403076,12.733542,26.868713,1005.71625,-7.5031853,-0.70217896,7.5031853,0.70217896,False,False,False,False,False,False,test,no_reliable_analogs,,,,,0,,
2021-07-28 12:00:00,2021-08-03 12:00:00,6,28.499999999999982,97.49999999999999,Arunachal Pradesh,8,2021,4.9354124,11.99292,1011.7704,0.8827304,-2.6246147,0.68081665,2.1915424,14.773682,1009.56696,2.74387,-2.7807617,2.74387,2.7807617,False,False,False,False,False,False,test,no_reliable_analogs,,,,,0,,
2021-08-18 00:00:00,2021-08-24 00:00:00,6,28.499999999999982,76.5,Haryana,8,2021,3.0092485,26.573822,1003.239,2.6629002,-4.138957,0.71084595,0.79763114,28.760681,1001.0513,2.2116175,-2.1868591,2.2116175,2.1868591,False,False,False,False,False,False,test,ok,0.0,0.0,1.9570916507925307,1.3058994838169642,7,0.5028451638562339,0.4237421452999115
2021-07-02 12:00:00,2021-07-08 12:00:00,6,34.49999999999999,73.5,Jammu and Kashmir,7,2021,0.09482066,27.926697,1001.5325,1.867418,-0.14417525,0.65115356,0.6752467,27.49707,1004.04474,-0.58042604,0.42962646,0.58042604,0.42962646,False,False,False,False,False,False,test,no_reliable_analogs,,,,,0,,
2021-07-20 00:00:00,2021-07-26 00:00:00,6,26.999999999999996,81.0,Uttar Pradesh,7,2021,3.5044234,27.43216,996.51697,2.2852914,-6.5141296,0.41830444,0.604161,29.017853,997.1105,2.9002624,-1.5856934,2.9002624,1.5856934,False,False,False,False,False,False,test,ok,0.0,0.1,5.707554674148559,1.856829833984375,10,0.47898882031440737,0.403364360332489
2021-08-16 00:00:00,2021-08-22 00:00:00,6,31.499999999999993,74.99999999999999,Punjab,8,2021,3.152477,26.12674,1005.33984,1.5928651,-4.103409,0.23876953,15.171095,26.412506,1006.0977,-12.018618,-0.2857666,12.018618,0.2857666,False,False,True,False,False,False,test,no_reliable_analogs,,,,,0,,
2021-06-21 00:00:00,2021-06-27 00:00:00,6,28.499999999999982,91.5,Arunachal Pradesh,6,2021,3.545076,5.6340637,1014.6321,1.1914859,-1.246181,0.1340332,3.382098,6.5267944,1017.2007,0.16297793,-0.8927307,0.16297793,0.8927307,False,False,False,False,False,False,test,ok,0.0,0.0,2.1467649579048156,1.0737060546875,10,0.33788920044898985,0.24670061469078064
2021-08-06 12:00:00,2021-08-12 12:00:00,6,25.49999999999999,83.99999999999999,Bihar,8,2021,24.117903,30.703064,1000.2294,2.4233503,7.8899593,-0.88497925,22.200232,28.840057,1002.0385,1.9176712,1.8630066,1.9176712,1.8630066,False,False,False,False,False,False,test,no_reliable_analogs,,,,,0,,
2021-09-28 00:00:00,2021-10-04 00:00:00,6,25.49999999999999,70.49999999999999,Rajasthan,10,2021,0.03796416,24.489197,1005.75024,4.475317,0.027757138,-0.05078125,0.0008318272,26.307709,1005.57947,0.037132334,-1.818512,0.037132334,1.818512,False,False,False,False,False,False,test,ok,0.0,0.0,0.0050699944863481505,1.2599830627441406,8,0.47179124876856804,0.399227112531662
2021-06-23 00:00:00,2021-06-29 00:00:00,6,10.499999999999996,78.0,Tamil Nadu,6,2021,2.0504808,24.08374,1008.466,2.007376,1.4780903,-0.72317505,1.8802336,25.368652,1007.9152,0.1702472,-1.2849121,0.1702472,1.2849121,False,False,False,False,False,False,test,no_reliable_analogs,,,,,0,,
2021-06-26 12:00:00,2021-07-02 12:00:00,6,28.499999999999982,72.0,Rajasthan,7,2021,0.0,41.673553,990.89374,7.2380743,0.0,-0.26031494,-2.0489093e-05,41.185394,994.3766,2.0489093e-05,0.48815918,2.0489093e-05,0.48815918,False,False,False,False,False,False,test,ok,0.0,0.1,0.0859728641798938,1.3422943115234376,10,0.4159568786621094,0.29022452235221863
2021-07-22 12:00:00,2021-07-28 12:00:00,6,9.0,79.49999999999999,Tamil Nadu,7,2021,0.045086704,28.330078,1005.84326,10.241807,0.0057157315,-0.17907715,0.06704741,28.605835,1006.7034,-0.021960706,-0.27575684,0.021960706,0.27575684,False,False,False,False,False,False,test,ok,0.0,0.0,0.5186111733317376,0.4038818359375,10,0.23776854425668717,0.13202747702598572
2021-07-09 00:00:00,2021-07-15 00:00:00,6,20.999999999999993,76.5,Maharashtra,7,2021,51.73808,24.215424,1000.28827,2.674414,38.833138,-0.13653564,20.584816,25.680054,1001.1708,31.153263,-1.4646301,31.153263,1.4646301,False,False,True,False,False,False,test,no_reliable_analogs,,,,,0,,
2021-08-26 12:00:00,2021-09-01 12:00:00,6,25.49999999999999,70.49999999999999,Rajasthan,9,2021,0.0053122337,40.709595,998.9171,5.214947,-6.163027e-06,0.5770569,0.38488674,35.99646,1000.63354,-0.3795745,4.713135,0.3795745,4.713135,False,True,False,True,False,False,test,no_reliable_analogs,,,,,0,,
2021-07-17 00:00:00,2021-07-23 00:00:00,6,26.999999999999996,81.0,Uttar Pradesh,7,2021,9.8871565,26.263733,997.5237,2.0641255,2.4039593,0.026824951,11.101471,28.380249,997.11017,-1.2143145,-2.116516,1.2143145,2.116516,False,False,False,False,False,False,test,ok,0.0,0.1,3.2749142169952394,1.6196533203125,10,0.45762110948562623,0.38640448451042175
2021-09-25 12:00:00,2021-10-01 12:00:00,6,25.49999999999999,92.99999999999999,Assam,10,2021,9.842352,24.174255,1008.0073,0.8374196,1.4086285,-0.20742798,3.1504073,28.663269,1007.6196,6.6919446,-4.4890137,6.6919446,4.4890137,False,True,False,True,False,False,test,ok,0.0,0.4,2.7125009536743163,2.8251007080078123,10,0.40097189545631406,0.27310967445373535
2021-09-27 00:00:00,2021-10-03 00:00:00,6,25.49999999999999,91.5,Meghalaya,10,2021,9.124929,22.192444,1009.15204,1.0891697,-8.586473,0.2239685,13.343263,24.706451,1007.9916,-4.2183332,-2.5140076,4.2183332,2.5140076,False,False,False,False,False,False,test,no_reliable_analogs,,,,,0,,
2021-09-17 00:00:00,2021-09-23 00:00:00,6,16.499999999999993,73.5,Maharashtra,9,2021,10.958956,24.007385,1007.36365,3.4811137,2.903695,0.020507812,12.347493,24.631317,1006.3845,-1.3885374,-0.6239319,1.3885374,0.6239319,False,False,False,False,False,False,test,ok,0.0,0.0,5.488548016548156,0.90814208984375,10,0.4091843098402023,0.2507573068141937
2021-09-27 12:00:00,2021-10-03 12:00:00,6,11.999999999999991,72.0,Lakshadweep,10,2021,11.798682,27.273407,1006.79095,5.169524,5.2074485,-0.20715332,28.917372,27.092987,1006.66205,-17.11869,0.18041992,17.11869,0.18041992,False,False,True,False,False,False,test,no_reliable_analogs,,,,,0,,
2021-07-02 00:00:00,2021-07-08 00:00:00,6,25.49999999999999,82.5,Uttar Pradesh,7,2021,2.4238017,28.660461,999.4219,2.377994,2.4013386,-2.1044922,0.53966415,30.25061,999.7403,1.8841375,-1.5901489,1.8841375,1.5901489,False,False,False,False,False,False,test,no_reliable_analogs,,,,,0,,
2021-08-18 00:00:00,2021-08-24 00:00:00,6,26.999999999999996,94.5,Assam,8,2021,9.365726,24.925781,1002.89264,2.385173,-1.6505404,-0.00076293945,11.758496,25.312439,1004.37134,-2.3927698,-0.3866577,2.3927698,0.3866577,False,False,False,False,False,False,test,ok,0.0,0.0,3.9719611167907716,0.9740203857421875,10,0.4378385663032532,0.38469618558883667
2021-06-24 12:00:00,2021-06-30 12:00:00,6,28.499999999999982,94.5,Arunachal Pradesh,6,2021,53.666313,18.201782,1002.6426,0.8186186,5.655079,0.47836304,29.14588,17.84076,1005.4838,24.520433,0.36102295,24.520433,0.36102295,False,False,True,False,False,False,test,no_reliable_analogs,,,,,0,,
2021-08-08 12:00:00,2021-08-14 12:00:00,6,28.499999999999982,79.49999999999999,Uttar Pradesh,8,2021,1.1145775,31.310913,995.51514,3.4390366,0.32073337,-0.24487305,5.1310644,32.19763,997.2363,-4.016487,-0.88671875,4.016487,0.88671875,False,False,False,False,False,False,test,ok,0.0,0.0,1.4740390665829182,1.0919075012207031,8,0.4767030030488968,0.3582179546356201
2021-07-20 12:00:00,2021-07-26 12:00:00,6,26.999999999999996,83.99999999999999,Uttar Pradesh,7,2021,24.148619,29.390198,994.399,1.2007176,6.6326637,-0.20562744,7.9415126,30.16986,995.4576,16.207106,-0.7796631,16.207106,0.7796631,False,False,True,False,False,False,test,no_reliable_analogs,,,,,0,,
2021-06-15 12:00:00,2021-06-21 12:00:00,6,11.999999999999991,94.5,Andaman and Nicobar,6,2021,16.36718,27.751678,1006.94745,8.47055,0.873333,-0.21609497,0.9564683,28.371155,1007.5268,15.410711,-0.6194763,15.410711,0.6194763,True,False,True,False,False,False,test,ok,0.0,0.0,7.445040430341448,0.4071044921875,7,0.37586785214287893,0.31197652220726013
2021-09-16 00:00:00,2021-09-22 00:00:00,6,29.999999999999993,73.5,Rajasthan,9,2021,1.5374396,26.296875,1004.6765,2.180504,0.3648635,-1.2181396,9.201389,25.73227,1003.9758,-7.66395,0.5646057,7.66395,0.5646057,False,False,True,False,False,False,test,ok,0.0,0.0,0.7032220095396042,1.72548828125,5,0.45198609232902526,0.3566296696662903
2021-09-23 12:00:00,2021-09-29 12:00:00,6,26.999999999999996,72.0,Rajasthan,9,2021,1.7176557,30.604889,1003.59955,3.0061798,-0.7916739,0.9348755,0.34064847,33.771393,1003.2378,1.3770072,-3.166504,1.3770072,3.166504,False,True,False,True,False,False,test,ok,0.0,0.2,1.2531809798674658,1.469757080078125,10,0.46701253652572633,0.39481765031814575
2021-06-23 12:00:00,2021-06-29 12:00:00,6,22.5,82.5,Chhattisgarh,6,2021,0.26372212,32.411957,998.8156,2.5249903,0.17510805,-0.29452515,1.1744297,32.583252,1001.5427,-0.91070753,-0.17129517,0.91070753,0.17129517,False,False,False,False,False,False,test,ok,0.0,0.1,6.761081975698471,1.67137451171875,10,0.40081700384616853,0.263077974319458
2021-08-01 12:00:00,2021-08-07 12:00:00,6,18.0,81.0,Chhattisgarh,8,2021,6.3464265,28.840942,1003.3998,1.1756155,5.513739,-2.2724915,1.9345894,31.8461,1003.20087,4.411837,-3.0051575,4.411837,3.0051575,False,True,False,True,False,False,test,no_reliable_analogs,,,,,0,,
2021-07-12 00:00:00,2021-07-18 00:00:00,6,26.999999999999996,85.5,Bihar,7,2021,12.123791,23.842499,1002.36505,0.9049471,-42.46163,0.35736084,32.474285,24.517029,1004.1392,-20.350494,-0.67453,20.350494,0.67453,False,False,True,False,False,False,test,no_reliable_analogs,,,,,0,,
2021-08-03 12:00:00,2021-08-09 12:00:00,6,24.0,72.0,Gujarat,8,2021,1.5834448,30.552216,1004.72034,3.220807,0.5056287,-0.5686035,0.06549545,34.194794,1003.9611,1.5179493,-3.6425781,1.5179493,3.6425781,False,True,False,True,False,False,test,no_reliable_analogs,,,,,0,,
2021-09-27 12:00:00,2021-10-03 12:00:00,6,24.0,70.49999999999999,Gujarat,10,2021,0.0154898185,30.263763,1005.77454,3.5935414,0.0014614705,0.12667847,0.009174911,32.320526,1005.7921,0.006314907,-2.0567627,0.006314907,2.0567627,False,False,False,False,False,False,test,ok,0.0,0.1111111111111111,0.3828039067900843,2.100921630859375,9,0.46895525190565324,0.38457146286964417
2021-09-25 12:00:00,2021-10-01 12:00:00,6,26.999999999999996,88.49999999999999,West Bengal,10,2021,4.310266,19.367676,1010.9772,0.6323916,-0.43018103,-0.12219238,2.2607608,21.703888,1011.1622,2.0495052,-2.3362122,2.0495052,2.3362122,False,False,False,False,False,False,test,ok,0.0,0.0,2.158525538444519,1.7236846923828124,10,0.4542216658592224,0.29175975918769836
2021-08-06 00:00:00,2021-08-12 00:00:00,6,28.499999999999982,92.99999999999999,Arunachal Pradesh,8,2021,22.633892,8.93457,1013.0684,0.57078105,2.751381,-0.17028809,18.126436,9.536621,1014.58704,4.507456,-0.6020508,4.507456,0.6020508,False,False,False,False,False,False,test,no_reliable_analogs,,,,,0,,
2021-06-19 12:00:00,2021-06-25 12:00:00,6,26.999999999999996,94.5,Assam,6,2021,12.563001,27.471222,999.02686,1.4140961,-1.5768881,-0.1138916,7.0378227,29.1622,1001.1055,5.525178,-1.690979,5.525178,1.690979,False,False,False,False,False,False,test,ok,0.0,0.0,4.58846378326416,1.4005279541015625,10,0.3932891204953194,0.2119409292936325
2021-09-06 00:00:00,2021-09-12 00:00:00,6,32.999999999999986,78.0,Jammu and Kashmir,9,2021,1.8715894,-1.1734924,1017.0188,0.75714356,-0.52509975,0.9524231,4.580762,-0.0126953125,1017.364,-2.7091725,-1.1607971,2.7091725,1.1607971,False,False,False,False,False,False,test,ok,0.0,0.2,0.7539962440729141,2.412451171875,5,0.3738007515668869,0.19509641826152802
2021-09-26 00:00:00,2021-10-02 00:00:00,6,26.999999999999996,72.0,Rajasthan,10,2021,2.1590545,25.83783,1007.8977,2.8912644,1.6359042,-0.4032898,0.45577204,26.881805,1008.13696,1.7032825,-1.0439758,1.7032825,1.0439758,False,False,False,False,False,False,test,ok,0.0,0.2,0.00217384695642977,1.9303802490234374,10,0.41312084496021273,0.33639365434646606
2021-09-20 00:00:00,2021-09-26 00:00:00,6,26.999999999999996,76.5,Rajasthan,9,2021,6.572335,23.73996,1005.40063,2.480429,-34.107033,0.14498901,2.5021458,25.953186,1005.2548,4.070189,-2.2132263,4.070189,2.2132263,False,False,False,False,False,False,test,no_reliable_analogs,,,,,0,,
2021-08-07 00:00:00,2021-08-13 00:00:00,6,26.999999999999996,76.5,Rajasthan,8,2021,0.0,25.157074,1003.3759,4.7146964,-0.0040287455,-0.2093811,0.040694613,27.252747,1003.5429,-0.040694613,-2.0956726,0.040694613,2.0956726,False,False,False,False,False,False,test,ok,0.1,0.0,3.112659232574515,1.8075927734375,10,0.3676983654499054,0.2946040630340576
2021-07-20 12:00:00,2021-07-26 12:00:00,6,18.0,83.99999999999999,Andhra Pradesh,7,2021,0.22856636,30.421417,998.991,6.9279327,0.09424053,0.028198242,0.21646187,30.219116,999.49805,0.012104496,0.20230103,0.012104496,0.20230103,False,False,False,False,False,False,test,ok,0.0,0.0,2.2554187208414076,0.30238037109375,10,0.3377368837594986,0.20758670568466187
2021-06-22 00:00:00,2021-06-28 00:00:00,6,24.0,83.99999999999999,Jharkhand,6,2021,4.2961254,25.359161,1002.4988,1.9612204,4.259752,-1.2290039,5.0697756,26.652954,1005.7993,-0.77365017,-1.2937927,0.77365017,1.2937927,False,False,False,False,False,False,test,no_reliable_analogs,,,,,0,,
2021-07-29 12:00:00,2021-08-04 12:00:00,6,28.499999999999982,88.49999999999999,Sikkim,8,2021,1.9809676,10.040649,1009.3128,2.791104,0.1510216,0.015594482,20.395533,8.361633,1011.0502,-18.414564,1.6790161,18.414564,1.6790161,True,False,True,False,False,False,test,ok,0.0,0.2,3.130948507785797,1.6500823974609375,10,0.3228966072201729,0.19243960082530975
2021-06-17 00:00:00,2021-06-23 00:00:00,6,18.0,82.5,Andhra Pradesh,6,2021,3.159603,24.057953,1005.8045,2.7457576,2.772997,-0.60198975,1.154151,25.481018,1004.7584,2.0054522,-1.4230652,2.0054522,1.4230652,False,False,False,False,False,False,test,no_reliable_analogs,,,,,0,,
2021-06-06 12:00:00,2021-06-12 12:00:00,6,18.0,82.5,Andhra Pradesh,6,2021,56.814957,24.481201,998.3286,4.804892,39.379658,-1.787384,38.649364,26.639893,1000.47656,18.165592,-2.1586914,18.165592,2.1586914,False,False,False,False,False,False,test,no_reliable_analogs,,,,,0,,
2021-06-04 12:00:00,2021-06-10 12:00:00,6,20.999999999999993,79.49999999999999,Maharashtra,6,2021,0.767023,34.89508,998.06604,2.608655,-1.4088147,0.9710083,23.416922,25.92337,999.5351,-22.649899,8.97171,22.649899,8.97171,True,True,True,True,False,False,test,no_reliable_analogs,,,,,0,,
2021-09-03 12:00:00,2021-09-09 12:00:00,6,20.999999999999993,88.49999999999999,West Bengal,9,2021,8.936772,28.378113,1003.17053,3.0822306,0.9065399,-0.472229,22.101492,28.606903,1002.75916,-13.16472,-0.22879028,13.16472,0.22879028,False,False,True,False,False,False,test,ok,0.0,0.0,3.390981435775757,1.5470489501953124,10,0.5416077196598053,0.4943438172340393
2021-07-28 12:00:00,2021-08-03 12:00:00,6,25.49999999999999,82.5,Uttar Pradesh,8,2021,2.6896553,30.25595,997.8539,3.1134267,0.6661334,-0.8318176,0.23565361,31.895416,999.3066,2.4540017,-1.6394653,2.4540017,1.6394653,False,False,False,False,False,False,test,ok,0.0,0.16666666666666666,3.4608067671457925,1.6637776692708333,6,0.46239203711350757,0.29625487327575684
2021-08-04 12:00:00,2021-08-10 12:00:00,6,32.999999999999986,73.5,Jammu and Kashmir,8,2021,3.419293,30.13855,999.64764,1.987927,2.6180143,-1.9827881,2.0442386,34.591675,999.55164,1.3750544,-4.453125,1.3750544,4.453125,False,True,False,True,False,False,test,no_reliable_analogs,,,,,0,,
2021-09-23 12:00:00,2021-09-29 12:00:00,6,14.999999999999996,73.5,Goa,9,2021,9.716307,25.741028,1006.8629,4.962467,-0.88184834,0.05496216,17.215065,26.98642,1006.5881,-7.4987583,-1.2453918,7.4987583,1.2453918,False,False,False,False,False,False,test,ok,0.0,0.0,8.667075586318969,0.2785125732421875,10,0.36746963411569594,0.19126757979393005
2021-08-01 12:00:00,2021-08-07 12:00:00,6,32.999999999999986,76.5,Himachal Pradesh,8,2021,1.4809406,12.038574,1012.3017,1.2446672,-0.6969199,0.1444397,2.2645273,14.386139,1011.1065,-0.78358674,-2.3475647,0.78358674,2.3475647,False,False,False,False,False,False,test,ok,0.0,0.0,1.2840120434761046,1.9691131591796875,10,0.4341666340827942,0.3516716957092285
2021-07-26 12:00:00,2021-08-01 12:00:00,6,34.49999999999999,74.99999999999999,Jammu and Kashmir,8,2021,4.3976135,14.68927,1005.81445,1.4205104,1.5300441,0.21484375,16.880924,14.893616,1006.27936,-12.483311,-0.2043457,12.483311,0.2043457,False,False,True,False,False,False,test,no_reliable_analogs,,,,,0,,
2021-07-07 00:00:00,2021-07-13 00:00:00,6,36.0,78.0,Jammu and Kashmir,7,2021,0.5368591,-3.5654297,1017.7606,1.2513156,-1.5321267,-0.52963257,1.4319385,-3.0849304,1019.1214,-0.89507943,-0.48049927,0.89507943,0.48049927,False,False,False,False,False,False,test,ok,0.0,0.3,1.0650278329849243,2.184393310546875,10,0.3637295633554459,0.2985662519931793
2021-08-29 00:00:00,2021-09-04 00:00:00,6,25.49999999999999,74.99999999999999,Rajasthan,9,2021,1.2525868,24.146759,1003.62976,3.1153471,0.54212785,0.2505188,1.0689051,26.093903,1004.28564,0.18368173,-1.9471436,0.18368173,1.9471436,False,False,False,False,False,False,test,ok,0.0,0.1,1.0696142110042275,1.826409912109375,10,0.3983467608690262,0.27238234877586365
2021-08-28 00:00:00,2021-09-03 00:00:00,6,9.0,92.99999999999999,Andaman and Nicobar,9,2021,18.671028,27.233002,1008.8982,7.7411165,-1.5365524,0.37835693,5.723445,27.370697,1008.8131,12.947583,-0.13769531,12.947583,0.13769531,False,False,True,False,False,False,test,no_reliable_analogs,,,,,0,,
2021-09-30 12:00:00,2021-10-06 12:00:00,6,22.5,79.49999999999999,Madhya Pradesh,10,2021,2.588301,27.061218,1006.7661,0.9100764,0.6864064,-0.013000488,1.8043517,29.516724,1006.5401,0.78394926,-2.4555054,0.78394926,2.4555054,False,False,False,False,False,False,test,ok,0.0,0.2,1.273215152323246,2.30714111328125,10,0.43495358526706696,0.36873888969421387
2021-09-24 00:00:00,2021-09-30 00:00:00,6,20.999999999999993,82.5,Chhattisgarh,9,2021,11.429936,23.222809,1006.64764,1.351627,0.37948608,-0.2796936,8.342946,26.503754,1008.13306,3.0869904,-3.2809448,3.0869904,3.2809448,False,True,False,True,False,False,test,ok,0.0,0.4,3.375128173828125,2.8521728515625,10,0.4513509482145309,0.3387654423713684
2021-06-10 12:00:00,2021-06-16 12:00:00,6,28.499999999999982,81.0,Uttar Pradesh,6,2021,40.20538,25.585876,996.33655,1.5466791,37.670338,-3.764801,54.936737,27.058685,998.8054,-14.731358,-1.4728088,14.731358,1.4728088,False,False,True,False,False,False,test,no_reliable_analogs,,,,,0,,
2021-08-10 12:00:00,2021-08-16 12:00:00,6,20.999999999999993,83.99999999999999,Odisha,8,2021,7.0499496,28.273743,1003.1554,1.6088427,-7.1408443,-0.024749756,11.611628,29.32138,1002.4384,-4.561678,-1.0476379,4.561678,1.0476379,False,False,False,False,False,False,test,no_reliable_analogs,,,,,0,,
2021-08-05 00:00:00,2021-08-11 00:00:00,6,29.999999999999993,74.99999999999999,Punjab,8,2021,0.26523873,29.285706,999.0369,3.348778,-1.9356668,-0.1408081,0.07789623,29.774261,1000.2321,0.1873425,-0.4885559,0.1873425,0.4885559,False,False,False,False,False,False,test,ok,0.0,0.1111111111111111,3.3685055341985493,1.587890625,9,0.48917046851581997,0.3748821020126343
2021-06-03 00:00:00,2021-06-09 00:00:00,6,25.49999999999999,90.0,Meghalaya,6,2021,24.785532,24.812775,1000.4289,3.1885986,0.08480644,-0.61483765,19.610653,26.218597,1002.17236,5.174879,-1.4058228,5.174879,1.4058228,False,False,False,False,False,False,test,no_reliable_analogs,,,,,0,,
2021-07-07 00:00:00,2021-07-13 00:00:00,6,20.999999999999993,82.5,Chhattisgarh,7,2021,3.2822611,24.182129,1001.8235,1.8428572,0.27017212,0.20620728,2.4470515,27.087952,1001.59656,0.8352096,-2.9058228,0.8352096,2.9058228,False,False,False,False,False,False,test,ok,0.1,0.3,4.26114302277565,2.2955078125,10,0.4050158053636551,0.3229045569896698
2021-07-25 12:00:00,2021-07-31 12:00:00,6,24.0,83.99999999999999,Jharkhand,7,2021,128.60657,25.07312,994.39825,4.816165,116.9509,-1.633667,60.009834,25.321808,996.2777,68.59673,-0.24868774,68.59673,0.24868774,True,False,True,False,False,True,test,no_reliable_analogs,,,,,0,,
2021-08-31 00:00:00,2021-09-06 00:00:00,6,24.0,74.99999999999999,Madhya Pradesh,9,2021,1.487556,23.91632,1005.3719,2.9557657,-2.1905618,-0.18426514,2.639499,25.652222,1005.15674,-1.151943,-1.7359009,1.151943,1.7359009,False,False,False,False,False,False,test,ok,0.0,0.0,1.8621570736169815,1.9466949462890626,10,0.4388361036777496,0.3019963800907135
2021-07-03 00:00:00,2021-07-09 00:00:00,6,9.0,76.5,Kerala,7,2021,9.848833,24.621033,1008.1093,4.601939,2.8753767,0.0821228,6.9090824,25.168762,1006.8696,2.9397507,-0.5477295,2.9397507,0.5477295,False,False,False,False,False,False,test,ok,0.0,0.0,3.7991079330444335,0.7000701904296875,10,0.36280883103609085,0.186635360121727
2021-07-22 12:00:00,2021-07-28 12:00:00,6,28.499999999999982,74.99999999999999,Rajasthan,7,2021,11.579267,28.531525,994.11646,5.9175086,11.483422,-2.9020996,8.410903,28.667389,995.6616,3.1683636,-0.13586426,3.1683636,0.13586426,False,False,False,False,False,False,test,no_reliable_analogs,,,,,0,,
2021-07-12 00:00:00,2021-07-18 00:00:00,6,20.999999999999993,73.5,Gujarat,7,2021,5.1916056,24.549164,1004.48444,3.0064487,-1.1655312,-0.15539551,4.5988827,26.485565,1003.7342,0.5927229,-1.9364014,0.5927229,1.9364014,False,False,False,False,False,False,test,ok,0.0,0.0,1.9346206188201904,2.1297882080078123,10,0.3560804158449173,0.25346633791923523
2021-07-19 00:00:00,2021-07-25 00:00:00,6,32.999999999999986,79.49999999999999,Jammu and Kashmir,7,2021,7.4324756,6.0899353,1014.3945,0.73848194,-4.0421596,-0.16860962,9.212424,6.9795837,1017.51154,-1.7799487,-0.88964844,1.7799487,0.88964844,False,False,False,False,False,False,test,no_reliable_analogs,,,,,0,,
2021-07-25 00:00:00,2021-07-31 00:00:00,6,10.499999999999996,78.0,Tamil Nadu,7,2021,0.07450155,24.185669,1010.02655,3.5582557,0.020338077,0.30282593,0.18792138,25.456451,1010.63135,-0.11341982,-1.2707825,0.11341982,1.2707825,False,False,False,False,False,False,test,no_reliable_analogs,,,,,0,,
2021-09-17 12:00:00,2021-09-23 12:00:00,6,24.0,94.5,Manipur,9,2021,6.443075,25.240814,1007.1192,0.8061625,2.6780083,0.3980713,1.5335752,28.92041,1006.5176,4.9095,-3.679596,4.9095,3.679596,False,True,False,True,False,False,test,no_reliable_analogs,,,,,0,,
2021-06-30 00:00:00,2021-07-06 00:00:00,6,16.499999999999993,78.0,Andhra Pradesh,7,2021,7.5661907,23.958984,1005.91437,3.0045462,2.7452521,-0.38650513,3.6718721,25.352478,1006.3508,3.8943186,-1.3934937,3.8943186,1.3934937,False,False,False,False,False,False,test,ok,0.0,0.1,2.982103478908539,2.032586669921875,10,0.40260752737522126,0.2600463032722473
2021-07-08 12:00:00,2021-07-14 12:00:00,6,28.499999999999982,79.49999999999999,Uttar Pradesh,7,2021,1.6407641,31.98584,998.9625,3.1045344,-1.3447,-0.1776123,4.0191445,31.808136,1000.3878,-2.3783803,0.17770386,2.3783803,0.17770386,False,False,False,False,False,False,test,ok,0.0,0.0,1.3145123228430748,0.998126220703125,10,0.4732581377029419,0.3392372727394104
2021-08-28 12:00:00,2021-09-03 12:00:00,6,10.499999999999996,78.0,Tamil Nadu,9,2021,3.3621538,27.322144,1006.58734,2.4347794,-0.68809724,-0.28134155,20.95032,28.47879,1005.8886,-17.588165,-1.1566467,17.588165,1.1566467,False,False,True,False,False,False,test,no_reliable_analogs,,,,,0,,
2021-06-13 00:00:00,2021-06-19 00:00:00,6,18.0,83.99999999999999,Andhra Pradesh,6,2021,1.733825,28.510437,1003.0245,6.376016,0.36075914,0.18695068,4.8647313,28.744965,1004.8565,-3.1309063,-0.23452759,3.1309063,0.23452759,False,False,False,False,False,False,test,ok,0.0,0.0,1.5969161454588174,0.457720947265625,10,0.29598250091075895,0.13222891092300415
2021-06-13 00:00:00,2021-06-19 00:00:00,6,28.499999999999982,88.49999999999999,Sikkim,6,2021,0.9887101,3.1476135,1014.7123,1.175809,0.33735657,-0.13128662,4.9310265,5.5717163,1014.9709,-3.9423163,-2.4241028,3.9423163,2.4241028,False,False,False,False,False,False,test,ok,0.0,0.0,1.796006339788437,1.63800048828125,10,0.3154530361294746,0.1735641211271286
2021-06-17 12:00:00,2021-06-23 12:00:00,6,22.5,91.5,Tripura,6,2021,6.700633,27.515076,1002.97076,6.5394607,-0.83162737,-0.24737549,6.481005,28.932495,1003.9457,0.21962786,-1.4174194,0.21962786,1.4174194,False,False,False,False,False,False,test,no_reliable_analogs,,,,,0,,
2021-06-15 12:00:00,2021-06-21 12:00:00,6,7.499999999999991,92.99999999999999,Andaman and Nicobar,6,2021,10.099245,28.151917,1008.39575,8.018303,-3.367694,0.18734741,8.277794,27.90567,1009.53625,1.8214512,0.24624634,1.8214512,0.24624634,False,False,False,False,False,False,test,no_reliable_analogs,,,,,0,,
2021-06-23 12:00:00,2021-06-29 12:00:00,6,20.999999999999993,87.0,Odisha,6,2021,4.004471,30.66214,999.0144,6.5174575,3.928271,-0.9734497,1.0755675,30.68457,1002.24524,2.9289033,-0.02243042,2.9289033,0.02243042,False,False,False,False,False,False,test,no_reliable_analogs,,,,,0,,
2021-08-21 12:00:00,2021-08-27 12:00:00,6,28.499999999999982,79.49999999999999,Uttar Pradesh,8,2021,3.6085114,29.299866,1000.88245,1.5174067,2.2348747,-1.8310242,2.5350935,29.94104,1001.28815,1.0734179,-0.6411743,1.0734179,0.6411743,False,False,False,False,False,False,test,no_reliable_analogs,,,,,0,,
2021-09-27 12:00:00,2021-10-03 12:00:00,6,20.999999999999993,76.5,Maharashtra,10,2021,5.4929547,28.423187,1005.5726,1.4802264,-5.739512,0.1055603,2.7922113,29.452515,1006.574,2.7007434,-1.0293274,2.7007434,1.0293274,False,False,False,False,False,False,test,no_reliable_analogs,,,,,0,,
2021-08-23 12:00:00,2021-08-29 12:00:00,6,24.0,88.49999999999999,West Bengal,8,2021,7.5016494,28.550018,1001.9967,2.1141422,2.6001368,-0.4394226,7.84777,29.896027,1002.43634,-0.34612083,-1.3460083,0.34612083,1.3460083,False,False,False,False,False,False,test,ok,0.0,0.0,5.844136476516724,1.67891845703125,10,0.45718989670276644,0.3818306028842926
2021-08-29 00:00:00,2021-09-04 00:00:00,6,10.499999999999996,92.99999999999999,Andaman and Nicobar,9,2021,12.000706,27.04898,1007.9125,6.7514496,-3.3689823,0.24691772,7.0695076,26.473846,1007.779,4.931198,0.5751343,4.931198,0.5751343,False,False,False,False,False,False,test,no_reliable_analogs,,,,,0,,
2021-09-11 00:00:00,2021-09-17 00:00:00,6,24.0,82.5,Madhya Pradesh,9,2021,3.526778,23.389252,1005.8781,1.8677406,-1.9411962,0.014923096,19.628273,24.538605,1002.3553,-16.101496,-1.149353,16.101496,1.149353,False,False,True,False,False,False,test,ok,0.0,0.2,4.485930728912353,2.607354736328125,10,0.3455264359712601,0.2968532145023346
2021-06-24 12:00:00,2021-06-30 12:00:00,6,31.499999999999993,74.99999999999999,Punjab,6,2021,0.0023320296,42.889404,991.1803,4.0191145,0.0023320296,-0.046539307,9.365253e-05,41.58737,993.6369,0.002238377,1.3020325,0.002238377,1.3020325,False,False,False,False,False,False,test,ok,0.0,0.1,0.04825645090313628,1.4701416015625,10,0.4778712332248688,0.35087329149246216
2021-07-08 12:00:00,2021-07-14 12:00:00,6,32.999999999999986,78.0,Jammu and Kashmir,7,2021,0.36385083,6.978058,1011.76556,2.2820756,-0.23594815,-0.52957153,0.73532,10.543549,1011.5574,-0.37146914,-3.5654907,0.37146914,3.5654907,False,True,False,True,False,False,test,ok,0.0,0.6666666666666666,0.9399904285868009,2.745452880859375,6,0.3743259459733963,0.29186344146728516
2021-07-18 00:00:00,2021-07-24 00:00:00,6,22.5,73.5,Gujarat,7,2021,4.803364,26.162567,998.6794,4.357302,-7.540951,0.2019043,3.2582872,26.936188,999.7812,1.5450766,-0.7736206,1.5450766,0.7736206,False,False,False,False,False,False,test,no_reliable_analogs,,,,,0,,
2021-07-28 00:00:00,2021-08-03 00:00:00,6,11.999999999999991,78.0,Tamil Nadu,8,2021,0.11921511,21.845673,1009.802,3.141912,0.003492497,0.012390137,0.10019592,24.011932,1010.6678,0.019019186,-2.1662598,0.019019186,2.1662598,False,False,False,True,False,False,test,ok,0.0,0.0,0.5600823067128659,2.352392578125,10,0.22842316031455995,0.14951983094215393
2021-09-02 12:00:00,2021-09-08 12:00:00,6,22.5,81.0,Madhya Pradesh,9,2021,10.319156,25.955688,1002.5424,2.6709554,-20.330975,1.0941467,9.591522,27.32483,1003.13635,0.7276335,-1.3691406,0.7276335,1.3691406,False,False,False,False,False,False,test,no_reliable_analogs,,,,,0,,
2021-08-07 00:00:00,2021-08-13 00:00:00,6,20.999999999999993,81.0,Chhattisgarh,8,2021,2.0074627,24.862823,1005.6502,2.2265887,-4.2417326,0.2657776,0.4729817,27.22055,1005.52875,1.534481,-2.357727,1.534481,2.357727,False,False,False,False,False,False,test,ok,0.2,0.0,14.572925531864167,1.690869140625,10,0.4552107512950897,0.3399743139743805
2021-06-26 12:00:00,2021-07-02 12:00:00,6,22.5,76.5,Madhya Pradesh,7,2021,0.14188875,33.134827,999.62775,5.2706895,0.036381595,-0.11694336,0.39792067,33.822723,1001.2346,-0.25603193,-0.6878967,0.25603193,0.6878967,False,False,False,False,False,False,test,ok,0.0,0.0,1.5687411174178123,1.048431396484375,10,0.5162830114364624,0.47375625371932983
2021-09-04 12:00:00,2021-09-10 12:00:00,6,10.499999999999996,72.0,Lakshadweep,9,2021,0.65037036,28.172913,1008.87,5.775115,0.46354744,0.08615112,0.22411937,27.883087,1008.57263,0.426251,0.28982544,0.426251,0.28982544,False,False,False,False,False,False,test,ok,0.0,0.0,2.1382185101509092,0.4980926513671875,10,0.26732921302318574,0.20377646386623383
2021-07-20 00:00:00,2021-07-26 00:00:00,6,22.5,78.0,Madhya Pradesh,7,2021,9.02249,24.199951,1001.5302,4.330258,1.6124153,0.010528564,14.656005,24.098389,1000.1538,-5.6335154,0.1015625,5.6335154,0.1015625,False,False,False,False,False,False,test,ok,0.0,0.1,4.440081405639648,1.737646484375,10,0.483424511551857,0.39333900809288025
2021-09-27 00:00:00,2021-10-03 00:00:00,6,11.999999999999991,73.5,Lakshadweep,10,2021,11.880042,26.825867,1007.6077,6.282896,-3.0232944,0.39370728,29.894037,26.763092,1007.53424,-18.013996,0.06277466,18.013996,0.06277466,False,False,True,False,False,False,test,no_reliable_analogs,,,,,0,,
2021-07-08 00:00:00,2021-07-14 00:00:00,6,16.499999999999993,74.99999999999999,Karnataka,7,2021,15.990285,22.570587,1002.9164,6.7193623,6.0047617,0.5516052,19.617493,22.943787,1004.2072,-3.6272078,-0.37319946,3.6272078,0.37319946,False,False,False,False,False,False,test,no_reliable_analogs,,,,,0,,
2021-06-22 12:00:00,2021-06-28 12:00:00,6,25.49999999999999,78.0,Madhya Pradesh,6,2021,0.0032852064,40.078583,998.43713,4.515756,-0.00053046714,1.0178833,0.07050378,36.300262,1000.52435,-0.06721857,3.7783203,0.06721857,3.7783203,False,True,False,True,False,False,test,ok,0.0,0.5714285714285714,2.111680950437273,4.232291085379464,7,0.5699598065444401,0.4988115727901459
2021-06-18 00:00:00,2021-06-24 00:00:00,6,29.999999999999993,73.5,Rajasthan,6,2021,0.0018032087,33.207855,998.9246,4.347722,0.000101687736,-0.2755127,0.0010966682,29.832947,999.86237,0.00070654054,3.3749084,0.00070654054,3.3749084,False,True,False,True,False,False,test,ok,0.0,0.16666666666666666,0.04328997177314401,1.5357818603515625,6,0.42340583105882007,0.36159783601760864
2021-07-20 00:00:00,2021-07-26 00:00:00,6,28.499999999999982,91.5,Arunachal Pradesh,7,2021,5.3242736,6.156708,1012.6032,0.79603255,-1.5043163,0.5731201,6.4958982,7.151184,1012.96423,-1.1716247,-0.9944763,1.1716247,0.9944763,False,False,False,False,False,False,test,ok,0.0,0.0,3.1362338066101074,0.9157206217447916,6,0.34990717967351276,0.17597660422325134
2021-06-29 12:00:00,2021-07-05 12:00:00,6,11.999999999999991,92.99999999999999,Andaman and Nicobar,7,2021,10.307344,27.476624,1006.6086,7.7334156,1.5719423,-0.3369751,9.6145525,28.30545,1005.7969,0.69279194,-0.8288269,0.69279194,0.8288269,False,False,False,False,False,False,test,ok,0.0,0.0,6.108027791976928,0.757147216796875,10,0.38628300428390505,0.3065590560436249
2021-09-16 00:00:00,2021-09-22 00:00:00,6,24.0,82.5,Madhya Pradesh,9,2021,7.517297,23.22519,1003.7261,3.1892715,-1.7694397,0.012359619,0.77835476,25.15805,1004.45233,6.738942,-1.9328613,6.738942,1.9328613,False,False,False,False,False,False,test,ok,0.0,0.0,12.623469495773316,1.7452239990234375,10,0.5020778059959412,0.4518119990825653
2021-06-08 00:00:00,2021-06-14 00:00:00,6,25.49999999999999,87.0,Bihar,6,2021,13.369813,25.704529,997.0019,6.841044,-6.64285,-0.47958374,15.6989,28.565948,997.45685,-2.3290873,-2.8614197,2.3290873,2.8614197,False,False,False,False,False,False,test,no_reliable_analogs,,,,,0,,
2021-06-24 00:00:00,2021-06-30 00:00:00,6,11.999999999999991,79.49999999999999,Tamil Nadu,6,2021,1.4943858,26.138947,1006.11865,2.546006,1.3666353,-0.91018677,0.4843136,28.161041,1006.9858,1.0100722,-2.0220947,1.0100722,2.0220947,False,False,False,True,False,False,test,no_reliable_analogs,,,,,0,,
2021-07-14 12:00:00,2021-07-20 12:00:00,6,19.499999999999996,76.5,Maharashtra,7,2021,14.408718,26.184845,1003.64813,4.027449,4.9816256,-0.37664795,10.025789,27.628021,1003.59705,4.382929,-1.4431763,4.382929,1.4431763,False,False,False,False,False,False,test,no_reliable_analogs,,,,,0,,
2021-06-15 00:00:00,2021-06-21 00:00:00,6,13.5,79.49999999999999,Andhra Pradesh,6,2021,0.05298512,26.724518,1007.01263,3.4781232,-0.5154976,-0.15826416,0.3990354,28.929535,1008.30225,-0.34605026,-2.205017,0.34605026,2.205017,False,False,False,True,False,False,test,ok,0.0,0.0,1.8014822006225586,1.56348876953125,10,0.3247337117791176,0.1661963164806366
2021-07-13 00:00:00,2021-07-19 00:00:00,6,20.999999999999993,73.5,Gujarat,7,2021,13.509333,24.452728,1004.25696,4.495789,1.5939627,-0.27520752,15.316433,25.942383,1002.4602,-1.8071003,-1.4896545,1.8071003,1.4896545,False,False,False,False,False,False,test,ok,0.0,0.0,7.104769309361775,1.9765625,6,0.5047097951173782,0.4473839998245239
2021-06-07 00:00:00,2021-06-13 00:00:00,6,25.49999999999999,83.99999999999999,Bihar,6,2021,17.18613,25.630157,997.68445,4.017352,-4.320425,-0.61761475,4.818256,26.78775,998.64343,12.367874,-1.1575928,12.367874,1.1575928,False,False,False,False,False,False,test,no_reliable_analogs,,,,,0,,
2021-06-01 12:00:00,2021-06-07 12:00:00,6,25.49999999999999,81.0,Uttar Pradesh,6,2021,0.0,39.51117,995.9536,3.63453,0.0,0.0,0.023101496,37.92517,997.4016,-0.023101496,1.5859985,0.023101496,1.5859985,False,False,False,False,False,False,test,ok,0.0,0.2,1.2183392328210174,1.67518310546875,10,0.44414502680301665,0.36293259263038635
2021-09-21 12:00:00,2021-09-27 12:00:00,6,19.499999999999996,79.49999999999999,Andhra Pradesh,9,2021,8.502643,26.428436,1002.1456,1.231815,-1.5697498,-0.47824097,27.432459,26.530273,996.06104,-18.929817,-0.10183716,18.929817,0.10183716,False,False,False,False,False,False,test,no_reliable_analogs,,,,,0,,
2021-06-27 00:00:00,2021-07-03 00:00:00,6,29.999999999999993,74.99999999999999,Punjab,7,2021,0.0,32.187256,996.02515,4.5860777,0.0,-0.30899048,0.06557072,29.510162,999.39844,-0.06557072,2.6770935,0.06557072,2.6770935,False,False,False,False,False,False,test,no_reliable_analogs,,,,,0,,
2021-06-21 00:00:00,2021-06-27 00:00:00,6,24.0,88.49999999999999,West Bengal,6,2021,16.60079,25.534729,1002.3684,2.329657,4.8739033,-0.8735657,1.8274726,28.391785,1005.4182,14.773317,-2.8570557,14.773317,2.8570557,True,False,True,False,False,False,test,no_reliable_analogs,,,,,0,,
2021-08-25 12:00:00,2021-08-31 12:00:00,6,11.999999999999991,73.5,Lakshadweep,8,2021,18.28053,26.307404,1007.1114,5.321477,-7.6469746,0.18887329,5.8063793,26.721863,1006.7645,12.474152,-0.41445923,12.474152,0.41445923,False,False,False,False,False,False,test,no_reliable_analogs,,,,,0,,
2021-09-08 00:00:00,2021-09-14 00:00:00,6,28.499999999999982,79.49999999999999,Uttar Pradesh,9,2021,4.088394,25.662231,1002.75146,2.892945,-1.6227474,0.8882141,5.1759515,27.246307,1003.15515,-1.0875573,-1.5840759,1.0875573,1.5840759,False,False,False,False,False,False,test,ok,0.0,0.16666666666666666,1.1540368398030598,1.634674072265625,6,0.5270369946956635,0.4540022015571594
2021-06-17 00:00:00,2021-06-23 00:00:00,6,18.0,73.5,Maharashtra,6,2021,4.916495,23.342163,1008.65906,2.6927192,0.03783846,-0.3408203,3.4012113,25.173828,1008.0781,1.5152836,-1.831665,1.5152836,1.831665,False,False,False,False,False,False,test,ok,0.0,0.0,1.913114133477211,1.8156707763671875,10,0.43402757346630094,0.2851514220237732
2021-06-19 12:00:00,2021-06-25 12:00:00,6,19.499999999999996,74.99999999999999,Maharashtra,6,2021,0.21549062,29.632874,1004.0403,6.292517,-0.08659147,-1.2397156,11.644354,26.13916,1005.2637,-11.428864,3.4937134,11.428864,3.4937134,False,True,False,True,False,False,test,no_reliable_analogs,,,,,0,,
2021-08-23 12:00:00,2021-08-29 12:00:00,6,22.5,73.5,Gujarat,8,2021,0.8190593,30.557251,1001.2668,2.4533844,-0.08550894,-0.084869385,0.8266182,31.807587,1000.9843,-0.0075588822,-1.2503357,0.0075588822,1.2503357,False,False,False,False,False,False,test,ok,0.0,0.2857142857142857,0.6985381160463605,2.1653224400111606,7,0.43171626861606327,0.11500836163759232
2021-07-16 00:00:00,2021-07-22 00:00:00,6,19.499999999999996,81.0,Chhattisgarh,7,2021,18.644608,23.055634,999.98486,2.3617063,-8.541342,0.2069397,9.866809,23.920166,997.91583,8.777799,-0.8645325,8.777799,0.8645325,False,False,False,False,False,False,test,no_reliable_analogs,,,,,0,,
2021-06-21 12:00:00,2021-06-27 12:00:00,6,29.999999999999993,94.5,Arunachal Pradesh,6,2021,6.7927938,10.088867,1010.649,1.1627566,0.40004873,0.023254395,8.802647,10.756989,1011.8767,-2.009853,-0.66812134,2.009853,0.66812134,False,False,False,False,False,False,test,ok,0.0,0.0,1.5961920022964478,1.6353118896484375,10,0.34426948577165606,0.17671822011470795
2021-08-23 00:00:00,2021-08-29 00:00:00,6,19.499999999999996,85.5,Odisha,8,2021,6.3945374,26.997986,1001.12274,2.2620275,2.0728092,-0.016082764,16.273348,26.954834,999.6318,-9.878811,0.043151855,9.878811,0.043151855,False,False,False,False,False,False,test,ok,0.0,0.0,9.681225037574768,0.6693328857421875,10,0.45284495651721957,0.3005141317844391
2021-08-28 00:00:00,2021-09-03 00:00:00,6,16.499999999999993,78.0,Andhra Pradesh,9,2021,0.5679731,22.985992,1007.2127,3.1124947,-3.8668551,0.63793945,5.9116507,24.659271,1006.4853,-5.3436775,-1.6732788,5.3436775,1.6732788,False,False,False,False,False,False,test,no_reliable_analogs,,,,,0,,
2021-09-25 00:00:00,2021-10-01 00:00:00,6,34.49999999999999,76.5,Jammu and Kashmir,10,2021,0.09558691,0.065460205,1020.0676,0.9353743,-4.7281384e-05,0.09341431,0.12419869,-0.72262573,1024.4218,-0.02861178,0.78808594,0.02861178,0.78808594,False,False,False,False,False,False,test,no_reliable_analogs,,,,,0,,
2021-08-12 12:00:00,2021-08-18 12:00:00,6,26.999999999999996,76.5,Rajasthan,8,2021,0.00105718,34.291412,999.03156,1.5664861,-0.0020146263,0.32669067,0.0060936874,33.929596,999.81006,-0.0050365073,0.3618164,0.0050365073,0.3618164,False,False,False,False,False,False,test,no_reliable_analogs,,,,,0,,
2021-07-12 00:00:00,2021-07-18 00:00:00,6,26.999999999999996,90.0,Assam,7,2021,70.59751,18.638153,1006.2397,1.3460634,-16.543945,0.35025024,37.09225,20.061768,1007.8588,33.50526,-1.4236145,33.50526,1.4236145,True,False,True,False,False,True,test,no_reliable_analogs,,,,,0,,
2021-08-03 12:00:00,2021-08-09 12:00:00,6,19.499999999999996,78.0,Maharashtra,8,2021,0.6288459,30.9505,1005.0889,2.5092757,0.17056516,0.26727295,0.8705251,31.836304,1004.8791,-0.24167925,-0.8858032,0.24167925,0.8858032,False,False,False,False,False,False,test,ok,0.0,0.0,1.2524983717335596,1.1572265625,9,0.45486558477083844,0.35457751154899597
2021-08-21 12:00:00,2021-08-27 12:00:00,6,13.5,78.0,Karnataka,8,2021,11.611771,25.339874,1005.6783,1.9010755,-0.92016983,-0.51174927,12.758877,25.678009,1005.24506,-1.1471062,-0.33813477,1.1471062,0.33813477,False,False,False,False,False,False,test,no_reliable_analogs,,,,,0,,
2021-09-04 00:00:00,2021-09-10 00:00:00,6,25.49999999999999,87.0,Bihar,9,2021,5.2859693,25.1008,1005.81226,1.4397013,-3.9623055,0.15472412,2.441345,28.820587,1005.5193,2.8446243,-3.7197876,2.8446243,3.7197876,False,True,False,True,False,False,test,ok,0.0,0.1,5.560656452178955,2.003204345703125,10,0.4058676928281784,0.29669344425201416
2021-07-31 00:00:00,2021-08-06 00:00:00,6,11.999999999999991,74.99999999999999,Kerala,8,2021,16.284752,24.842194,1009.45154,5.229385,7.4549046,-0.07922363,18.823477,24.987274,1009.09436,-2.538725,-0.14508057,2.538725,0.14508057,False,False,False,False,False,False,test,no_reliable_analogs,,,,,0,,
2021-07-05 12:00:00,2021-07-11 12:00:00,6,22.5,73.5,Gujarat,7,2021,15.175635,28.1344,998.6146,2.1252332,14.644387,-4.7756042,12.454494,32.345123,997.0259,2.7211409,-4.210724,2.7211409,4.210724,False,True,False,True,False,False,test,no_reliable_analogs,,,,,0,,
2021-09-02 00:00:00,2021-09-08 00:00:00,6,11.999999999999991,73.5,Lakshadweep,9,2021,5.4167223,26.537964,1007.9765,7.2883744,-2.958108,0.34231567,7.47607,26.597687,1007.96234,-2.0593476,-0.0597229,2.0593476,0.0597229,False,False,False,False,False,False,test,ok,0.0,0.0,3.7438710778951645,0.39044189453125,8,0.3784979395568371,0.27772703766822815
2021-09-16 12:00:00,2021-09-23 12:00:00,7,9.0,76.5,Kerala,9,2021,4.5836225,26.028778,1007.10913,5.226532,0.23668051,-0.30593872,3.7761834,27.399353,1007.6962,0.8074391,-1.370575,0.8074391,1.370575,False,False,False,False,False,False,test,ok,0.0,0.0,4.812736439704895,0.548834228515625,10,0.35813951790332793,0.2594570219516754
2021-07-04 00:00:00,2021-07-11 00:00:00,7,31.499999999999993,76.5,Himachal Pradesh,7,2021,15.607857,23.112213,1003.4458,1.7275789,0.5905771,0.15911865,10.688612,24.99762,1004.3313,4.919245,-1.8854065,4.919245,1.8854065,False,False,False,False,False,False,test,no_reliable_analogs,,,,,0,,
2021-07-02 12:00:00,2021-07-09 12:00:00,7,26.999999999999996,76.5,Rajasthan,7,2021,0.00021320996,39.242096,996.3306,2.7921627,0.00021320996,-0.10424805,0.0543195,36.408203,997.7024,-0.05410629,2.8338928,0.05410629,2.8338928,False,False,False,False,False,False,test,no_reliable_analogs,,,,,0,,
2021-06-01 12:00:00,2021-06-08 12:00:00,7,11.999999999999991,94.5,Andaman and Nicobar,6,2021,16.861547,27.97702,1006.7746,8.984932,0.0,0.0,21.699373,26.969666,1008.15234,-4.837826,1.0073547,4.837826,1.0073547,False,False,False,False,False,False,test,ok,0.0,0.0,6.1389575534396705,0.5437249077690972,9,0.37436651852395797,0.22900304198265076
2021-06-28 12:00:00,2021-07-05 12:00:00,7,19.499999999999996,73.5,Maharashtra,7,2021,2.886867,27.5,1005.81757,3.8205826,-0.22810197,0.067352295,1.6789323,29.812836,1005.7215,1.2079347,-2.3128357,1.2079347,2.3128357,False,False,False,True,False,False,test,ok,0.0,0.1,3.3631158828735352,1.79349365234375,10,0.4575327396392822,0.3515789210796356
2021-07-15 00:00:00,2021-07-22 00:00:00,7,14.999999999999996,74.99999999999999,Karnataka,7,2021,33.322643,21.670563,1006.46686,5.0647254,12.626175,-0.17150879,30.27848,22.499146,1005.7037,3.0441628,-0.82858276,3.0441628,0.82858276,False,False,False,False,False,False,test,no_reliable_analogs,,,,,0,,
2021-07-29 12:00:00,2021-08-05 12:00:00,7,28.499999999999982,97.49999999999999,Arunachal Pradesh,8,2021,9.898538,11.793549,1011.2378,0.8017747,0.17311001,-0.078704834,6.116912,14.0217285,1008.9991,3.7816257,-2.22818,3.7816257,2.22818,False,False,False,False,False,False,test,ok,0.0,0.3,2.094931221008301,2.2314544677734376,10,0.3762143075466156,0.31067144870758057
2021-07-12 00:00:00,2021-07-19 00:00:00,7,28.499999999999982,76.5,Haryana,7,2021,3.6743443,30.037231,995.1954,6.626082,-2.1765125,1.3919067,11.612592,27.511017,997.4521,-7.9382477,2.5262146,7.9382477,2.5262146,False,False,True,False,False,False,test,no_reliable_analogs,,,,,0,,
2021-07-31 12:00:00,2021-08-07 12:00:00,7,20.999999999999993,79.49999999999999,Maharashtra,8,2021,1.2954845,29.99002,1002.8015,2.561956,0.14424253,-0.08251953,4.7509804,30.7052,1001.84045,-3.4554958,-0.71517944,3.4554958,0.71517944,False,False,False,False,False,False,test,ok,0.0,0.0,3.4182103723287582,0.7653961181640625,10,0.3680184245109558,0.1883762925863266
2021-08-24 00:00:00,2021-08-31 00:00:00,7,13.5,81.0,Tamil Nadu,8,2021,8.124392,27.75586,1004.81366,5.6732407,-0.27330303,0.30706787,3.931749,27.924255,1004.12897,4.192642,-0.168396,4.192642,0.168396,False,False,False,False,False,False,test,no_reliable_analogs,,,,,0,,
2021-06-04 00:00:00,2021-06-11 00:00:00,7,20.999999999999993,82.5,Chhattisgarh,6,2021,10.222895,26.391296,998.5506,4.090892,-5.2732677,0.8800659,27.896618,25.81723,999.2648,-17.673723,0.57406616,17.673723,0.57406616,False,False,False,False,False,False,test,no_reliable_analogs,,,,,0,,
2021-07-22 12:00:00,2021-07-29 12:00:00,7,18.0,74.99999999999999,Maharashtra,7,2021,0.44349414,24.573364,1006.22296,6.447223,-0.20883536,-0.5538025,0.5173403,26.121155,1006.65814,-0.07384616,-1.5477905,0.07384616,1.5477905,False,False,False,False,False,False,test,ok,0.0,0.16666666666666666,2.122488727172216,1.5616251627604167,6,0.46694619456926983,0.3585941791534424
2021-06-28 12:00:00,2021-07-05 12:00:00,7,11.999999999999991,73.5,Lakshadweep,7,2021,12.808324,26.626526,1007.0703,6.2776804,-5.951146,0.2144165,14.911516,27.35083,1006.87854,-2.1031923,-0.7243042,2.1031923,0.7243042,False,False,False,False,False,False,test,no_reliable_analogs,,,,,0,,
2021-07-03 00:00:00,2021-07-10 00:00:00,7,14.999999999999996,73.5,Goa,7,2021,33.670685,25.737396,1004.7898,5.3908796,2.661766,-0.2074585,50.36589,25.472595,1003.54016,-16.695206,0.26480103,16.695206,0.26480103,False,False,True,False,False,False,test,no_reliable_analogs,,,,,0,,
2021-08-12 12:00:00,2021-08-19 12:00:00,7,20.999999999999993,82.5,Chhattisgarh,8,2021,24.991749,27.81366,997.1972,2.2790732,4.476534,1.0551758,9.383928,28.663513,1000.82153,15.6078205,-0.8498535,15.6078205,0.8498535,False,False,False,False,False,False,test,no_reliable_analogs,,,,,0,,
2021-08-01 12:00:00,2021-08-08 12:00:00,7,26.999999999999996,69.0,Rajasthan,8,2021,0.0,39.830353,998.884,5.4327674,-0.0004212407,-1.3507996,0.0,38.36682,999.5853,0.0,1.4635315,0.0,1.4635315,False,False,False,False,False,False,test,no_reliable_analogs,,,,,0,,
2021-08-11 12:00:00,2021-08-18 12:00:00,7,32.999999999999986,79.49999999999999,Jammu and Kashmir,8,2021,0.0022202055,13.929016,1001.84125,2.8931084,-0.0008529546,-0.0741272,1.0557925e-05,16.323181,1003.18774,0.0022096476,-2.394165,0.0022096476,2.394165,False,False,False,False,False,False,test,ok,0.0,0.4,0.7469478756189346,2.660205078125,5,0.4161588788032532,0.3941463828086853
2021-07-03 12:00:00,2021-07-10 12:00:00,7,18.0,74.99999999999999,Maharashtra,7,2021,4.667242,28.066498,1002.1214,4.4312115,-3.6017046,1.7070007,15.295861,28.732819,1001.28564,-10.628619,-0.6663208,10.628619,0.6663208,False,False,False,False,False,False,test,no_reliable_analogs,,,,,0,,
2021-06-01 12:00:00,2021-06-08 12:00:00,7,24.0,83.99999999999999,Jharkhand,6,2021,0.014843804,34.635468,996.9325,1.3566436,0.0,0.0,1.0527446,33.356018,998.5221,-1.0379008,1.2794495,1.0379008,1.2794495,False,False,False,False,False,False,test,ok,0.0,0.0,0.8547401070594788,1.0120330810546876,10,0.5142657130956649,0.4275106191635132
2021-08-19 12:00:00,2021-08-26 12:00:00,7,25.49999999999999,70.49999999999999,Rajasthan,8,2021,0.09309483,36.00357,996.0516,9.752892,-0.1327678,1.1766357,0.057157047,35.34012,997.6646,0.035937786,0.66345215,0.035937786,0.66345215,False,False,False,False,False,False,test,no_reliable_analogs,,,,,0,,
2021-08-03 12:00:00,2021-08-10 12:00:00,7,16.499999999999993,81.0,Andhra Pradesh,8,2021,6.155725,32.956085,1002.59283,3.161292,3.2193685,0.16168213,2.5131705,32.65927,1002.6763,3.6425545,0.29681396,3.6425545,0.29681396,False,False,False,False,False,False,test,no_reliable_analogs,,,,,0,,
2021-08-07 12:00:00,2021-08-14 12:00:00,7,20.999999999999993,74.99999999999999,Maharashtra,8,2021,0.42057684,29.69223,1002.5941,5.1801167,-0.15766886,0.19760132,0.9439387,30.826843,1002.86597,-0.5233618,-1.134613,0.5233618,1.134613,False,False,False,False,False,False,test,ok,0.14285714285714285,0.0,3.9774297220366344,0.8523297991071429,7,0.4408374471323831,0.2977384626865387
2021-07-10 12:00:00,2021-07-17 12:00:00,7,18.0,78.0,Andhra Pradesh,7,2021,3.3818696,26.955933,1004.93463,3.5550733,-1.7262151,-0.12545776,7.1039367,31.156036,1003.3027,-3.722067,-4.2001038,3.722067,4.2001038,False,True,False,True,False,False,test,ok,0.0,0.0,1.3022668759028118,1.9375372992621527,9,0.46536388993263245,0.4099857211112976
2021-08-03 12:00:00,2021-08-10 12:00:00,7,11.999999999999991,92.99999999999999,Andaman and Nicobar,8,2021,4.826281,27.465149,1006.2679,5.4109664,-0.84481144,-0.33740234,11.723495,27.273804,1005.3287,-6.8972135,0.19134521,6.8972135,0.19134521,False,False,False,False,False,False,test,ok,0.0,0.0,2.3024519324302672,0.50150146484375,10,0.363179013133049,0.24129781126976013
2021-09-25 00:00:00,2021-10-02 00:00:00,7,25.49999999999999,94.5,Manipur,10,2021,4.5723486,18.567932,1011.3057,0.72252375,-2.251369,-0.05432129,1.356016,22.509644,1012.20447,3.2163324,-3.9417114,3.2163324,3.9417114,False,True,False,True,False,False,test,ok,0.0,0.6,1.8939765691757202,3.298541259765625,5,0.3688762247562408,0.22925180196762085
2021-06-17 00:00:00,2021-06-24 00:00:00,7,22.5,69.0,Gujarat,6,2021,0.9587621,28.53125,1004.3544,8.455724,0.010093689,0.03274536,0.22572926,28.905975,1004.19556,0.7330328,-0.37472534,0.7330328,0.37472534,False,False,False,False,False,False,test,ok,0.0,0.0,0.6215159067884087,0.6560882568359375,10,0.44820073544979094,0.34567201137542725
2021-09-24 12:00:00,2021-10-01 12:00:00,7,26.999999999999996,73.5,Rajasthan,10,2021,7.194133,28.292786,1004.98315,1.4325356,6.883253,-2.0975952,4.4514885,30.027466,1007.6462,2.7426443,-1.7346802,2.7426443,1.7346802,False,False,False,False,False,False,test,no_reliable_analogs,,,,,0,,
2021-06-07 00:00:00,2021-06-14 00:00:00,7,14.999999999999996,78.0,Andhra Pradesh,6,2021,0.48435634,24.821411,1004.8988,5.298551,-0.49263722,-0.18411255,2.4625244,26.371155,1004.9309,-1.978168,-1.5497437,1.978168,1.5497437,False,False,False,False,False,False,test,ok,0.0,0.0,1.3701792433857918,1.880523681640625,10,0.3433297902345657,0.23471355438232422
2021-07-26 00:00:00,2021-08-02 00:00:00,7,22.5,70.49999999999999,Gujarat,8,2021,0.44445747,26.284454,1000.3413,7.125656,-0.04543543,-0.016296387,1.5647491,26.897583,1002.10376,-1.1202917,-0.61312866,1.1202917,0.61312866,False,False,False,False,False,False,test,ok,0.0,0.0,0.7066892594099045,0.933807373046875,10,0.30306081771850585,0.2221134901046753
2021-08-23 00:00:00,2021-08-30 00:00:00,7,24.0,85.5,Jharkhand,8,2021,7.571874,23.9776,1005.29865,2.2970765,1.0628543,-0.09713745,6.4193215,25.749878,1005.34625,1.1525526,-1.7722778,1.1525526,1.7722778,False,False,False,False,False,False,test,ok,0.0,0.0,3.7358131885528563,1.6186737060546874,10,0.39630653262138366,0.19715604186058044
2021-07-27 00:00:00,2021-08-03 00:00:00,7,22.5,74.99999999999999,Madhya Pradesh,8,2021,11.21997,23.525116,1001.4203,6.145364,10.030206,-0.32757568,8.411647,24.188324,1004.3861,2.808323,-0.663208,2.808323,0.663208,False,False,False,False,False,False,test,no_reliable_analogs,,,,,0,,
2021-06-26 00:00:00,2021-07-03 00:00:00,7,28.499999999999982,88.49999999999999,Sikkim,7,2021,5.3841424,4.8182373,1010.1121,1.4692231,-1.0353284,-0.15707397,7.6887217,5.548462,1012.31146,-2.3045793,-0.7302246,2.3045793,0.7302246,False,False,False,False,False,False,test,ok,0.0,0.0,4.36426363672529,1.4543718610491072,7,0.3566581393991198,0.2857533097267151
2021-09-01 12:00:00,2021-09-08 12:00:00,7,7.499999999999991,92.99999999999999,Andaman and Nicobar,9,2021,8.423889,26.992432,1009.03107,6.9129314,5.306537,0.23605347,4.758068,27.738342,1009.32526,3.665821,-0.74591064,3.665821,0.74591064,False,False,False,False,False,False,test,no_reliable_analogs,,,,,0,,
2021-09-12 12:00:00,2021-09-19 12:00:00,7,20.999999999999993,74.99999999999999,Maharashtra,9,2021,1.1295416,28.336243,1006.8915,2.449016,-6.19827,2.1125488,3.153619,28.926239,1007.553,-2.0240774,-0.58999634,2.0240774,0.58999634,False,False,False,False,False,False,test,no_reliable_analogs,,,,,0,,
2021-09-25 12:00:00,2021-10-02 12:00:00,7,13.5,74.99999999999999,Karnataka,10,2021,7.3571186,24.777649,1007.55096,2.8240204,1.8764791,-0.20977783,7.0296926,27.089508,1006.5662,0.32742596,-2.3118591,0.32742596,2.3118591,False,False,False,True,False,False,test,no_reliable_analogs,,,,,0,,
2021-07-18 12:00:00,2021-07-25 12:00:00,7,10.499999999999996,79.49999999999999,Tamil Nadu,7,2021,1.2324007,30.276276,1005.5803,6.00194,-1.0667984,-0.062927246,2.1241696,30.599731,1005.4104,-0.89176893,-0.3234558,0.89176893,0.3234558,False,False,False,False,False,False,test,ok,0.0,0.0,1.045152986049652,0.9055145263671875,10,0.3250192075967789,0.27672120928764343
2021-06-13 00:00:00,2021-06-20 00:00:00,7,24.0,73.5,Rajasthan,6,2021,3.4459746,25.147186,1004.4861,3.7146661,2.492427,-0.5847168,48.135674,24.80832,1002.6636,-44.689697,0.3388672,44.689697,0.3388672,False,False,True,False,False,False,test,no_reliable_analogs,,,,,0,,
2021-07-19 00:00:00,2021-07-26 00:00:00,7,20.999999999999993,73.5,Gujarat,7,2021,17.953957,24.47528,1002.9176,5.9864125,5.298895,0.19021606,22.46122,25.322662,1002.43524,-4.507263,-0.8473816,4.507263,0.8473816,False,False,False,False,False,False,test,no_reliable_analogs,,,,,0,,
2021-09-14 00:00:00,2021-09-21 00:00:00,7,29.999999999999993,74.99999999999999,Punjab,9,2021,0.8233452,26.096497,1005.29224,1.5055276,0.32613942,-0.31359863,1.4728551,28.38086,1004.42584,-0.6495099,-2.2843628,0.6495099,2.2843628,False,False,False,False,False,False,test,ok,0.0,0.1,2.7265285205823604,1.8026153564453125,10,0.3716164603829384,0.15144358575344086
2021-06-07 12:00:00,2021-06-14 12:00:00,7,26.999999999999996,81.0,Uttar Pradesh,6,2021,47.964733,27.37027,993.19586,4.9023976,-4.4495697,0.29275513,33.690445,27.136078,995.16766,14.274288,0.2341919,14.274288,0.2341919,False,False,False,False,False,False,test,no_reliable_analogs,,,,,0,,
2021-06-17 00:00:00,2021-06-24 00:00:00,7,31.499999999999993,78.0,Himachal Pradesh,6,2021,1.1177415,5.085541,1012.93384,1.13127,0.7265362,0.19265747,1.9475762,4.8312073,1016.20905,-0.8298347,0.2543335,0.8298347,0.2543335,False,False,False,False,False,False,test,ok,0.0,0.1,2.2696212023496627,1.146331787109375,10,0.28727763518691063,0.11382227391004562
2021-07-06 00:00:00,2021-07-13 00:00:00,7,24.0,78.0,Madhya Pradesh,7,2021,5.611142,24.655365,1000.76666,1.0890371,3.0651176,-0.59228516,0.63348275,28.170563,1001.6448,4.977659,-3.5151978,4.977659,3.5151978,False,True,False,True,False,False,test,ok,0.0,0.0,7.847218036651611,2.324102783203125,5,0.5519725441932678,0.4634755849838257
2021-06-20 00:00:00,2021-06-27 00:00:00,7,11.999999999999991,74.99999999999999,Kerala,6,2021,2.1117592,25.881256,1009.0168,4.7808204,-1.225249,0.5578613,6.2818193,25.561127,1009.3193,-4.17006,0.3201294,4.17006,0.3201294,False,False,False,False,False,False,test,no_reliable_analogs,,,,,0,,
2021-07-28 12:00:00,2021-08-04 12:00:00,7,11.999999999999991,73.5,Lakshadweep,8,2021,6.975002,28.06131,1010.2955,8.623825,4.373373,0.55029297,6.992849,28.139587,1010.7609,-0.017847061,-0.07827759,0.017847061,0.07827759,False,False,False,False,False,False,test,no_reliable_analogs,,,,,0,,
2021-06-16 00:00:00,2021-06-23 00:00:00,7,20.999999999999993,72.0,Gujarat,6,2021,1.1708537,27.736298,1006.3816,4.6101665,-0.7356876,-0.17630005,0.54127073,28.242004,1005.03296,0.629583,-0.5057068,0.629583,0.5057068,False,False,False,False,False,False,test,ok,0.0,0.0,0.3373704493045807,1.4237579345703124,10,0.4346561819314957,0.3223617672920227
2021-07-24 12:00:00,2021-07-31 12:00:00,7,29.999999999999993,81.0,Uttarakhand,7,2021,9.845419,13.1067505,1006.01447,1.708743,0.6337013,0.002319336,5.268664,14.225281,1007.1844,4.576755,-1.1185303,4.576755,1.1185303,False,False,False,False,False,False,test,ok,0.0,0.0,4.933944511413574,1.325848388671875,10,0.35529427528381347,0.18550238013267517
2021-07-10 00:00:00,2021-07-17 00:00:00,7,20.999999999999993,83.99999999999999,Odisha,7,2021,2.6049378,25.156982,1004.752,1.402891,-0.08425689,0.36010742,1.072899,28.419678,1006.26117,1.5320388,-3.2626953,1.5320388,3.2626953,False,True,False,True,False,False,test,ok,0.0,0.2,1.6689521044492721,2.173968505859375,10,0.37471447587013246,0.25960880517959595
2021-09-08 12:00:00,2021-09-15 12:00:00,7,28.499999999999982,73.5,Rajasthan,9,2021,0.5274442,32.526,1000.4606,6.8567767,-0.45860875,1.3565063,0.012156255,34.523865,1002.72736,0.51528794,-1.9978638,0.51528794,1.9978638,False,False,False,False,False,False,test,no_reliable_analogs,,,,,0,,
2021-08-24 12:00:00,2021-08-31 12:00:00,7,20.999999999999993,88.49999999999999,West Bengal,8,2021,14.52409,28.195984,1005.6127,5.696109,3.3743715,0.37631226,7.8475475,29.109467,1006.55396,6.6765423,-0.91348267,6.6765423,0.91348267,False,False,False,False,False,False,test,no_reliable_analogs,,,,,0,,
2021-07-05 00:00:00,2021-07-12 00:00:00,7,16.499999999999993,74.99999999999999,Karnataka,7,2021,12.3990555,22.279877,1003.64984,4.2709746,-9.685772,0.14736938,20.967398,23.481598,1003.206,-8.568342,-1.2017212,8.568342,1.2017212,False,False,False,False,False,False,test,no_reliable_analogs,,,,,0,,
2021-06-16 00:00:00,2021-06-23 00:00:00,7,28.499999999999982,76.5,Haryana,6,2021,0.0008517202,31.798126,1001.183,4.5833263,-0.06284167,0.5777283,0.0004458948,30.951416,1001.0,0.0004058254,0.8467102,0.0004058254,0.8467102,False,False,False,False,False,False,test,no_reliable_analogs,,,,,0,,
2021-09-03 12:00:00,2021-09-10 12:00:00,7,28.499999999999982,72.0,Rajasthan,9,2021,0.52336144,35.378082,998.2516,6.5102425,-0.24679565,0.5946045,2.0192554,33.613678,999.4158,-1.495894,1.7644043,1.495894,1.7644043,False,False,False,False,False,False,test,no_reliable_analogs,,,,,0,,
2021-08-13 12:00:00,2021-08-20 12:00:00,7,16.499999999999993,82.5,Andhra Pradesh,8,2021,16.723347,28.087677,1003.4593,5.0432863,15.078322,-0.41308594,22.803343,28.44815,1004.41736,-6.079996,-0.36047363,6.079996,0.36047363,False,False,False,False,False,False,test,no_reliable_analogs,,,,,0,,
2021-07-28 12:00:00,2021-08-04 12:00:00,7,34.49999999999999,78.0,Jammu and Kashmir,8,2021,1.0581229,8.101776,1010.4586,1.8918251,-0.02264607,-0.47973633,2.503243,9.587189,1010.0218,-1.4451201,-1.4854126,1.4451201,1.4854126,False,False,False,False,False,False,test,ok,0.0,0.4,1.2587243630550802,2.9303680419921876,10,0.3807691365480423,0.34008651971817017
2021-09-05 12:00:00,2021-09-12 12:00:00,7,28.499999999999982,74.99999999999999,Rajasthan,9,2021,14.506238,27.164093,998.68146,3.8664382,-43.523186,0.5609436,17.511415,28.72644,999.5759,-3.0051775,-1.5623474,3.0051775,1.5623474,False,False,False,False,False,False,test,no_reliable_analogs,,,,,0,,
2021-08-30 00:00:00,2021-09-06 00:00:00,7,26.999999999999996,88.49999999999999,West Bengal,9,2021,21.770119,18.306427,1009.791,0.9128036,1.8894958,0.04675293,16.232296,20.127014,1011.5082,5.5378227,-1.8205872,5.5378227,1.8205872,False,False,False,False,False,False,test,ok,0.0,0.0,7.5334772109985355,1.46510009765625,10,0.4632746309041977,0.30792900919914246
2021-09-24 12:00:00,2021-10-01 12:00:00,7,18.0,82.5,Andhra Pradesh,10,2021,6.105247,25.000732,1005.3468,1.5166556,-1.1189408,-0.105895996,0.93180597,28.416962,1007.94946,5.173441,-3.4162292,5.173441,3.4162292,False,True,False,True,False,False,test,no_reliable_analogs,,,,,0,,
2021-06-19 00:00:00,2021-06-26 00:00:00,7,36.0,78.0,Jammu and Kashmir,6,2021,0.29711226,-8.086609,1019.26685,1.2532725,0.18009025,-0.6134949,0.54247457,-11.070923,1020.56537,-0.24536231,2.984314,0.24536231,2.984314,False,False,False,False,False,False,test,ok,0.0,0.0,1.0228586554527284,1.3227203369140625,10,0.3364299774169922,0.2829107940196991
2021-07-14 12:00:00,2021-07-21 12:00:00,7,28.499999999999982,76.5,Haryana,7,2021,17.522446,29.070465,997.84686,1.429423,15.3870125,-3.213745,2.8247042,33.510925,994.40564,14.6977415,-4.44046,14.6977415,4.44046,False,True,True,True,False,False,test,no_reliable_analogs,,,,,0,,
2021-07-23 12:00:00,2021-07-30 12:00:00,7,28.499999999999982,88.49999999999999,Sikkim,7,2021,3.1981647,8.321167,1008.0916,2.7888756,-1.235563,-0.17456055,4.4330926,10.52182,1008.3172,-1.2349279,-2.200653,1.2349279,2.200653,False,False,False,False,False,False,test,ok,0.0,0.0,3.9268325169881186,1.6064046223958333,9,0.3705656561586592,0.3081669509410858
2021-08-19 12:00:00,2021-08-26 12:00:00,7,16.499999999999993,79.49999999999999,Andhra Pradesh,8,2021,2.3560119,29.463531,1003.0215,2.1468515,-0.7702966,0.14916992,4.7347245,29.990906,1002.93585,-2.3787127,-0.52737427,2.3787127,0.52737427,False,False,False,False,False,False,test,ok,0.0,0.0,1.0598221570253372,1.6411224365234376,10,0.32473908066749574,0.2526105046272278
2021-08-18 00:00:00,2021-08-25 00:00:00,7,25.49999999999999,82.5,Uttar Pradesh,8,2021,1.074266,27.910645,999.6197,5.2723236,-1.380686,0.2517395,5.435514,27.603516,1001.1102,-4.361248,0.3071289,4.361248,0.3071289,False,False,False,False,False,False,test,ok,0.14285714285714285,0.0,5.84196366582598,0.9981209891183036,7,0.5060526090008872,0.2969008684158325
2021-07-17 12:00:00,2021-07-24 12:00:00,7,28.499999999999982,70.49999999999999,Rajasthan,7,2021,0.66096675,36.98517,994.9832,4.274045,0.65628356,-5.554352,0.057817332,40.88977,994.97595,0.6031494,-3.904602,0.6031494,3.904602,False,True,False,True,False,False,test,no_reliable_analogs,,,,,0,,
2021-08-01 00:00:00,2021-08-08 00:00:00,7,25.49999999999999,83.99999999999999,Bihar,8,2021,8.290319,26.263855,1003.41455,1.2734997,0.96841526,-0.04525757,19.834423,27.54123,1003.1166,-11.544104,-1.2773743,11.544104,1.2773743,False,False,False,False,False,False,test,ok,0.0,0.3,5.020526695251465,2.2106414794921876,10,0.4905286133289337,0.3644874095916748
2021-06-04 12:00:00,2021-06-11 12:00:00,7,9.0,76.5,Kerala,6,2021,3.9788914,26.729767,1007.9504,5.467993,-3.4348717,1.1909485,2.3933187,28.6221,1007.6319,1.5855727,-1.892334,1.5855727,1.892334,False,False,False,False,False,False,test,no_reliable_analogs,,,,,0,,
2021-06-24 00:00:00,2021-07-01 00:00:00,7,22.5,88.49999999999999,West Bengal,7,2021,0.4521507,29.299469,997.7218,4.7885303,0.37861606,0.09072876,6.8046007,27.45755,1000.0765,-6.35245,1.841919,6.35245,1.841919,False,False,False,False,False,False,test,ok,0.1,0.0,4.206864184141159,1.1461883544921876,10,0.44955400228500364,0.3695334196090698
2021-07-31 12:00:00,2021-08-07 12:00:00,7,22.5,76.5,Madhya Pradesh,8,2021,9.855129,26.910553,1003.6089,3.5105429,4.1676025,0.045837402,10.839625,26.23117,1003.5016,-0.9844961,0.6793823,0.9844961,0.6793823,False,False,False,False,False,False,test,ok,0.1,0.0,14.039888143539429,1.8186553955078124,10,0.527937114238739,0.40176311135292053
2021-07-20 12:00:00,2021-07-27 12:00:00,7,25.49999999999999,74.99999999999999,Rajasthan,7,2021,2.545061,28.425049,995.59436,5.27013,2.3883255,-1.4863586,33.03595,26.832642,998.07196,-30.490889,1.5924072,30.490889,1.5924072,False,False,True,False,False,False,test,no_reliable_analogs,,,,,0,,
2021-07-11 12:00:00,2021-07-18 12:00:00,7,19.499999999999996,76.5,Maharashtra,7,2021,4.0569367,28.836731,1002.7612,2.6126206,-3.1260738,1.6805115,8.427074,28.823029,1002.3795,-4.3701377,0.013702393,4.3701377,0.013702393,False,False,False,False,False,False,test,no_reliable_analogs,,,,,0,,
2021-09-10 00:00:00,2021-09-17 00:00:00,7,10.499999999999996,76.5,Kerala,9,2021,4.1048813,22.547089,1007.8482,2.2248375,-3.1489663,0.0020141602,4.2066836,24.548004,1008.40784,-0.10180235,-2.0009155,0.10180235,2.0009155,False,False,False,False,False,False,test,ok,0.0,0.0,2.4326071739196777,1.354644775390625,8,0.40305826254189014,0.23434023559093475
2021-07-15 12:00:00,2021-07-22 12:00:00,7,18.0,79.49999999999999,Andhra Pradesh,7,2021,24.329258,26.268616,998.6278,4.8825564,-1.9332523,0.7731018,80.25112,25.00119,997.0954,-55.921864,1.2674255,55.921864,1.2674255,True,False,True,False,True,False,test,no_reliable_analogs,,,,,0,,
2021-07-15 00:00:00,2021-07-22 00:00:00,7,19.499999999999996,82.5,Odisha,7,2021,33.500534,22.408264,1000.09827,2.0245297,17.864574,-0.24099731,12.5660305,23.953339,997.7902,20.934504,-1.5450745,20.934504,1.5450745,False,False,True,False,False,False,test,no_reliable_analogs,,,,,0,,
2021-08-15 12:00:00,2021-08-22 12:00:00,7,34.49999999999999,76.5,Jammu and Kashmir,8,2021,0.22788344,12.122131,1010.87524,1.6769406,-0.62290674,0.8512573,1.7888461,11.720459,1015.1774,-1.5609627,0.40167236,1.5609627,0.40167236,False,False,False,False,False,False,test,ok,0.0,0.0,0.32929266393184664,1.592340087890625,5,0.39215665459632876,0.29126977920532227
2021-09-01 12:00:00,2021-09-08 12:00:00,7,22.5,69.0,Gujarat,9,2021,0.5285056,27.73819,1003.0397,5.9673595,0.10045177,-0.07394409,4.4388423,28.31009,999.7171,-3.9103367,-0.5718994,3.9103367,0.5718994,False,False,False,False,False,False,test,ok,0.0,0.0,1.8270856663119048,0.62716064453125,10,0.35368253886699674,0.3131480813026428
2021-06-26 00:00:00,2021-07-03 00:00:00,7,11.999999999999991,79.49999999999999,Tamil Nadu,7,2021,0.13792992,27.336212,1005.3554,3.2387846,-1.1178074,1.0098572,7.1733966,26.523834,1007.1345,-7.0354667,0.8123779,7.0354667,0.8123779,False,False,False,False,False,False,test,no_reliable_analogs,,,,,0,,
2021-07-28 12:00:00,2021-08-04 12:00:00,7,28.499999999999982,97.49999999999999,Arunachal Pradesh,8,2021,6.2106133,11.582062,1011.4293,0.80430126,-2.6233377,0.57629395,2.712673,14.89386,1009.4451,3.4979403,-3.311798,3.4979403,3.311798,False,True,False,True,False,False,test,ok,0.0,0.3,2.732106566429138,2.4566558837890624,10,0.3371764674782753,0.24673013389110565
2021-08-18 00:00:00,2021-08-25 00:00:00,7,28.499999999999982,76.5,Haryana,8,2021,0.9442273,27.942352,999.4529,6.6872253,-1.3387549,0.7574768,2.2303116,30.394623,999.77814,-1.2860844,-2.4522705,1.2860844,2.4522705,False,False,False,False,False,False,test,no_reliable_analogs,,,,,0,,
2021-07-02 12:00:00,2021-07-09 12:00:00,7,34.49999999999999,73.5,Jammu and Kashmir,7,2021,0.08780139,27.000854,1002.3334,2.1700244,0.07764271,-1.7064819,0.841073,26.830597,1004.1996,-0.7532716,0.17025757,0.7532716,0.17025757,False,False,False,False,False,False,test,no_reliable_analogs,,,,,0,,
2021-07-20 00:00:00,2021-07-27 00:00:00,7,26.999999999999996,81.0,Uttar Pradesh,7,2021,16.20489,26.791138,995.29486,1.4580479,-3.0075436,0.54467773,9.324682,28.311798,994.9968,6.880207,-1.5206604,6.880207,1.5206604,False,False,False,False,False,False,test,no_reliable_analogs,,,,,0,,
2021-08-16 00:00:00,2021-08-23 00:00:00,7,31.499999999999993,74.99999999999999,Punjab,8,2021,2.8823175,26.057068,1002.4572,1.2373685,1.023012,0.05480957,8.441546,25.327423,1003.2651,-5.559229,0.7296448,5.559229,0.7296448,False,False,False,False,False,False,test,ok,0.0,0.2,4.366313384473324,1.8822265625,10,0.33666685223579407,0.1785311996936798
2021-06-21 00:00:00,2021-06-28 00:00:00,7,28.499999999999982,91.5,Arunachal Pradesh,6,2021,5.503464,5.5707703,1015.03143,1.1465056,-2.7447734,-0.39431763,5.2289443,7.117279,1016.05396,0.27451992,-1.5465088,0.27451992,1.5465088,False,False,False,False,False,False,test,ok,0.0,0.0,3.8688442707061768,1.4723701477050781,8,0.4221474677324295,0.3441409170627594
2021-08-06 12:00:00,2021-08-13 12:00:00,7,25.49999999999999,83.99999999999999,Bihar,8,2021,2.038812,31.591492,998.5828,3.447345,1.4978838,-0.40896606,2.4410832,31.928223,999.77875,-0.40227127,-0.33673096,0.40227127,0.33673096,False,False,False,False,False,False,test,ok,0.0,0.0,4.314527130126953,1.425579833984375,5,0.5203930497169494,0.45597171783447266
2021-09-28 00:00:00,2021-10-05 00:00:00,7,25.49999999999999,70.49999999999999,Rajasthan,10,2021,0.013064154,24.096039,1006.84845,3.4418452,-0.06262835,0.09439087,0.023833876,25.87857,1006.17914,-0.010769722,-1.7825317,0.010769722,1.7825317,False,False,False,False,False,False,test,ok,0.0,0.0,0.02948507987384801,1.00289306640625,10,0.41357006430625914,0.2768396735191345
2021-06-23 00:00:00,2021-06-30 00:00:00,7,10.499999999999996,78.0,Tamil Nadu,6,2021,0.9886961,24.219635,1007.4902,2.748624,0.0839777,-0.622345,1.4955348,26.823334,1008.1445,-0.5068387,-2.6036987,0.5068387,2.6036987,False,False,False,True,False,False,test,ok,0.0,0.0,0.3677606493234634,2.21650390625,5,0.25401616394519805,0.13761942088603973
2021-06-26 12:00:00,2021-07-03 12:00:00,7,28.499999999999982,72.0,Rajasthan,7,2021,0.0,40.21817,993.3328,6.8432617,0.0,-0.695282,0.0044642943,40.495483,997.1325,-0.0044642943,-0.27731323,0.0044642943,0.27731323,False,False,False,False,False,False,test,ok,0.0,0.25,1.4765939575154334,2.1287460327148438,8,0.42788050323724747,0.2900632321834564
2021-07-22 12:00:00,2021-07-29 12:00:00,7,9.0,79.49999999999999,Tamil Nadu,7,2021,0.004030494,28.165222,1006.90173,9.559889,0.0025467156,-0.35479736,0.0038745515,28.664612,1006.9343,0.00015594251,-0.49938965,0.00015594251,0.49938965,False,False,False,False,False,False,test,ok,0.0,0.0,0.220004852861166,0.5960744222005209,6,0.3100421130657196,0.25747954845428467
2021-07-09 00:00:00,2021-07-16 00:00:00,7,20.999999999999993,76.5,Maharashtra,7,2021,10.246194,24.153687,1000.51447,2.1863494,1.1262417,-0.41137695,4.5170765,26.563934,1003.4989,5.7291174,-2.4102478,5.7291174,2.4102478,False,False,False,False,False,False,test,ok,0.0,0.14285714285714285,7.441531317574637,1.7330583844866072,7,0.4921526142529079,0.4373062252998352
2021-08-26 12:00:00,2021-09-02 12:00:00,7,25.49999999999999,70.49999999999999,Rajasthan,9,2021,0.12659842,38.38159,998.5722,3.972665,0.10168592,0.5296631,4.5712924,32.54425,1000.2455,-4.444694,5.8373413,4.444694,5.8373413,False,True,False,True,False,False,test,no_reliable_analogs,,,,,0,,
2021-07-17 00:00:00,2021-07-24 00:00:00,7,26.999999999999996,81.0,Uttar Pradesh,7,2021,5.685259,27.14627,997.33026,2.3461633,-2.0664482,0.46032715,1.3062228,29.901886,997.5218,4.379036,-2.7556152,4.379036,2.7556152,False,False,False,False,False,False,test,ok,0.0,0.1,2.9549057483673096,1.8100250244140625,10,0.434984090924263,0.3566008508205414
2021-09-25 12:00:00,2021-10-02 12:00:00,7,25.49999999999999,92.99999999999999,Assam,10,2021,8.859424,23.833405,1007.3677,1.1756731,-5.4325953,0.21743774,11.32319,26.698822,1007.9842,-2.463766,-2.8654175,2.463766,2.8654175,False,False,False,False,False,False,test,ok,0.0,0.3,2.3804654121398925,2.5185455322265624,10,0.4551218420267105,0.290033757686615
2021-09-27 00:00:00,2021-10-04 00:00:00,7,25.49999999999999,91.5,Meghalaya,10,2021,18.61896,22.08847,1008.9469,1.21785,-2.9803448,0.0697937,13.177485,23.994995,1008.0064,5.441474,-1.9065247,5.441474,1.9065247,False,False,False,False,False,False,test,no_reliable_analogs,,,,,0,,
2021-09-17 00:00:00,2021-09-24 00:00:00,7,16.499999999999993,73.5,Maharashtra,9,2021,6.29344,24.235413,1008.4011,2.9019759,1.726057,0.2420044,9.956588,24.593903,1008.65546,-3.663148,-0.35849,3.663148,0.35849,False,False,False,False,False,False,test,ok,0.0,0.0,3.4513458251953124,0.8282501220703125,10,0.3701133280992508,0.18501564860343933
2021-09-27 12:00:00,2021-10-04 12:00:00,7,11.999999999999991,72.0,Lakshadweep,10,2021,18.191254,27.217834,1006.025,6.4242435,5.315959,0.122558594,2.9914682,28.003143,1005.85034,15.199785,-0.78530884,15.199785,0.78530884,False,False,False,False,False,False,test,no_reliable_analogs,,,,,0,,
2021-07-02 00:00:00,2021-07-09 00:00:00,7,25.49999999999999,82.5,Uttar Pradesh,7,2021,2.3400705,28.760803,998.14935,2.8024845,2.30113,-1.2081299,9.087416,27.011963,1001.12866,-6.747345,1.7488403,6.747345,1.7488403,False,False,False,False,False,False,test,ok,0.1,0.2,5.185725706815719,1.414642333984375,10,0.504964554309845,0.4003727436065674
2021-08-18 00:00:00,2021-08-25 00:00:00,7,26.999999999999996,94.5,Assam,8,2021,19.805122,24.485168,1000.79095,2.48147,3.4385662,-0.17376709,11.465072,25.79419,1002.4565,8.340051,-1.309021,8.340051,1.309021,False,False,False,False,False,False,test,no_reliable_analogs,,,,,0,,
2021-06-24 12:00:00,2021-07-01 12:00:00,7,28.499999999999982,94.5,Arunachal Pradesh,7,2021,56.71277,17.611572,1003.9055,0.72998565,19.365952,-0.1586914,18.110315,17.438232,1004.12427,38.602455,0.17333984,38.602455,0.17333984,False,False,True,False,False,False,test,no_reliable_analogs,,,,,0,,
2021-08-08 12:00:00,2021-08-15 12:00:00,7,28.499999999999982,79.49999999999999,Uttar Pradesh,8,2021,0.8224597,31.837677,998.8069,2.719702,-0.15547055,-0.10391235,2.1791058,32.970245,999.40735,-1.3566461,-1.1325684,1.3566461,1.1325684,False,False,False,False,False,False,test,ok,0.1,0.2,3.6198765099048615,1.63525390625,10,0.4282429665327072,0.2963525354862213
2021-07-20 12:00:00,2021-07-27 12:00:00,7,26.999999999999996,83.99999999999999,Uttar Pradesh,7,2021,30.087498,28.353638,993.8465,1.4139992,4.5679264,0.14529419,25.373272,30.297028,994.2953,4.714226,-1.9433899,4.714226,1.9433899,False,False,False,False,False,False,test,no_reliable_analogs,,,,,0,,
2021-06-15 12:00:00,2021-06-22 12:00:00,7,11.999999999999991,94.5,Andaman and Nicobar,6,2021,12.341055,28.383728,1006.3081,10.387855,-1.2277498,0.5444946,6.2435966,27.535645,1008.0782,6.0974584,0.8480835,6.0974584,0.8480835,False,False,False,False,False,False,test,no_reliable_analogs,,,,,0,,
2021-09-16 00:00:00,2021-09-23 00:00:00,7,29.999999999999993,73.5,Rajasthan,9,2021,1.3870803,25.709198,1005.93695,1.5778323,-8.592051,0.31643677,16.261055,25.203766,1004.6857,-14.873975,0.5054321,14.873975,0.5054321,True,False,True,False,False,False,test,no_reliable_analogs,,,,,0,,
2021-09-23 12:00:00,2021-09-30 12:00:00,7,26.999999999999996,72.0,Rajasthan,9,2021,0.18647683,31.981873,1003.88196,4.2385197,-0.6016109,1.4339294,0.6382285,33.395172,1005.6844,-0.45175165,-1.4132996,0.45175165,1.4132996,False,False,False,False,False,False,test,ok,0.0,0.14285714285714285,2.1924592833966017,1.3901628766741072,7,0.4342119778905596,0.31141647696495056
2021-06-23 12:00:00,2021-06-30 12:00:00,7,22.5,82.5,Chhattisgarh,6,2021,0.43982795,32.055725,998.3846,2.5959659,0.4033883,-0.30307007,0.46820942,33.38376,999.7695,-0.028381467,-1.3280334,0.028381467,1.3280334,False,False,False,False,False,False,test,ok,0.0,0.1,4.347081229090691,1.4128662109375,10,0.47535479366779326,0.3849159777164459
2021-08-01 12:00:00,2021-08-08 12:00:00,7,18.0,81.0,Chhattisgarh,8,2021,4.2994647,29.264923,1004.633,1.1051903,3.3774436,-1.1357117,0.5815205,32.379547,1004.2771,3.7179441,-3.114624,3.7179441,3.114624,False,True,False,True,False,False,test,no_reliable_analogs,,,,,0,,
2021-07-12 00:00:00,2021-07-19 00:00:00,7,26.999999999999996,85.5,Bihar,7,2021,85.10303,23.532227,1001.214,1.5271856,20.217148,0.41049194,19.324465,25.398376,1002.2015,65.778564,-1.8661499,65.778564,1.8661499,True,False,True,False,False,True,test,no_reliable_analogs,,,,,0,,
2021-08-03 12:00:00,2021-08-10 12:00:00,7,24.0,72.0,Gujarat,8,2021,0.84623,31.916412,1003.58325,4.364004,-1.0807304,0.21942139,0.21805404,33.123505,1003.42993,0.6281759,-1.2070923,0.6281759,1.2070923,False,False,False,False,False,False,test,ok,0.1,0.3,4.213414643704891,2.2018218994140626,10,0.4219306379556656,0.29611027240753174
2021-09-27 12:00:00,2021-10-04 12:00:00,7,24.0,70.49999999999999,Gujarat,10,2021,0.11280878,30.009827,1003.793,3.91063,-0.032134652,-0.3310547,0.073465206,31.659088,1004.739,0.039343573,-1.6492615,0.039343573,1.6492615,False,False,False,False,False,False,test,no_reliable_analogs,,,,,0,,
2021-09-25 12:00:00,2021-10-02 12:00:00,7,26.999999999999996,88.49999999999999,West Bengal,10,2021,9.759259,18.804474,1009.6625,0.88436997,3.5101318,-0.021514893,10.869731,21.318756,1010.6982,-1.1104717,-2.5142822,1.1104717,2.5142822,False,False,False,False,False,False,test,ok,0.0,0.1,3.113217258453369,1.67137451171875,10,0.48351338505744934,0.3241782486438751
2021-08-06 00:00:00,2021-08-13 00:00:00,7,28.499999999999982,92.99999999999999,Arunachal Pradesh,8,2021,23.637117,8.792267,1011.31506,0.57299626,3.0602016,-0.14971924,32.84956,10.261414,1013.0668,-9.212442,-1.4691467,9.212442,1.4691467,False,False,False,False,False,False,test,no_reliable_analogs,,,,,0,,
2021-06-19 12:00:00,2021-06-26 12:00:00,7,26.999999999999996,94.5,Assam,6,2021,16.96636,27.361328,1000.5987,1.361806,-4.88188,0.8760071,8.152264,28.678467,1003.0751,8.814096,-1.3171387,8.814096,1.3171387,False,False,False,False,False,False,test,no_reliable_analogs,,,,,0,,
2021-09-06 00:00:00,2021-09-13 00:00:00,7,32.999999999999986,78.0,Jammu and Kashmir,9,2021,2.8922818,-1.9494629,1017.25256,0.6862133,1.6195376,-1.2433167,5.7091737,-0.28405762,1017.05804,-2.816892,-1.6654053,2.816892,1.6654053,False,False,False,False,False,False,test,no_reliable_analogs,,,,,0,,
2021-09-26 00:00:00,2021-10-03 00:00:00,7,26.999999999999996,72.0,Rajasthan,10,2021,3.2549744,25.57248,1006.5517,3.8931546,3.1758673,-1.4240112,0.021368086,27.132324,1006.9853,3.2336063,-1.559845,3.2336063,1.559845,False,False,False,False,False,False,test,no_reliable_analogs,,,,,0,,
2021-09-20 00:00:00,2021-09-27 00:00:00,7,26.999999999999996,76.5,Rajasthan,9,2021,9.156305,23.298004,1006.7804,3.3734474,-23.70862,-0.020996094,3.733745,26.409332,1006.1306,5.42256,-3.1113281,5.42256,3.1113281,False,True,False,True,False,False,test,no_reliable_analogs,,,,,0,,
2021-08-07 00:00:00,2021-08-14 00:00:00,7,26.999999999999996,76.5,Rajasthan,8,2021,0.0,24.934845,1000.5901,4.9156127,0.0,0.08123779,0.12303066,27.377441,1001.17615,-0.12303066,-2.4425964,0.12303066,2.4425964,False,False,False,False,False,False,test,ok,0.0,0.0,1.1762590941041708,1.7196044921875,10,0.3878745913505554,0.3082754611968994
2021-07-20 12:00:00,2021-07-27 12:00:00,7,18.0,83.99999999999999,Andhra Pradesh,7,2021,0.05032173,30.661041,997.9331,6.270488,-23.887316,1.5446472,0.08082926,30.056152,998.8208,-0.030507531,0.6048889,0.030507531,0.6048889,False,False,False,False,False,False,test,no_reliable_analogs,,,,,0,,
2021-06-22 00:00:00,2021-06-29 00:00:00,7,24.0,83.99999999999999,Jharkhand,6,2021,0.07076749,26.994598,1000.71063,3.6730134,0.037983082,-0.6620178,2.2737732,27.801239,1003.4003,-2.2030058,-0.8066406,2.2030058,0.8066406,False,False,False,False,False,False,test,ok,0.0,0.2,1.5387252409011125,2.1537078857421874,10,0.42917028069496155,0.3119361698627472
2021-07-29 12:00:00,2021-08-05 12:00:00,7,28.499999999999982,88.49999999999999,Sikkim,8,2021,1.037392,10.775085,1007.6807,2.9339075,-1.1590286,1.6847534,2.6048288,11.358704,1007.2964,-1.5674368,-0.58361816,1.5674368,0.58361816,False,False,False,False,False,False,test,no_reliable_analogs,,,,,0,,
2021-06-17 00:00:00,2021-06-24 00:00:00,7,18.0,82.5,Andhra Pradesh,6,2021,4.3043575,23.996582,1006.24854,3.0968819,-0.5520797,-0.07052612,3.6816056,24.18686,1005.73,0.62275195,-0.1902771,0.62275195,0.1902771,False,False,False,False,False,False,test,no_reliable_analogs,,,,,0,,
2021-06-06 12:00:00,2021-06-13 12:00:00,7,18.0,82.5,Andhra Pradesh,6,2021,81.350655,24.162018,996.89734,5.6023693,29.999023,-1.0295105,6.382878,27.197662,998.8331,74.96777,-3.0356445,74.96777,3.0356445,True,True,True,True,False,True,test,no_reliable_analogs,,,,,0,,
2021-06-04 12:00:00,2021-06-11 12:00:00,7,20.999999999999993,79.49999999999999,Maharashtra,6,2021,0.3728938,34.172882,997.2999,2.8253827,-2.7408924,1.0299072,16.105356,27.607635,997.75037,-15.732462,6.5652466,15.732462,6.5652466,True,True,True,True,False,False,test,no_reliable_analogs,,,,,0,,
2021-09-03 12:00:00,2021-09-10 12:00:00,7,20.999999999999993,88.49999999999999,West Bengal,9,2021,3.4188123,28.683167,1002.86884,4.1141496,-4.1750584,0.060150146,0.7304062,29.395569,1000.77155,2.688406,-0.71240234,2.688406,0.71240234,False,False,False,False,False,False,test,ok,0.0,0.0,3.203735572099686,0.4764923095703125,10,0.5137109160423279,0.36395904421806335
2021-07-28 12:00:00,2021-08-04 12:00:00,7,25.49999999999999,82.5,Uttar Pradesh,8,2021,1.7775531,30.779999,998.64166,1.9432213,0.21604085,-0.45498657,0.5110267,31.284973,999.5454,1.2665265,-0.50497437,1.2665265,0.50497437,False,False,False,False,False,False,test,no_reliable_analogs,,,,,0,,
2021-08-04 12:00:00,2021-08-11 12:00:00,7,32.999999999999986,73.5,Jammu and Kashmir,8,2021,1.4864208,32.42697,999.4393,2.0957625,1.015358,-0.93182373,1.2044919,35.34262,999.6902,0.2819289,-2.9156494,0.2819289,2.9156494,False,False,False,False,False,False,test,no_reliable_analogs,,,,,0,,
2021-09-23 12:00:00,2021-09-30 12:00:00,7,14.999999999999996,73.5,Goa,9,2021,10.616359,26.069336,1007.35345,4.3392315,1.198822,-0.12182617,4.3094206,27.468628,1007.94366,6.306938,-1.399292,6.306938,1.399292,False,False,False,False,False,False,test,ok,0.0,0.0,4.3531749725341795,0.3704193115234375,10,0.4434987187385559,0.3809361755847931
2021-08-01 12:00:00,2021-08-08 12:00:00,7,32.999999999999986,76.5,Himachal Pradesh,8,2021,1.2155614,11.947144,1012.98944,1.1835619,-0.18585122,-0.33139038,1.9674474,11.914215,1011.8334,-0.751886,0.032928467,0.751886,0.032928467,False,False,False,False,False,False,test,ok,0.0,0.14285714285714285,2.1540166650499617,2.417415073939732,7,0.3746758592980249,0.2007158398628235
2021-07-26 12:00:00,2021-08-02 12:00:00,7,34.49999999999999,74.99999999999999,Jammu and Kashmir,8,2021,2.8985183,15.253235,1006.3528,1.3538864,1.3686852,0.23022461,8.755108,17.457642,1007.30383,-5.8565893,-2.2044067,5.8565893,2.2044067,False,False,False,False,False,False,test,no_reliable_analogs,,,,,0,,
2021-07-07 00:00:00,2021-07-14 00:00:00,7,36.0,78.0,Jammu and Kashmir,7,2021,1.0132276,-3.2283936,1015.68555,1.2180984,-2.1421065,0.7225647,3.1861327,-2.274231,1018.61725,-2.172905,-0.9541626,2.172905,0.9541626,False,False,False,False,False,False,test,no_reliable_analogs,,,,,0,,
2021-08-29 00:00:00,2021-09-05 00:00:00,7,25.49999999999999,74.99999999999999,Rajasthan,9,2021,2.0996318,24.47052,1003.51404,3.0675688,1.586538,0.33078003,0.71964353,27.066345,1004.04266,1.3799882,-2.5958252,1.3799882,2.5958252,False,False,False,False,False,False,test,ok,0.0,0.2,1.4640835081227124,1.8964447021484374,10,0.4771443337202072,0.4158800542354584
2021-08-28 00:00:00,2021-09-04 00:00:00,7,9.0,92.99999999999999,Andaman and Nicobar,9,2021,5.4773316,27.678467,1008.4977,5.9113874,0.89225006,-0.036621094,2.0351918,27.52069,1008.10156,3.4421399,0.15777588,3.4421399,0.15777588,False,False,False,False,False,False,test,ok,0.0,0.0,5.4159414238399926,0.2691718207465278,9,0.38942550619443256,0.2666245698928833
2021-09-30 12:00:00,2021-10-07 12:00:00,7,22.5,79.49999999999999,Madhya Pradesh,10,2021,0.8841993,27.842834,1005.5975,0.9380499,0.01851064,0.12561035,0.8491154,30.626923,1005.2927,0.03508395,-2.7840881,0.03508395,2.7840881,False,False,False,False,False,False,test,ok,0.0,0.2,0.4899376907153055,2.439892578125,10,0.3719395399093628,0.27384310960769653
2021-09-24 00:00:00,2021-10-01 00:00:00,7,20.999999999999993,82.5,Chhattisgarh,10,2021,12.039032,23.129242,1006.4015,1.4573933,0.023685455,-0.48571777,9.37605,26.372864,1009.04456,2.662982,-3.2436218,2.662982,3.2436218,False,True,False,True,False,False,test,no_reliable_analogs,,,,,0,,
2021-06-10 12:00:00,2021-06-17 12:00:00,7,28.499999999999982,81.0,Uttar Pradesh,6,2021,18.350824,26.723938,998.47656,2.0012972,16.527763,-3.3901062,52.68263,24.776031,1000.9178,-34.331802,1.9479065,34.331802,1.9479065,False,False,True,False,False,False,test,no_reliable_analogs,,,,,0,,
2021-08-10 12:00:00,2021-08-17 12:00:00,7,20.999999999999993,83.99999999999999,Odisha,8,2021,12.828179,27.600006,1002.2311,1.7959197,-3.0501661,0.03652954,10.4441595,28.300446,1001.82556,2.3840199,-0.70043945,2.3840199,0.70043945,False,False,False,False,False,False,test,ok,0.0,0.0,7.509981738196479,1.0951809353298612,9,0.5082185963789622,0.44424310326576233
2021-08-05 00:00:00,2021-08-12 00:00:00,7,29.999999999999993,74.99999999999999,Punjab,8,2021,0.0,28.69931,999.8641,3.1182077,-0.011080212,-0.66000366,0.026503349,29.388855,1001.8218,-0.026503349,-0.6895447,0.026503349,0.6895447,False,False,False,False,False,False,test,no_reliable_analogs,,,,,0,,
2021-06-03 00:00:00,2021-06-10 00:00:00,7,25.49999999999999,90.0,Meghalaya,6,2021,31.807297,24.537506,998.5368,2.7638774,-31.71172,-0.07501221,11.101762,27.777527,1000.3055,20.705536,-3.2400208,20.705536,3.2400208,False,True,True,True,False,False,test,no_reliable_analogs,,,,,0,,
2021-07-07 00:00:00,2021-07-14 00:00:00,7,20.999999999999993,82.5,Chhattisgarh,7,2021,2.805358,24.280548,1000.5083,1.3113457,0.18986225,0.011352539,7.0049663,26.559082,1001.68256,-4.1996083,-2.278534,4.1996083,2.278534,False,False,False,False,False,False,test,ok,0.0,0.3,5.257203149795532,2.4506988525390625,10,0.42138420790433884,0.20227716863155365
2021-07-25 12:00:00,2021-08-01 12:00:00,7,24.0,83.99999999999999,Jharkhand,8,2021,33.02851,26.720276,991.87616,4.4982424,17.87041,0.4744568,25.751999,28.579803,997.4135,7.276512,-1.8595276,7.276512,1.8595276,False,False,False,False,False,False,test,no_reliable_analogs,,,,,0,,
2021-08-31 00:00:00,2021-09-07 00:00:00,7,24.0,74.99999999999999,Madhya Pradesh,9,2021,7.6091423,23.986511,1005.05646,1.4114597,-0.3768034,-0.33700562,3.8082683,26.277435,1004.39026,3.800874,-2.290924,3.800874,2.290924,False,False,False,False,False,False,test,ok,0.0,0.3,5.1240878224372866,2.52425537109375,10,0.4249622881412506,0.2970633804798126
2021-07-03 00:00:00,2021-07-10 00:00:00,7,9.0,76.5,Kerala,7,2021,24.332916,24.385956,1007.82526,7.057804,1.3516998,0.15405273,50.121555,24.678497,1007.9568,-25.78864,-0.2925415,25.78864,0.2925415,False,False,True,False,False,False,test,no_reliable_analogs,,,,,0,,
2021-07-22 12:00:00,2021-07-29 12:00:00,7,28.499999999999982,74.99999999999999,Rajasthan,7,2021,0.64459074,30.8367,993.43726,4.5498238,-3.591457,-0.72442627,5.6654196,29.426544,995.7165,-5.0208287,1.4101562,5.0208287,1.4101562,False,False,False,False,False,False,test,no_reliable_analogs,,,,,0,,
2021-07-12 00:00:00,2021-07-19 00:00:00,7,20.999999999999993,73.5,Gujarat,7,2021,11.91537,24.727936,1004.07385,4.1425567,2.054224,0.18051147,15.316433,25.942383,1002.4602,-3.401063,-1.214447,3.401063,1.214447,False,False,False,False,False,False,test,ok,0.0,0.0,4.2114328145980835,1.5542755126953125,6,0.4587989201148351,0.31791922450065613
2021-07-19 00:00:00,2021-07-26 00:00:00,7,32.999999999999986,79.49999999999999,Jammu and Kashmir,7,2021,5.8607326,6.218811,1012.5005,1.5383996,-0.13437414,0.41363525,7.921773,8.039398,1015.4026,-2.0610404,-1.8205872,2.0610404,1.8205872,False,False,False,False,False,False,test,no_reliable_analogs,,,,,0,,
2021-07-25 00:00:00,2021-08-01 00:00:00,7,10.499999999999996,78.0,Tamil Nadu,8,2021,0.21396786,24.069397,1009.3248,3.1570954,-0.0014172196,-0.26367188,0.15374526,25.523254,1009.9357,0.060222596,-1.4538574,0.060222596,1.4538574,False,False,False,False,False,False,test,ok,0.0,0.0,1.039862447977066,1.9269378662109375,10,0.22238761186599731,0.16147436201572418
2021-09-17 12:00:00,2021-09-24 12:00:00,7,24.0,94.5,Manipur,9,2021,5.256249,24.68454,1007.21606,0.7377603,-6.2336087,0.7959595,2.3379433,28.399567,1006.44116,2.9183056,-3.7150269,2.9183056,3.7150269,False,True,False,True,False,False,test,no_reliable_analogs,,,,,0,,
2021-06-30 00:00:00,2021-07-07 00:00:00,7,16.499999999999993,78.0,Andhra Pradesh,7,2021,8.202293,23.808716,1006.5394,3.4099588,-2.071806,-0.17901611,5.222943,26.342682,1005.64667,2.9793506,-2.533966,2.9793506,2.533966,False,False,False,True,False,False,test,no_reliable_analogs,,,,,0,,
2021-07-08 12:00:00,2021-07-15 12:00:00,7,28.499999999999982,79.49999999999999,Uttar Pradesh,7,2021,1.1565429,32.589966,999.1895,3.0203974,-1.7741886,0.6478882,1.1932701,32.959198,1001.58594,-0.03672719,-0.36923218,0.03672719,0.36923218,False,False,False,False,False,False,test,ok,0.0,0.0,4.730213052034378,1.30574951171875,5,0.44445760846138,0.3178287744522095
2021-08-28 12:00:00,2021-09-04 12:00:00,7,10.499999999999996,78.0,Tamil Nadu,9,2021,0.62777835,29.22522,1005.40515,3.6101093,0.14944702,-0.63494873,5.5435214,27.500854,1006.86194,-4.915743,1.7243652,4.915743,1.7243652,False,False,False,False,False,False,test,no_reliable_analogs,,,,,0,,
2021-06-13 00:00:00,2021-06-20 00:00:00,7,18.0,83.99999999999999,Andhra Pradesh,6,2021,2.508342,28.379944,1002.85706,6.521353,-8.599703,1.4133911,0.82160723,28.94217,1004.63086,1.6867348,-0.56222534,1.6867348,0.56222534,False,False,False,False,False,False,test,no_reliable_analogs,,,,,0,,
2021-06-13 00:00:00,2021-06-20 00:00:00,7,28.499999999999982,88.49999999999999,Sikkim,6,2021,0.60635835,3.5696106,1013.7618,1.2824733,-1.0843337,-0.7849121,5.9584284,5.83197,1012.62756,-5.35207,-2.2623596,5.35207,2.2623596,False,False,False,False,False,False,test,ok,0.0,0.2,0.7052156209945679,1.8698486328125,5,0.357157027721405,0.31595808267593384
2021-06-17 12:00:00,2021-06-24 12:00:00,7,22.5,91.5,Tripura,6,2021,7.713239,27.407288,1001.48267,6.3281064,-2.8286805,-0.54663086,9.626179,28.80075,1002.3679,-1.9129395,-1.3934631,1.9129395,1.3934631,False,False,False,False,False,False,test,no_reliable_analogs,,,,,0,,
2021-06-15 12:00:00,2021-06-22 12:00:00,7,7.499999999999991,92.99999999999999,Andaman and Nicobar,6,2021,12.875174,27.810272,1008.31726,8.020776,5.2854414,-0.10308838,3.8048828,26.71695,1009.81836,9.070291,1.0933228,9.070291,1.0933228,False,False,True,False,False,False,test,no_reliable_analogs,,,,,0,,
2021-06-23 12:00:00,2021-06-30 12:00:00,7,20.999999999999993,87.0,Odisha,6,2021,0.07134278,31.24173,998.0075,7.1369934,0.067545846,-0.28979492,0.3046112,30.68988,1000.02826,-0.23326842,0.55184937,0.23326842,0.55184937,False,False,False,False,False,False,test,ok,0.2,0.1,5.784458367526531,0.8195159912109375,10,0.39409897178411485,0.19791200757026672
2021-08-21 12:00:00,2021-08-28 12:00:00,7,28.499999999999982,79.49999999999999,Uttar Pradesh,8,2021,6.7808347,28.71405,1001.9253,1.1566635,4.197994,-1.4953918,17.380049,28.614716,1000.79987,-10.599215,0.09933472,10.599215,0.09933472,False,False,True,False,False,False,test,no_reliable_analogs,,,,,0,,
2021-09-27 12:00:00,2021-10-04 12:00:00,7,20.999999999999993,76.5,Maharashtra,10,2021,2.9697592,28.032867,1004.8237,1.375857,-1.0852802,0.9878845,1.2741038,30.026398,1005.28064,1.6956555,-1.9935303,1.6956555,1.9935303,False,False,False,False,False,False,test,no_reliable_analogs,,,,,0,,
2021-08-23 12:00:00,2021-08-30 12:00:00,7,24.0,88.49999999999999,West Bengal,8,2021,6.319881,28.652985,1004.6113,1.7644268,-0.17710972,0.1481018,6.8107233,29.33133,1005.28284,-0.49084234,-0.6783447,0.49084234,0.6783447,False,False,False,False,False,False,test,ok,0.0,0.0,2.5106043934822084,1.322589111328125,10,0.45177600979804994,0.416495680809021
2021-08-29 00:00:00,2021-09-05 00:00:00,7,10.499999999999996,92.99999999999999,Andaman and Nicobar,9,2021,14.395152,27.345001,1006.9118,9.078857,2.4090452,0.42913818,5.564617,26.926483,1008.4768,8.830535,0.41851807,8.830535,0.41851807,False,False,True,False,False,False,test,no_reliable_analogs,,,,,0,,
2021-09-11 00:00:00,2021-09-18 00:00:00,7,24.0,82.5,Madhya Pradesh,9,2021,1.236935,23.578522,1006.865,1.883197,-2.4435797,0.19500732,1.0802891,25.46402,1004.96063,0.1566459,-1.885498,0.1566459,1.885498,False,False,False,False,False,False,test,ok,0.0,0.2,1.1077077507972717,2.631488037109375,10,0.41609445214271545,0.3497454822063446
2021-06-24 12:00:00,2021-07-01 12:00:00,7,31.499999999999993,74.99999999999999,Punjab,7,2021,0.0,42.849213,988.22534,3.199459,0.0,0.31906128,0.3082339,39.277527,993.1584,-0.3082339,3.5716858,0.3082339,3.5716858,False,True,False,True,False,False,test,no_reliable_analogs,,,,,0,,
2021-07-08 12:00:00,2021-07-15 12:00:00,7,32.999999999999986,78.0,Jammu and Kashmir,7,2021,0.35948148,9.193146,1011.1125,2.3279653,-0.053557724,3.0517578e-05,1.0618742,12.170959,1012.3308,-0.7023927,-2.9778137,0.7023927,2.9778137,False,False,False,False,False,False,test,ok,0.0,0.1111111111111111,1.2029578586419423,1.575531005859375,9,0.35950904587904614,0.22662653028964996
2021-07-18 00:00:00,2021-07-25 00:00:00,7,22.5,73.5,Gujarat,7,2021,32.969395,25.330597,999.4813,4.1004977,-3.9208603,-0.2944641,20.850737,26.829376,1000.66345,12.118658,-1.4987793,12.118658,1.4987793,False,False,True,False,False,False,test,no_reliable_analogs,,,,,0,,
2021-07-28 00:00:00,2021-08-04 00:00:00,7,11.999999999999991,78.0,Tamil Nadu,8,2021,0.29052532,22.278625,1010.0564,3.0342922,0.17654982,-0.011108398,0.08129895,24.544556,1011.75385,0.20922637,-2.2659302,0.20922637,2.2659302,False,False,False,True,False,False,test,ok,0.0,0.0,0.35646414160728457,2.310748291015625,10,0.18313094601035118,0.05627255141735077
2021-09-02 12:00:00,2021-09-09 12:00:00,7,22.5,81.0,Madhya Pradesh,9,2021,5.1277795,25.987915,1003.2963,2.5558045,-2.994904,0.7213745,19.529264,27.140778,1003.83484,-14.401485,-1.1528625,14.401485,1.1528625,False,False,False,False,False,False,test,ok,0.3,0.0,17.51489634513855,1.2770782470703126,10,0.4918863892555237,0.3361007273197174
2021-08-07 00:00:00,2021-08-14 00:00:00,7,20.999999999999993,81.0,Chhattisgarh,8,2021,1.1011015,24.477173,1003.50525,2.0699358,-0.45005,0.18292236,1.2319363,27.005127,1003.50977,-0.13083482,-2.527954,0.13083482,2.527954,False,False,False,False,False,False,test,ok,0.1,0.0,6.915259510278702,1.9625274658203125,10,0.37882726788520815,0.2997031509876251
2021-06-26 12:00:00,2021-07-03 12:00:00,7,22.5,76.5,Madhya Pradesh,7,2021,0.10615132,33.5213,1000.52,4.396483,-0.012033425,0.018096924,0.051041614,35.32782,1002.05444,0.055109706,-1.8065186,0.055109706,1.8065186,False,False,False,False,False,False,test,ok,0.0,0.5,2.778262570500374,2.108917236328125,10,0.5010651618242263,0.4157743752002716
2021-09-04 12:00:00,2021-09-11 12:00:00,7,10.499999999999996,72.0,Lakshadweep,9,2021,0.25885844,28.05075,1008.1222,6.577961,0.095479175,-0.07574463,0.2863814,28.304443,1007.79236,-0.027522951,-0.25369263,0.027522951,0.25369263,False,False,False,False,False,False,test,ok,0.0,0.0,0.8794787585735321,0.4150543212890625,10,0.31767105758190156,0.21402287483215332
2021-07-20 00:00:00,2021-07-27 00:00:00,7,22.5,78.0,Madhya Pradesh,7,2021,12.23517,23.64325,1000.6149,5.312329,-1.587244,0.21359253,17.377602,23.849854,1000.3722,-5.1424313,-0.206604,5.1424313,0.206604,False,False,False,False,False,False,test,no_reliable_analogs,,,,,0,,
2021-09-27 00:00:00,2021-10-04 00:00:00,7,11.999999999999991,73.5,Lakshadweep,10,2021,11.882287,26.367065,1006.8593,5.4426885,-0.82702446,-0.68115234,31.0657,27.509338,1006.7212,-19.183414,-1.142273,19.183414,1.142273,False,False,True,False,False,False,test,no_reliable_analogs,,,,,0,,
2021-07-08 00:00:00,2021-07-15 00:00:00,7,16.499999999999993,74.99999999999999,Karnataka,7,2021,10.467162,22.501312,1003.19037,5.3665338,1.9063177,0.3283081,26.733347,23.064514,1003.7328,-16.266186,-0.5632019,16.266186,0.5632019,False,False,False,False,False,False,test,no_reliable_analogs,,,,,0,,
2021-06-22 12:00:00,2021-06-29 12:00:00,7,25.49999999999999,78.0,Madhya Pradesh,6,2021,0.00085252273,39.963776,996.4016,5.0357037,0.00085252273,0.5605469,0.0043360447,39.231354,998.0117,-0.003483522,0.7324219,0.003483522,0.7324219,False,False,False,False,False,False,test,ok,0.0,0.4,0.613310865475978,2.9084716796875,10,0.42583112567663195,0.17896787822246552
2021-06-18 00:00:00,2021-06-25 00:00:00,7,29.999999999999993,73.5,Rajasthan,6,2021,0.0,33.22455,995.75507,5.00122,0.0,0.33657837,0.14192013,29.960846,999.2207,-0.14192013,3.2637024,0.14192013,3.2637024,False,True,False,True,False,False,test,ok,0.0,0.2,0.0871509519405663,1.593634033203125,10,0.4218424528837204,0.35858678817749023
2021-07-20 00:00:00,2021-07-27 00:00:00,7,28.499999999999982,91.5,Arunachal Pradesh,7,2021,11.053261,6.008606,1011.4227,0.8825657,4.259687,0.19799805,11.067656,5.6772156,1012.1197,-0.01439476,0.33139038,0.01439476,0.33139038,False,False,False,False,False,False,test,no_reliable_analogs,,,,,0,,
2021-06-29 12:00:00,2021-07-06 12:00:00,7,11.999999999999991,92.99999999999999,Andaman and Nicobar,7,2021,13.078658,27.157959,1006.6693,7.228787,0.5904007,-0.56741333,5.702201,26.35608,1006.1682,7.376457,0.8018799,7.376457,0.8018799,False,False,False,False,False,False,test,ok,0.0,0.0,8.23509349822998,1.02620849609375,5,0.3927885234355927,0.3705436587333679
2021-09-16 00:00:00,2021-09-23 00:00:00,7,24.0,82.5,Madhya Pradesh,9,2021,3.2693307,23.286743,1005.92017,2.943273,-0.752609,-0.13354492,2.7723126,25.235107,1004.4113,0.4970181,-1.9483643,0.4970181,1.9483643,False,False,False,False,False,False,test,ok,0.1,0.1,2.781754195690155,2.252618408203125,10,0.4342428773641586,0.31079235672950745
2021-06-08 00:00:00,2021-06-15 00:00:00,7,25.49999999999999,87.0,Bihar,6,2021,18.909327,25.735352,995.8389,5.889033,9.275313,-0.57147217,23.097464,27.565369,995.5588,-4.188137,-1.8300171,4.188137,1.8300171,False,False,False,False,False,False,test,no_reliable_analogs,,,,,0,,
2021-06-24 00:00:00,2021-07-01 00:00:00,7,11.999999999999991,79.49999999999999,Tamil Nadu,7,2021,0.5070398,26.814728,1004.76917,2.7061622,0.18669519,-0.8880005,4.5681067,26.972412,1005.4542,-4.0610666,-0.15768433,4.0610666,0.15768433,False,False,False,False,False,False,test,no_reliable_analogs,,,,,0,,
2021-07-14 12:00:00,2021-07-21 12:00:00,7,19.499999999999996,76.5,Maharashtra,7,2021,15.81464,24.991333,1003.3954,4.1088963,-1.8532982,0.40652466,15.284383,25.183563,1001.77545,0.5302572,-0.19223022,0.5302572,0.19223022,False,False,False,False,False,False,test,no_reliable_analogs,,,,,0,,
2021-06-15 00:00:00,2021-06-22 00:00:00,7,13.5,79.49999999999999,Andhra Pradesh,6,2021,0.15090351,27.307983,1006.4369,3.7414405,0.10295246,0.40176392,0.18041237,28.238495,1007.0641,-0.029508859,-0.9305115,0.029508859,0.9305115,False,False,False,False,False,False,test,ok,0.0,0.0,1.1300568386912346,1.46751708984375,10,0.39684008359909057,0.29532963037490845
2021-07-13 00:00:00,2021-07-20 00:00:00,7,20.999999999999993,73.5,Gujarat,7,2021,7.8654995,24.582489,1003.69653,4.615182,0.8095007,0.02520752,15.946023,25.638367,1003.74756,-8.0805235,-1.0558777,8.0805235,1.0558777,False,False,False,False,False,False,test,ok,0.0,0.0,4.105834722518921,1.498907470703125,10,0.3671792447566986,0.2808363139629364
2021-06-07 00:00:00,2021-06-14 00:00:00,7,25.49999999999999,83.99999999999999,Bihar,6,2021,76.49957,26.317627,994.2647,6.5259466,37.0264,0.54763794,19.668098,27.08139,996.7397,56.831474,-0.7637634,56.831474,0.7637634,True,False,True,False,False,True,test,no_reliable_analogs,,,,,0,,
2021-06-01 12:00:00,2021-06-08 12:00:00,7,25.49999999999999,81.0,Uttar Pradesh,6,2021,0.004860252,40.22873,994.5327,4.683891,0.0,0.0,0.1027445,38.134735,996.02155,-0.097884245,2.0939941,0.097884245,2.0939941,False,False,False,False,False,False,test,ok,0.0,0.3,0.1637713311240077,2.1176361083984374,10,0.4243124932050705,0.3582358956336975
2021-09-21 12:00:00,2021-09-28 12:00:00,7,19.499999999999996,79.49999999999999,Andhra Pradesh,9,2021,8.571418,27.034851,1003.8513,0.9633637,-0.37892246,0.26593018,24.532658,28.296173,1002.60474,-15.96124,-1.261322,15.96124,1.261322,False,False,False,False,False,False,test,ok,0.0,0.0,10.607544694628034,1.5795113699776786,7,0.4158820595060076,0.3134572207927704
2021-06-27 00:00:00,2021-07-04 00:00:00,7,29.999999999999993,74.99999999999999,Punjab,7,2021,0.08277341,30.904327,999.50195,2.693789,0.07855711,-0.90670776,0.25400427,28.893982,1001.1804,-0.17123085,2.0103455,0.17123085,2.0103455,False,False,False,False,False,False,test,no_reliable_analogs,,,,,0,,
2021-06-21 00:00:00,2021-06-28 00:00:00,7,24.0,88.49999999999999,West Bengal,6,2021,16.704912,25.676605,1002.34955,2.5126646,7.022686,-1.1104126,2.4110901,28.53601,1005.43823,14.293822,-2.8594055,14.293822,2.8594055,True,False,True,False,False,False,test,no_reliable_analogs,,,,,0,,
2021-08-25 12:00:00,2021-09-01 12:00:00,7,11.999999999999991,73.5,Lakshadweep,9,2021,5.4203687,26.948975,1007.6619,6.233594,-2.5826945,0.5938721,3.4231887,26.696228,1007.9872,1.99718,0.25274658,1.99718,0.25274658,False,False,False,False,False,False,test,no_reliable_analogs,,,,,0,,
2021-09-08 00:00:00,2021-09-15 00:00:00,7,28.499999999999982,79.49999999999999,Uttar Pradesh,9,2021,4.095863,25.28189,1003.3214,1.4092729,-1.684824,0.49536133,1.5989442,27.026093,1004.8459,2.4969187,-1.7442017,2.4969187,1.7442017,False,False,False,False,False,False,test,ok,0.0,0.3,1.9311290323734283,2.4155426025390625,10,0.38332868218421934,0.3028112053871155
2021-06-17 00:00:00,2021-06-24 00:00:00,7,18.0,73.5,Maharashtra,6,2021,5.694982,23.407745,1008.8074,3.1499774,1.9332924,-0.554657,4.751627,24.401672,1008.3058,0.9433551,-0.993927,0.9433551,0.993927,False,False,False,False,False,False,test,no_reliable_analogs,,,,,0,,
2021-06-19 12:00:00,2021-06-26 12:00:00,7,19.499999999999996,74.99999999999999,Maharashtra,6,2021,0.87444127,30.16684,1004.6334,5.8400183,0.4401746,-0.64437866,0.93675226,29.839996,1004.74493,-0.062310994,0.32684326,0.062310994,0.32684326,False,False,False,False,False,False,test,ok,0.0,0.3,3.0606718182563784,1.7333984375,10,0.44179676473140717,0.3607322573661804
2021-08-23 12:00:00,2021-08-30 12:00:00,7,22.5,73.5,Gujarat,8,2021,1.3830987,30.708221,1003.4034,1.4550394,-1.2519149,0.8427124,11.842632,28.344116,1002.67224,-10.459534,2.3641052,10.459534,2.3641052,False,False,True,False,False,False,test,no_reliable_analogs,,,,,0,,
2021-07-16 00:00:00,2021-07-23 00:00:00,7,19.499999999999996,81.0,Chhattisgarh,7,2021,11.542646,23.230743,998.58716,1.7054522,-11.820152,0.3579712,14.788972,24.019745,997.2721,-3.2463255,-0.78900146,3.2463255,0.78900146,False,False,False,False,False,False,test,no_reliable_analogs,,,,,0,,
2021-06-21 12:00:00,2021-06-28 12:00:00,7,29.999999999999993,94.5,Arunachal Pradesh,6,2021,6.8336377,10.249176,1009.7914,1.1615437,-0.31261778,-0.068603516,10.985737,11.700745,1009.0725,-4.152099,-1.4515686,4.152099,1.4515686,False,False,False,False,False,False,test,ok,0.0,0.0,1.558381724357605,1.68267822265625,10,0.2688193514943123,0.1700640618801117
2021-08-23 00:00:00,2021-08-30 00:00:00,7,19.499999999999996,85.5,Odisha,8,2021,6.145447,26.9039,1003.17474,2.7699685,-1.4595222,0.27600098,8.783532,26.895935,1003.04663,-2.6380854,0.007965088,2.6380854,0.007965088,False,False,False,False,False,False,test,ok,0.0,0.0,8.656297850608826,0.79814453125,10,0.44425510466098783,0.394471675157547
2021-08-28 00:00:00,2021-09-04 00:00:00,7,16.499999999999993,78.0,Andhra Pradesh,9,2021,1.3323537,22.800568,1007.4529,3.2701194,1.0492631,-0.2401123,8.019562,24.340973,1006.27563,-6.687208,-1.5404053,6.687208,1.5404053,False,False,False,False,False,False,test,ok,0.0,0.0,2.693929623067379,2.226910400390625,10,0.3552097618579865,0.2583470642566681
2021-09-25 00:00:00,2021-10-02 00:00:00,7,34.49999999999999,76.5,Jammu and Kashmir,10,2021,0.21563569,0.36029053,1019.7649,0.85960484,-0.5206083,0.39819336,0.17515093,0.24221802,1021.1889,0.040484756,0.11807251,0.040484756,0.11807251,False,False,False,False,False,False,test,no_reliable_analogs,,,,,0,,
2021-08-12 12:00:00,2021-08-19 12:00:00,7,26.999999999999996,76.5,Rajasthan,8,2021,0.08364779,32.369324,997.8375,2.362303,0.08173918,-1.5690918,0.084265955,34.137604,999.01385,-0.0006181672,-1.76828,0.0006181672,1.76828,False,False,False,False,False,False,test,no_reliable_analogs,,,,,0,,
2021-07-12 00:00:00,2021-07-19 00:00:00,7,26.999999999999996,90.0,Assam,7,2021,52.807724,18.211243,1005.8564,0.72727704,3.1835785,0.0020141602,19.391417,19.996094,1005.8982,33.416306,-1.7848511,33.416306,1.7848511,False,False,True,False,False,False,test,no_reliable_analogs,,,,,0,,
2021-08-03 12:00:00,2021-08-10 12:00:00,7,19.499999999999996,78.0,Maharashtra,8,2021,0.46913323,30.686707,1004.40204,3.4156065,0.045102805,-0.12020874,0.5324439,30.958588,1004.7117,-0.06331065,-0.2718811,0.06331065,0.2718811,False,False,False,False,False,False,test,ok,0.1,0.0,3.9780838817358015,0.9796295166015625,10,0.4203797936439514,0.23234567046165466
2021-08-21 12:00:00,2021-08-28 12:00:00,7,13.5,78.0,Karnataka,8,2021,13.345525,25.92575,1005.6267,2.7794123,0.79271984,0.4664917,9.559541,26.339355,1003.6273,3.785984,-0.41360474,3.785984,0.41360474,False,False,False,False,False,False,test,no_reliable_analogs,,,,,0,,
2021-09-04 00:00:00,2021-09-11 00:00:00,7,25.49999999999999,87.0,Bihar,9,2021,3.2398467,25.429718,1004.05554,1.2092376,0.27648258,0.25857544,1.8989447,27.697998,1004.89014,1.340902,-2.26828,1.340902,2.26828,False,False,False,False,False,False,test,ok,0.0,0.1,2.7628524601459503,1.7321502685546875,10,0.405005419254303,0.37035781145095825
2021-07-31 00:00:00,2021-08-07 00:00:00,7,11.999999999999991,74.99999999999999,Kerala,8,2021,17.50464,24.678986,1010.1314,4.3681583,2.638073,-0.25680542,23.862118,24.933441,1009.39685,-6.357477,-0.25445557,6.357477,0.25445557,False,False,False,False,False,False,test,no_reliable_analogs,,,,,0,,
2021-07-05 12:00:00,2021-07-12 12:00:00,7,22.5,73.5,Gujarat,7,2021,30.72855,29.275543,997.64764,3.2641242,26.029902,-1.769104,12.745837,33.51407,996.13165,17.982712,-4.2385254,17.982712,4.2385254,False,True,True,True,False,False,test,no_reliable_analogs,,,,,0,,
2021-09-02 00:00:00,2021-09-09 00:00:00,7,11.999999999999991,73.5,Lakshadweep,9,2021,2.8655214,26.388184,1009.18695,5.4720063,-1.073647,-0.077941895,3.000816,26.265045,1009.6808,-0.13529468,0.12313843,0.13529468,0.12313843,False,False,False,False,False,False,test,ok,0.0,0.0,3.5422379791736605,0.282037353515625,10,0.3098839282989502,0.2643495500087738
2021-09-16 12:00:00,2021-09-24 12:00:00,8,9.0,76.5,Kerala,9,2021,3.7765193,26.2471,1008.43396,4.1851687,1.9296062,-0.035583496,2.4889302,28.044037,1007.40485,1.2875891,-1.796936,1.2875891,1.796936,False,False,False,False,False,False,test,ok,0.0,0.0,3.3084513008594514,1.0412689208984376,10,0.3260434791445732,0.239013209939003
2021-07-04 00:00:00,2021-07-12 00:00:00,8,31.499999999999993,76.5,Himachal Pradesh,7,2021,18.228676,23.059052,1002.9014,1.2623895,-1.9701443,0.32717896,19.11051,24.81894,1006.815,-0.88183403,-1.7598877,0.88183403,1.7598877,False,False,False,False,False,False,test,no_reliable_analogs,,,,,0,,
2021-07-02 12:00:00,2021-07-10 12:00:00,8,26.999999999999996,76.5,Rajasthan,7,2021,0.048799727,38.311676,996.96204,2.3613994,0.048799727,-1.3251953,0.40826878,36.21814,996.9193,-0.35946906,2.0935364,0.35946906,2.0935364,False,False,False,False,False,False,test,no_reliable_analogs,,,,,0,,
2021-06-01 12:00:00,2021-06-09 12:00:00,8,11.999999999999991,94.5,Andaman and Nicobar,6,2021,17.469568,27.410309,1006.4068,10.632437,0.0,0.0,27.250849,27.00064,1006.7578,-9.7812805,0.40966797,9.7812805,0.40966797,False,False,True,False,False,False,test,no_reliable_analogs,,,,,0,,
2021-06-28 12:00:00,2021-07-06 12:00:00,8,19.499999999999996,73.5,Maharashtra,7,2021,3.2718065,27.376678,1005.3047,4.3992496,-0.20200467,0.29818726,1.4843554,29.7807,1004.4925,1.787451,-2.4040222,1.787451,2.4040222,False,False,False,True,False,False,test,ok,0.0,0.0,1.4875981330871582,2.1283050537109376,10,0.3277437001466751,0.10835036635398865
2021-07-15 00:00:00,2021-07-23 00:00:00,8,14.999999999999996,74.99999999999999,Karnataka,7,2021,35.557407,21.215912,1005.7658,5.227683,5.3561134,-1.2476196,65.873215,21.560913,1004.4119,-30.315807,-0.34500122,30.315807,0.34500122,True,False,True,False,True,False,test,no_reliable_analogs,,,,,0,,
2021-07-29 12:00:00,2021-08-06 12:00:00,8,28.499999999999982,97.49999999999999,Arunachal Pradesh,8,2021,17.803482,11.868408,1010.82135,0.8488455,6.2166996,-0.45495605,4.464518,14.839539,1009.39954,13.338964,-2.9711304,13.338964,2.9711304,False,False,False,False,False,False,test,no_reliable_analogs,,,,,0,,
2021-07-12 00:00:00,2021-07-20 00:00:00,8,28.499999999999982,76.5,Haryana,7,2021,1.0896895,28.48944,997.0139,3.5301182,-2.1356645,1.7111511,55.797974,27.275818,997.2457,-54.708282,1.213623,54.708282,1.213623,True,False,True,False,False,False,test,no_reliable_analogs,,,,,0,,
2021-07-31 12:00:00,2021-08-08 12:00:00,8,20.999999999999993,79.49999999999999,Maharashtra,8,2021,0.7444748,30.535217,1003.4149,2.580178,-0.17643738,0.36965942,0.66732705,31.425537,1003.7725,0.07714778,-0.8903198,0.07714778,0.8903198,False,False,False,False,False,False,test,ok,0.1,0.1,6.961401054263115,1.6639923095703124,10,0.3834108829498291,0.28572067618370056
2021-08-24 00:00:00,2021-09-01 00:00:00,8,13.5,81.0,Tamil Nadu,9,2021,4.6506753,26.94162,1007.3482,5.0878983,-3.3749738,0.39990234,2.531689,28.082275,1006.8987,2.1189864,-1.1406555,2.1189864,1.1406555,False,False,False,False,False,False,test,no_reliable_analogs,,,,,0,,
2021-06-04 00:00:00,2021-06-12 00:00:00,8,20.999999999999993,82.5,Chhattisgarh,6,2021,24.863676,24.682098,998.19604,3.3790624,-5.623474,-0.005432129,14.086956,25.8497,999.1474,10.77672,-1.1676025,10.77672,1.1676025,False,False,False,False,False,False,test,no_reliable_analogs,,,,,0,,
2021-07-22 12:00:00,2021-07-30 12:00:00,8,18.0,74.99999999999999,Maharashtra,7,2021,0.36434826,24.933868,1007.82886,7.056173,-0.11669606,-0.9367676,2.3698945,25.008148,1007.37335,-2.0055463,-0.074279785,2.0055463,0.074279785,False,False,False,False,False,False,test,no_reliable_analogs,,,,,0,,
2021-06-28 12:00:00,2021-07-06 12:00:00,8,11.999999999999991,73.5,Lakshadweep,7,2021,22.10834,26.781921,1006.7498,5.6637073,1.5268173,0.28726196,17.101744,27.347351,1005.5642,5.0065956,-0.5654297,5.0065956,0.5654297,False,False,False,False,False,False,test,no_reliable_analogs,,,,,0,,
2021-07-03 00:00:00,2021-07-11 00:00:00,8,14.999999999999996,73.5,Goa,7,2021,57.414753,25.935272,1005.2991,6.051859,8.617569,0.3597412,56.77503,26.160889,1004.14764,0.63972473,-0.22561646,0.63972473,0.22561646,False,False,False,False,False,False,test,no_reliable_analogs,,,,,0,,
2021-08-12 12:00:00,2021-08-20 12:00:00,8,20.999999999999993,82.5,Chhattisgarh,8,2021,1.8763579,28.346008,1000.1179,2.021757,-9.179958,1.7329712,12.45798,28.125305,1003.67975,-10.581622,0.22070312,10.581622,0.22070312,False,False,False,False,False,False,test,no_reliable_analogs,,,,,0,,
2021-08-01 12:00:00,2021-08-09 12:00:00,8,26.999999999999996,69.0,Rajasthan,8,2021,0.0,39.95981,997.76544,5.949123,0.0,-1.5049744,0.0,37.96582,1000.01917,0.0,1.993988,0.0,1.993988,False,False,False,False,False,False,test,no_reliable_analogs,,,,,0,,
2021-08-11 12:00:00,2021-08-19 12:00:00,8,32.999999999999986,79.49999999999999,Jammu and Kashmir,8,2021,0.0043447358,15.474182,1001.1055,2.7692409,0.0043447358,-0.8586731,0.110910185,16.792664,1000.65173,-0.106565446,-1.3184814,0.106565446,1.3184814,False,False,False,False,False,False,test,ok,0.0,0.3333333333333333,0.3119817820067207,2.9565582275390625,6,0.34750935435295105,0.28734228014945984
2021-07-03 12:00:00,2021-07-11 12:00:00,8,18.0,74.99999999999999,Maharashtra,7,2021,13.769564,26.357391,1002.2732,5.2998824,1.9554405,0.7840271,5.382479,27.866028,1000.4098,8.387085,-1.5086365,8.387085,1.5086365,False,False,False,False,False,False,test,no_reliable_analogs,,,,,0,,
2021-06-01 12:00:00,2021-06-09 12:00:00,8,24.0,83.99999999999999,Jharkhand,6,2021,0.013161671,34.799103,995.8579,1.3652192,0.0,0.0,3.0072656,31.650604,998.95123,-2.994104,3.1484985,2.994104,3.1484985,False,True,False,True,False,False,test,no_reliable_analogs,,,,,0,,
2021-08-19 12:00:00,2021-08-27 12:00:00,8,25.49999999999999,70.49999999999999,Rajasthan,8,2021,0.083859794,36.40732,997.81885,8.735922,-0.13736817,1.2590942,0.09324192,36.03006,998.74994,-0.009382129,0.3772583,0.009382129,0.3772583,False,False,False,False,False,False,test,no_reliable_analogs,,,,,0,,
2021-08-03 12:00:00,2021-08-11 12:00:00,8,16.499999999999993,81.0,Andhra Pradesh,8,2021,1.3232399,33.114624,1003.9819,3.0486732,-1.6351038,0.5788574,0.80171365,33.067535,1003.1526,0.5215263,0.047088623,0.5215263,0.047088623,False,False,False,False,False,False,test,ok,0.0,0.0,1.933629122045305,0.9604254828559028,9,0.42905064755015904,0.3728622794151306
2021-08-07 12:00:00,2021-08-15 12:00:00,8,20.999999999999993,74.99999999999999,Maharashtra,8,2021,0.7939463,29.978058,1004.06445,4.36952,0.18366921,0.10592651,1.1637124,30.60144,1004.1004,-0.36976606,-0.62338257,0.36976606,0.62338257,False,False,False,False,False,False,test,ok,0.0,0.0,0.948862972855568,1.5090484619140625,10,0.38459452539682387,0.2339119166135788
2021-07-10 12:00:00,2021-07-18 12:00:00,8,18.0,78.0,Andhra Pradesh,7,2021,4.792247,27.18753,1003.757,3.2925448,-2.8138957,0.31707764,6.938954,28.604675,1002.2975,-2.146707,-1.4171448,2.146707,1.4171448,False,False,False,False,False,False,test,ok,0.0,0.4,2.7398293733596804,2.619207763671875,5,0.42549428939819334,0.32423779368400574
2021-08-03 12:00:00,2021-08-11 12:00:00,8,11.999999999999991,92.99999999999999,Andaman and Nicobar,8,2021,4.987528,27.701477,1008.1337,4.830394,-1.5167794,0.5548401,13.424791,27.433289,1006.8993,-8.4372635,0.26818848,8.4372635,0.26818848,False,False,False,False,False,False,test,ok,0.0,0.0,2.7646534562110903,0.47135009765625,5,0.3708135008811951,0.31637346744537354
2021-09-25 00:00:00,2021-10-03 00:00:00,8,25.49999999999999,94.5,Manipur,10,2021,8.321747,18.861511,1010.10376,0.7801678,-0.95965004,0.05480957,7.142298,22.143127,1010.11865,1.1794486,-3.2816162,1.1794486,3.2816162,False,True,False,True,False,False,test,ok,0.0,0.0,4.961706717809041,2.3173726399739585,6,0.3877100696166356,0.2752454876899719
2021-06-17 00:00:00,2021-06-25 00:00:00,8,22.5,69.0,Gujarat,6,2021,0.69527787,28.576782,1002.29016,10.019073,-0.07656586,0.024749756,0.45611367,28.84497,1003.63763,0.2391642,-0.26818848,0.2391642,0.26818848,False,False,False,False,False,False,test,ok,0.0,0.0,0.3373281627893448,0.523681640625,10,0.45842105746269224,0.356723815202713
2021-09-24 12:00:00,2021-10-02 12:00:00,8,26.999999999999996,73.5,Rajasthan,10,2021,2.6063972,28.986053,1005.63135,2.3042865,0.9413376,-1.1280823,0.7933677,31.277222,1006.77905,1.8130295,-2.2911682,1.8130295,2.2911682,False,False,False,False,False,False,test,no_reliable_analogs,,,,,0,,
2021-06-07 00:00:00,2021-06-15 00:00:00,8,14.999999999999996,78.0,Andhra Pradesh,6,2021,0.57790524,24.469788,1004.8924,4.943675,-0.7425539,0.27017212,1.892602,26.613403,1003.7863,-1.3146968,-2.1436157,1.3146968,2.1436157,False,False,False,True,False,False,test,ok,0.0,0.0,1.2937079042196273,1.8756805419921876,10,0.3185082674026489,0.18917009234428406
2021-07-26 00:00:00,2021-08-03 00:00:00,8,22.5,70.49999999999999,Gujarat,8,2021,0.33827507,26.323303,1000.5918,6.5593724,0.027811497,0.04168701,1.1952026,26.907349,1004.03326,-0.8569275,-0.5840454,0.8569275,0.5840454,False,False,False,False,False,False,test,ok,0.0,0.0,1.9285544157028198,0.8550140380859375,10,0.299445304274559,0.2001209706068039
2021-08-23 00:00:00,2021-08-31 00:00:00,8,24.0,85.5,Jharkhand,8,2021,6.6823535,24.047333,1007.85187,2.1359422,0.7665272,0.14675903,4.679523,25.641968,1008.08826,2.0028305,-1.594635,2.0028305,1.594635,False,False,False,False,False,False,test,ok,0.0,0.0,2.352220666408539,2.0014434814453126,10,0.4340180799365044,0.17356766760349274
2021-07-27 00:00:00,2021-08-04 00:00:00,8,22.5,74.99999999999999,Madhya Pradesh,8,2021,39.62647,23.532928,1001.2578,6.191243,34.808205,-0.47354126,8.619577,24.325043,1004.55853,31.006891,-0.79211426,31.006891,0.79211426,False,False,True,False,False,False,test,no_reliable_analogs,,,,,0,,
2021-06-26 00:00:00,2021-07-04 00:00:00,8,28.499999999999982,88.49999999999999,Sikkim,7,2021,6.5664363,4.2941895,1013.16125,1.3623251,-1.9358373,0.14022827,4.979885,5.4171753,1014.66583,1.5865512,-1.1229858,1.5865512,1.1229858,False,False,False,False,False,False,test,ok,0.0,0.0,6.674960076808929,1.4624099731445312,8,0.3645477071404457,0.2630358934402466
2021-09-01 12:00:00,2021-09-09 12:00:00,8,7.499999999999991,92.99999999999999,Andaman and Nicobar,9,2021,8.453635,26.622375,1008.80334,7.653272,1.5933852,-0.27676392,14.431501,26.03186,1009.6179,-5.977866,0.59051514,5.977866,0.59051514,False,False,False,False,False,False,test,ok,0.0,0.0,5.844375228881836,0.524853515625,5,0.3461299777030945,0.19946515560150146
2021-09-12 12:00:00,2021-09-20 12:00:00,8,20.999999999999993,74.99999999999999,Maharashtra,9,2021,1.5096447,27.933807,1006.3682,2.6083689,-7.001108,1.6625061,4.856436,28.04181,1005.84955,-3.346791,-0.10800171,3.346791,0.10800171,False,False,False,False,False,False,test,no_reliable_analogs,,,,,0,,
2021-09-25 12:00:00,2021-10-03 12:00:00,8,13.5,74.99999999999999,Karnataka,10,2021,8.22028,25.067078,1007.08954,3.3142462,2.7373166,-0.14501953,9.778038,26.75296,1006.6819,-1.5577583,-1.6858826,1.5577583,1.6858826,False,False,False,False,False,False,test,no_reliable_analogs,,,,,0,,
2021-07-18 12:00:00,2021-07-26 12:00:00,8,10.499999999999996,79.49999999999999,Tamil Nadu,7,2021,0.102396905,30.96988,1005.33124,7.087367,-0.35622862,0.17868042,4.6668816,32.02478,1005.61163,-4.5644846,-1.0549011,4.5644846,1.0549011,False,False,False,False,False,False,test,ok,0.0,0.0,0.7219388505443931,0.5163055419921875,10,0.30300115793943405,0.2253188043832779
2021-06-13 00:00:00,2021-06-21 00:00:00,8,24.0,73.5,Rajasthan,6,2021,1.1634909,25.529236,1004.22845,2.9983766,-0.04434657,-0.34054565,7.841627,25.235535,1005.1385,-6.6781363,0.29370117,6.6781363,0.29370117,False,False,False,False,False,False,test,ok,0.0,0.2,1.1962733494117856,2.2502044677734374,10,0.47040886878967286,0.39284443855285645
2021-07-19 00:00:00,2021-07-27 00:00:00,8,20.999999999999993,73.5,Gujarat,7,2021,14.608642,24.265778,1002.3791,6.4946523,2.4831352,0.04232788,9.485697,25.23822,1003.0429,5.122945,-0.9724426,5.122945,0.9724426,False,False,False,False,False,False,test,ok,0.0,0.0,11.903968016306559,0.6967722574869791,6,0.45027272154887515,0.23280124366283417
2021-09-14 00:00:00,2021-09-22 00:00:00,8,29.999999999999993,74.99999999999999,Punjab,9,2021,2.9007375,25.277405,1006.286,1.2716141,2.2688704,-0.10760498,7.8805237,26.012146,1003.8396,-4.979786,-0.7347412,4.979786,0.7347412,False,False,False,False,False,False,test,ok,0.0,0.1,2.4231315299868585,2.03397216796875,10,0.5081458508968353,0.45871400833129883
2021-06-07 12:00:00,2021-06-15 12:00:00,8,26.999999999999996,81.0,Uttar Pradesh,6,2021,58.3046,28.09439,992.8957,3.5068722,31.32258,0.25091553,9.439755,29.110077,992.9043,48.864845,-1.015686,48.864845,1.015686,False,False,True,False,False,False,test,no_reliable_analogs,,,,,0,,
2021-06-17 00:00:00,2021-06-25 00:00:00,8,31.499999999999993,78.0,Himachal Pradesh,6,2021,0.6746308,5.0454407,1010.1526,1.1256504,0.12498587,-0.37442017,1.138934,4.698639,1014.2889,-0.4643032,0.34680176,0.4643032,0.34680176,False,False,False,False,False,False,test,ok,0.0,0.2,2.4253645092248917,1.726715087890625,10,0.2826378956437111,0.15804852545261383
2021-07-06 00:00:00,2021-07-14 00:00:00,8,24.0,78.0,Madhya Pradesh,7,2021,5.0382714,24.895538,1001.1174,0.8704603,1.151655,-0.15115356,0.6341727,28.818817,1000.9646,4.4040985,-3.9232788,4.4040985,3.9232788,False,True,False,True,False,False,test,ok,0.0,0.6,3.9630189895629884,2.907171630859375,5,0.5122728705406189,0.3927466869354248
2021-06-20 00:00:00,2021-06-28 00:00:00,8,11.999999999999991,74.99999999999999,Kerala,6,2021,1.5706044,25.905579,1010.09143,4.28708,-0.37623978,0.3327942,7.3547335,25.22586,1008.70197,-5.784129,0.679718,5.784129,0.679718,False,False,False,False,False,False,test,no_reliable_analogs,,,,,0,,
2021-07-28 12:00:00,2021-08-05 12:00:00,8,11.999999999999991,73.5,Lakshadweep,8,2021,1.2293237,28.077606,1009.28,7.0325103,-2.0428152,0.1857605,4.2035937,28.02414,1008.80505,-2.9742699,0.053466797,2.9742699,0.053466797,False,False,False,False,False,False,test,ok,0.0,0.0,2.302239698171616,0.421319580078125,10,0.33486762046813967,0.3064698576927185
2021-06-16 00:00:00,2021-06-24 00:00:00,8,20.999999999999993,72.0,Gujarat,6,2021,0.72131425,28.013275,1004.89435,5.651396,-0.20570296,0.20501709,2.4686382,28.14154,1005.07764,-1.747324,-0.12826538,1.747324,0.12826538,False,False,False,False,False,False,test,ok,0.0,0.0,3.8707274867221715,0.6943084716796875,10,0.3629160523414612,0.27014318108558655
2021-07-24 12:00:00,2021-08-01 12:00:00,8,29.999999999999993,81.0,Uttarakhand,8,2021,11.2037,13.397339,1005.2791,1.5079539,-2.9866705,0.61624146,7.6122174,15.0164795,1006.51154,3.5914826,-1.6191406,3.5914826,1.6191406,False,False,False,False,False,False,test,no_reliable_analogs,,,,,0,,
2021-07-10 00:00:00,2021-07-18 00:00:00,8,20.999999999999993,83.99999999999999,Odisha,7,2021,4.7911716,25.030518,1003.8295,1.6752816,1.6397648,-0.0024719238,0.3711749,29.128387,1003.62354,4.4199967,-4.09787,4.4199967,4.09787,False,True,False,True,False,False,test,ok,0.0,0.0,3.1850636124610903,1.6108489990234376,10,0.40882251858711244,0.3248113691806793
2021-09-08 12:00:00,2021-09-16 12:00:00,8,28.499999999999982,73.5,Rajasthan,9,2021,0.29200402,31.987457,999.24945,9.252143,-0.29497173,-0.060150146,0.020066721,34.516266,1001.0232,0.2719373,-2.5288086,0.2719373,2.5288086,False,False,False,False,False,False,test,no_reliable_analogs,,,,,0,,
2021-08-24 12:00:00,2021-09-01 12:00:00,8,20.999999999999993,88.49999999999999,West Bengal,9,2021,7.3580866,28.744476,1005.4001,5.1776986,-5.7003098,0.4734497,0.7978534,29.098267,1005.1655,6.560233,-0.35379028,6.560233,0.35379028,False,False,False,False,False,False,test,no_reliable_analogs,,,,,0,,
2021-07-05 00:00:00,2021-07-13 00:00:00,8,16.499999999999993,74.99999999999999,Karnataka,7,2021,13.68612,22.518951,1003.4799,5.0111465,3.5198326,0.5319824,13.392001,22.711365,1003.5243,0.29411888,-0.19241333,0.29411888,0.19241333,False,False,False,False,False,False,test,no_reliable_analogs,,,,,0,,
2021-06-16 00:00:00,2021-06-24 00:00:00,8,28.499999999999982,76.5,Haryana,6,2021,0.0034987368,32.367523,998.0864,5.6891026,-0.012021025,0.16107178,1.8626451e-06,30.753601,1001.65045,0.0034968741,1.6139221,0.0034968741,1.6139221,False,False,False,False,False,False,test,ok,0.0,0.2,0.04884829786606133,1.711474609375,10,0.37613836079835894,0.2219681292772293
2021-09-03 12:00:00,2021-09-11 12:00:00,8,28.499999999999982,72.0,Rajasthan,9,2021,1.7461243,32.03177,999.03406,6.347995,-3.2949233,1.4170532,3.6055045,30.907196,999.90643,-1.8593802,1.1245728,1.8593802,1.1245728,False,False,False,False,False,False,test,no_reliable_analogs,,,,,0,,
2021-08-13 12:00:00,2021-08-21 12:00:00,8,16.499999999999993,82.5,Andhra Pradesh,8,2021,23.985521,27.696014,1004.5834,3.8972216,7.298626,0.29641724,10.5106535,27.513397,1007.1831,13.474868,0.18261719,13.474868,0.18261719,False,False,True,False,False,False,test,no_reliable_analogs,,,,,0,,
2021-07-28 12:00:00,2021-08-05 12:00:00,8,34.49999999999999,78.0,Jammu and Kashmir,8,2021,0.9836922,8.090454,1009.61664,1.9331462,-0.17732316,-0.7526245,3.1698327,9.530701,1009.0076,-2.1861405,-1.4402466,2.1861405,1.4402466,False,False,False,False,False,False,test,ok,0.0,0.3,0.7677881792187691,2.4702117919921873,10,0.3297723695635796,0.19743068516254425
2021-09-05 12:00:00,2021-09-13 12:00:00,8,28.499999999999982,74.99999999999999,Rajasthan,9,2021,13.876583,27.679169,999.17456,3.49242,-17.969456,0.79919434,8.543302,29.756836,1000.5515,5.3332815,-2.0776672,5.3332815,2.0776672,False,False,False,False,False,False,test,no_reliable_analogs,,,,,0,,
2021-08-30 00:00:00,2021-09-07 00:00:00,8,26.999999999999996,88.49999999999999,West Bengal,9,2021,24.880493,18.02655,1012.27783,1.5728029,7.0960655,-0.2512207,23.638866,18.524384,1014.40814,1.2416267,-0.49783325,1.2416267,0.49783325,False,False,False,False,False,False,test,no_reliable_analogs,,,,,0,,
2021-09-24 12:00:00,2021-10-02 12:00:00,8,18.0,82.5,Andhra Pradesh,10,2021,4.9674034,25.743774,1006.32513,2.2951083,0.8153124,0.3078308,0.8928689,28.621643,1007.4405,4.0745344,-2.8778687,4.0745344,2.8778687,False,False,False,False,False,False,test,no_reliable_analogs,,,,,0,,
2021-06-19 00:00:00,2021-06-27 00:00:00,8,36.0,78.0,Jammu and Kashmir,6,2021,0.3138341,-6.3676147,1020.1383,1.2435412,-0.6584935,0.44180298,1.5027914,-11.485535,1028.7866,-1.1889573,5.11792,1.1889573,5.11792,False,True,False,True,False,False,test,ok,0.0,0.4,0.7738570511341095,2.4380767822265623,10,0.3416465699672699,0.18552827835083008
2021-07-14 12:00:00,2021-07-22 12:00:00,8,28.499999999999982,76.5,Haryana,7,2021,1.4772372,32.43283,995.2534,1.3214566,-0.0741992,-0.348114,4.764253,30.886871,994.1083,-3.287016,1.5459595,3.287016,1.5459595,False,False,False,False,False,False,test,no_reliable_analogs,,,,,0,,
2021-07-23 12:00:00,2021-07-31 12:00:00,8,28.499999999999982,88.49999999999999,Sikkim,7,2021,1.5550871,9.314941,1006.20135,2.700815,-0.22626102,-0.842865,8.023787,8.547455,1011.1311,-6.4686995,0.7674866,6.4686995,0.7674866,False,False,False,False,False,False,test,no_reliable_analogs,,,,,0,,
2021-08-19 12:00:00,2021-08-27 12:00:00,8,16.499999999999993,79.49999999999999,Andhra Pradesh,8,2021,4.6295934,28.751343,1003.7134,1.7575924,1.016818,-0.115478516,7.75309,28.247742,1002.82104,-3.1234965,0.5036011,3.1234965,0.5036011,False,False,False,False,False,False,test,ok,0.0,0.1,3.1151166915893556,1.8032806396484375,10,0.4099835425615311,0.30693870782852173
2021-08-18 00:00:00,2021-08-26 00:00:00,8,25.49999999999999,82.5,Uttar Pradesh,8,2021,1.9162288,28.157715,998.509,5.806434,-0.620945,-0.07131958,10.220025,27.828674,999.22797,-8.303797,0.32904053,8.303797,0.32904053,False,False,False,False,False,False,test,ok,0.0,0.0,3.9583746592203775,0.9127146402994791,6,0.47900476058324176,0.41345083713531494
2021-07-17 12:00:00,2021-07-25 12:00:00,8,28.499999999999982,70.49999999999999,Rajasthan,7,2021,0.006467109,40.507355,993.6492,1.8351328,0.0041356594,-0.2511902,0.020556383,41.63669,993.5075,-0.014089273,-1.1293335,0.014089273,1.1293335,False,False,False,False,False,False,test,ok,0.0,0.4,1.2409455537796021,2.832354736328125,5,0.4903872191905975,0.4271901547908783
2021-08-01 00:00:00,2021-08-09 00:00:00,8,25.49999999999999,83.99999999999999,Bihar,8,2021,17.83535,25.89206,1003.2022,1.1258054,13.448496,-1.2838745,22.241499,27.261658,1002.9953,-4.406149,-1.3695984,4.406149,1.3695984,False,False,False,False,False,False,test,no_reliable_analogs,,,,,0,,
2021-06-04 12:00:00,2021-06-12 12:00:00,8,9.0,76.5,Kerala,6,2021,8.473055,25.748718,1008.406,5.9997463,-5.1487722,0.5866089,6.3111873,26.590393,1008.5959,2.1618676,-0.8416748,2.1618676,0.8416748,False,False,False,False,False,False,test,no_reliable_analogs,,,,,0,,
2021-06-24 00:00:00,2021-07-02 00:00:00,8,22.5,88.49999999999999,West Bengal,7,2021,8.27737,27.807587,999.90686,3.9842687,3.365858,-0.83135986,10.492322,27.491333,1000.70337,-2.2149515,0.31625366,2.2149515,0.31625366,False,False,False,False,False,False,test,ok,0.0,0.0,5.658855986595154,1.363470458984375,10,0.5514573961496353,0.4224833846092224
2021-07-31 12:00:00,2021-08-08 12:00:00,8,22.5,76.5,Madhya Pradesh,8,2021,13.847359,26.586975,1004.3744,4.0173025,-1.4518814,0.38607788,9.615541,28.708313,1004.7317,4.2318172,-2.121338,4.2318172,2.121338,False,False,False,False,False,False,test,no_reliable_analogs,,,,,0,,
2021-07-20 12:00:00,2021-07-28 12:00:00,8,25.49999999999999,74.99999999999999,Rajasthan,7,2021,1.9608105,27.305603,996.4579,5.4694386,1.0111501,-0.10583496,2.9964542,27.846893,998.06274,-1.0356437,-0.5412903,1.0356437,0.5412903,False,False,False,False,False,False,test,ok,0.2,0.0,7.719204020313919,1.1362274169921875,10,0.4151121348142624,0.25893694162368774
2021-07-11 12:00:00,2021-07-19 12:00:00,8,19.499999999999996,76.5,Maharashtra,7,2021,10.159009,26.36615,1002.82886,3.058445,-5.0045404,1.0810852,6.7516727,28.557983,1001.22125,3.4073362,-2.1918335,3.4073362,2.1918335,False,False,False,False,False,False,test,no_reliable_analogs,,,,,0,,
2021-09-10 00:00:00,2021-09-18 00:00:00,8,10.499999999999996,76.5,Kerala,9,2021,3.7226968,22.041992,1008.6506,1.2821956,-0.5808325,-0.34176636,1.4187192,24.551483,1008.9242,2.3039775,-2.509491,2.3039775,2.509491,False,False,False,True,False,False,test,ok,0.0,0.14285714285714285,2.019345300538199,2.249720982142857,7,0.3971795311995915,0.29199954867362976
2021-07-15 12:00:00,2021-07-23 12:00:00,8,18.0,79.49999999999999,Andhra Pradesh,7,2021,7.0116754,27.44806,998.7227,5.212764,-33.98603,1.6654968,19.598804,27.694336,998.48157,-12.58713,-0.24627686,12.58713,0.24627686,False,False,False,False,False,False,test,no_reliable_analogs,,,,,0,,
2021-07-15 00:00:00,2021-07-23 00:00:00,8,19.499999999999996,82.5,Odisha,7,2021,21.118923,22.935272,998.7692,2.6188457,10.687519,-0.18066406,9.370147,23.939362,996.9637,11.748776,-1.0040894,11.748776,1.0040894,False,False,False,False,False,False,test,no_reliable_analogs,,,,,0,,
2021-08-15 12:00:00,2021-08-23 12:00:00,8,34.49999999999999,76.5,Jammu and Kashmir,8,2021,0.12825751,11.763702,1009.4341,2.0000832,0.06397415,0.0211792,2.1203034,13.679443,1012.26904,-1.9920459,-1.915741,1.9920459,1.915741,False,False,False,False,False,False,test,ok,0.0,0.25,2.3731440864503384,1.7174491882324219,8,0.3731223940849304,0.2881006896495819
2021-09-01 12:00:00,2021-09-09 12:00:00,8,22.5,69.0,Gujarat,9,2021,0.8607221,27.68814,1003.00244,6.9530168,0.09452641,0.03378296,90.482414,27.44519,1001.9003,-89.62169,0.24295044,89.62169,0.24295044,True,False,True,False,True,False,test,ok,0.2,0.0,5.618882328271866,0.5888336181640625,10,0.3164875492453575,0.17928673326969147
2021-06-26 00:00:00,2021-07-04 00:00:00,8,11.999999999999991,79.49999999999999,Tamil Nadu,7,2021,0.45046422,26.927826,1005.8028,3.1910946,-0.26137838,0.27166748,9.476707,27.23941,1007.2313,-9.026243,-0.31158447,9.026243,0.31158447,False,False,False,False,False,False,test,ok,0.0,0.0,2.7632426500320433,1.0109893798828125,10,0.2876103565096855,0.14112812280654907
2021-07-28 12:00:00,2021-08-05 12:00:00,8,28.499999999999982,97.49999999999999,Arunachal Pradesh,8,2021,9.725428,11.872253,1009.8781,0.98775136,0.25236607,0.43865967,6.116912,14.0217285,1008.9991,3.6085157,-2.149475,3.6085157,2.149475,False,False,False,False,False,False,test,ok,0.0,0.3333333333333333,2.8148386743333607,2.530636257595486,9,0.39452771345774335,0.22231951355934143
2021-08-18 00:00:00,2021-08-26 00:00:00,8,28.499999999999982,76.5,Haryana,8,2021,0.0,27.413849,997.818,6.414707,-0.040406562,0.5305176,6.336288e-05,29.051697,998.368,-6.336288e-05,-1.6378479,6.336288e-05,1.6378479,False,False,False,False,False,False,test,no_reliable_analogs,,,,,0,,
2021-07-02 12:00:00,2021-07-10 12:00:00,8,34.49999999999999,73.5,Jammu and Kashmir,7,2021,0.87622774,25.79126,1003.7402,2.0870311,0.830305,-2.5188293,3.8158228,24.73639,1005.3632,-2.9395952,1.0548706,2.9395952,1.0548706,False,False,False,False,False,False,test,no_reliable_analogs,,,,,0,,
2021-07-20 00:00:00,2021-07-28 00:00:00,8,26.999999999999996,81.0,Uttar Pradesh,7,2021,38.502975,25.911957,995.1735,1.4888428,-10.669872,-0.012481689,15.073318,26.38388,996.6658,23.429657,-0.47192383,23.429657,0.47192383,False,False,True,False,False,False,test,no_reliable_analogs,,,,,0,,
2021-08-16 00:00:00,2021-08-24 00:00:00,8,31.499999999999993,74.99999999999999,Punjab,8,2021,0.7024526,27.217316,999.96185,1.3103718,-0.5365562,-0.21047974,0.21494584,28.058014,1001.1877,0.48750675,-0.84069824,0.48750675,0.84069824,False,False,False,False,False,False,test,ok,0.0,0.0,4.352841462939978,1.8003143310546874,10,0.39761839210987093,0.30105945467948914
2021-06-21 00:00:00,2021-06-29 00:00:00,8,28.499999999999982,91.5,Arunachal Pradesh,6,2021,6.844658,6.0250244,1012.7701,1.039167,-3.4957342,-0.109802246,15.406495,6.9395447,1012.48975,-8.561837,-0.91452026,8.561837,0.91452026,False,False,False,False,False,False,test,no_reliable_analogs,,,,,0,,
2021-08-06 12:00:00,2021-08-14 12:00:00,8,25.49999999999999,83.99999999999999,Bihar,8,2021,0.1686377,31.676239,997.6488,3.6279516,-0.07598655,0.1482544,1.2938374,32.290466,998.015,-1.1251998,-0.6142273,1.1251998,0.6142273,False,False,False,False,False,False,test,ok,0.0,0.125,5.6395769119262695,1.1762161254882812,8,0.460427675396204,0.2902730405330658
2021-09-28 00:00:00,2021-10-06 00:00:00,8,25.49999999999999,70.49999999999999,Rajasthan,10,2021,0.0033018058,24.572662,1008.77924,1.9823934,-0.03953551,0.26766968,0.021468138,26.042633,1008.5522,-0.018166333,-1.4699707,0.018166333,1.4699707,False,False,False,False,False,False,test,ok,0.0,0.0,0.022992513982717355,1.170977783203125,10,0.44530171155929565,0.3979765474796295
2021-06-23 00:00:00,2021-07-01 00:00:00,8,10.499999999999996,78.0,Tamil Nadu,7,2021,0.87731993,24.777527,1007.1969,2.9230974,0.048742652,0.1322937,1.0335099,27.120636,1006.8377,-0.15618992,-2.3431091,0.15618992,2.3431091,False,False,False,True,False,False,test,ok,0.0,0.0,2.3040891170501707,2.005194091796875,10,0.189022196829319,0.13971762359142303
2021-06-26 12:00:00,2021-07-04 12:00:00,8,28.499999999999982,72.0,Rajasthan,7,2021,0.0,39.291718,997.8953,5.858983,0.0,-0.13104248,0.065678574,40.12387,998.9442,-0.065678574,-0.8321533,0.065678574,0.8321533,False,False,False,False,False,False,test,ok,0.0,0.0,0.33373675495386124,1.0027640206473214,7,0.4695691168308258,0.4359488785266876
2021-07-22 12:00:00,2021-07-30 12:00:00,8,9.0,79.49999999999999,Tamil Nadu,7,2021,0.005088402,28.398102,1007.4196,8.706396,0.0010584798,0.1083374,0.039126024,28.809875,1007.8258,-0.03403762,-0.41177368,0.03403762,0.41177368,False,False,False,False,False,False,test,ok,0.0,0.0,0.24575368948280812,0.5512054443359375,10,0.23262107223272324,0.13397835195064545
2021-07-09 00:00:00,2021-07-17 00:00:00,8,20.999999999999993,76.5,Maharashtra,7,2021,7.3188095,24.725586,1002.9383,1.7920169,-5.109893,0.4413147,2.677758,26.606781,1005.47205,4.6410513,-1.8811951,4.6410513,1.8811951,False,False,False,False,False,False,test,no_reliable_analogs,,,,,0,,
2021-08-26 12:00:00,2021-09-03 12:00:00,8,25.49999999999999,70.49999999999999,Rajasthan,9,2021,2.616661,32.957947,998.4956,2.6775312,2.2388449,-3.3339844,2.6311018,33.622894,999.4252,-0.014440775,-0.6649475,0.014440775,0.6649475,False,False,False,False,False,False,test,no_reliable_analogs,,,,,0,,
2021-07-17 00:00:00,2021-07-25 00:00:00,8,26.999999999999996,81.0,Uttar Pradesh,7,2021,9.570816,26.52356,998.73236,3.1291115,3.2495146,-0.31903076,3.8554351,29.307434,998.12085,5.7153807,-2.7838745,5.7153807,2.7838745,False,False,False,False,False,False,test,ok,0.0,0.0,10.20911717414856,1.24803466796875,10,0.506053301692009,0.41425052285194397
2021-09-25 12:00:00,2021-10-03 12:00:00,8,25.49999999999999,92.99999999999999,Assam,10,2021,26.652657,23.350128,1007.1951,1.4612563,9.536253,-0.09643555,5.9248657,25.86496,1006.9604,20.72779,-2.5148315,20.72779,2.5148315,False,False,True,False,False,False,test,no_reliable_analogs,,,,,0,,
2021-09-27 00:00:00,2021-10-05 00:00:00,8,25.49999999999999,91.5,Meghalaya,10,2021,14.636509,22.059875,1010.65326,1.3354002,-10.757023,0.047943115,15.485666,23.658417,1010.0279,-0.84915733,-1.5985413,0.84915733,1.5985413,False,False,False,False,False,False,test,no_reliable_analogs,,,,,0,,
2021-09-17 00:00:00,2021-09-25 00:00:00,8,16.499999999999993,73.5,Maharashtra,9,2021,4.115101,24.212097,1008.4528,2.2033393,0.7980268,0.29315186,2.5232553,24.47879,1008.50854,1.5918455,-0.26669312,1.5918455,0.26669312,False,False,False,False,False,False,test,ok,0.1,0.0,6.88805251121521,0.6774566650390625,10,0.375106543302536,0.28463685512542725
2021-09-27 12:00:00,2021-10-05 12:00:00,8,11.999999999999991,72.0,Lakshadweep,10,2021,19.021086,26.442749,1006.77045,4.398888,6.051281,-0.17276001,16.276766,26.505554,1006.64417,2.74432,-0.062805176,2.74432,0.062805176,False,False,False,False,False,False,test,no_reliable_analogs,,,,,0,,
2021-07-02 00:00:00,2021-07-10 00:00:00,8,25.49999999999999,82.5,Uttar Pradesh,7,2021,0.34644842,28.145477,998.06464,2.5277557,0.32541713,-0.98602295,3.108931,28.68747,999.90955,-2.7624826,-0.5419922,2.7624826,0.5419922,False,False,False,False,False,False,test,ok,0.1111111111111111,0.2222222222222222,4.097643011146122,1.8365681966145833,9,0.5247899459467994,0.48824653029441833
2021-08-18 00:00:00,2021-08-26 00:00:00,8,26.999999999999996,94.5,Assam,8,2021,25.336351,24.123352,1001.0119,1.4259843,9.839556,-0.14849854,20.5365,25.337097,1001.7869,4.7998505,-1.2137451,4.7998505,1.2137451,False,False,False,False,False,False,test,no_reliable_analogs,,,,,0,,
2021-06-24 12:00:00,2021-07-02 12:00:00,8,28.499999999999982,94.5,Arunachal Pradesh,7,2021,51.04547,17.493774,1004.642,1.1290537,-15.423759,0.30569458,33.956055,16.538025,1007.3705,17.089417,0.9557495,17.089417,0.9557495,False,False,False,False,False,False,test,no_reliable_analogs,,,,,0,,
2021-08-08 12:00:00,2021-08-16 12:00:00,8,28.499999999999982,79.49999999999999,Uttar Pradesh,8,2021,0.6477808,32.439484,1001.4959,2.9584577,0.16751349,-0.16607666,4.7977605,33.281372,1001.62476,-4.1499796,-0.8418884,4.1499796,0.8418884,False,False,False,False,False,False,test,ok,0.0,0.0,1.1379369229078293,1.2158172607421875,10,0.46740327775478363,0.39110785722732544
2021-07-20 12:00:00,2021-07-28 12:00:00,8,26.999999999999996,83.99999999999999,Uttar Pradesh,7,2021,75.557465,29.139313,994.61096,0.9947539,56.279335,-0.28598022,12.412783,31.157501,994.76117,63.144684,-2.0181885,63.144684,2.0181885,True,False,True,False,False,True,test,no_reliable_analogs,,,,,0,,
2021-06-15 12:00:00,2021-06-23 12:00:00,8,11.999999999999991,94.5,Andaman and Nicobar,6,2021,10.673045,28.51651,1007.10846,9.0270195,2.2790337,1.5985413,23.243198,28.235382,1009.21173,-12.570153,0.28112793,12.570153,0.28112793,False,False,True,False,False,False,test,no_reliable_analogs,,,,,0,,
2021-09-16 00:00:00,2021-09-24 00:00:00,8,29.999999999999993,73.5,Rajasthan,9,2021,0.16752084,25.460327,1006.7468,1.5231628,-1.674299,0.52542114,9.996473,24.476074,1007.979,-9.828953,0.9842529,9.828953,0.9842529,False,False,True,False,False,False,test,no_reliable_analogs,,,,,0,,
2021-09-23 12:00:00,2021-10-01 12:00:00,8,26.999999999999996,72.0,Rajasthan,10,2021,0.08288484,32.215607,1002.8909,3.6398299,-1.3055357,1.6492615,0.4631312,32.955322,1006.9966,-0.38024634,-0.7397156,0.38024634,0.7397156,False,False,False,False,False,False,test,no_reliable_analogs,,,,,0,,
2021-06-23 12:00:00,2021-07-01 12:00:00,8,22.5,82.5,Chhattisgarh,7,2021,0.028176233,32.033966,997.978,2.2818367,0.02116575,0.74557495,5.262443,31.66803,999.3389,-5.2342668,0.36593628,5.2342668,0.36593628,False,False,False,False,False,False,test,ok,0.0,0.0,4.00842695236206,0.89886474609375,5,0.5030154526233673,0.429048627614975
2021-08-01 12:00:00,2021-08-09 12:00:00,8,18.0,81.0,Chhattisgarh,8,2021,1.9161936,30.359161,1003.51764,1.5780222,-0.29929912,-0.08340454,3.183707,31.703003,1004.29047,-1.2675134,-1.3438416,1.2675134,1.3438416,False,False,False,False,False,False,test,ok,0.0,0.0,2.902226337790489,1.3348236083984375,10,0.28206491470336914,0.1301046460866928
2021-07-12 00:00:00,2021-07-20 00:00:00,8,26.999999999999996,85.5,Bihar,7,2021,63.385628,23.370087,1001.3205,1.3454981,33.63076,0.055541992,17.042711,25.05719,1001.39136,46.34292,-1.6871033,46.34292,1.6871033,False,False,True,False,False,False,test,no_reliable_analogs,,,,,0,,
2021-08-03 12:00:00,2021-08-11 12:00:00,8,24.0,72.0,Gujarat,8,2021,0.6151164,32.025543,1004.1281,5.6518707,0.1811794,-0.18151855,0.4651121,33.817413,1003.372,0.15000433,-1.7918701,0.15000433,1.7918701,False,False,False,False,False,False,test,ok,0.0,0.0,0.10529306530952454,2.16910400390625,5,0.4462597191333771,0.39019715785980225
2021-09-27 12:00:00,2021-10-05 12:00:00,8,24.0,70.49999999999999,Gujarat,10,2021,0.15748604,30.709137,1005.3195,2.1794226,0.08151353,-0.3321228,0.108225,32.07013,1006.7012,0.049261034,-1.3609924,0.049261034,1.3609924,False,False,False,False,False,False,test,no_reliable_analogs,,,,,0,,
2021-09-25 12:00:00,2021-10-03 12:00:00,8,26.999999999999996,88.49999999999999,West Bengal,10,2021,25.000008,18.405487,1008.9534,0.9433593,3.5773811,-0.017944336,23.200554,18.94754,1008.3307,1.7994537,-0.5420532,1.7994537,0.5420532,False,False,False,False,False,False,test,no_reliable_analogs,,,,,0,,
2021-08-06 00:00:00,2021-08-14 00:00:00,8,28.499999999999982,92.99999999999999,Arunachal Pradesh,8,2021,25.268064,8.470856,1010.219,0.75628656,-8.24243,0.048553467,30.733053,10.473267,1010.0005,-5.4649887,-2.002411,5.4649887,2.002411,False,False,False,False,False,False,test,no_reliable_analogs,,,,,0,,
2021-06-19 12:00:00,2021-06-27 12:00:00,8,26.999999999999996,94.5,Assam,6,2021,19.952787,27.030823,1001.6216,1.4940062,-20.593714,1.0377502,8.166885,28.486633,1004.09686,11.785902,-1.4558105,11.785902,1.4558105,False,False,False,False,False,False,test,no_reliable_analogs,,,,,0,,
2021-09-06 00:00:00,2021-09-14 00:00:00,8,32.999999999999986,78.0,Jammu and Kashmir,9,2021,3.3184178,-4.111206,1021.7482,0.8794942,2.3691516,-2.7092896,3.19658,-3.1616821,1025.302,0.121837854,-0.9495239,0.121837854,0.9495239,False,False,False,False,False,False,test,no_reliable_analogs,,,,,0,,
2021-09-26 00:00:00,2021-10-04 00:00:00,8,26.999999999999996,72.0,Rajasthan,10,2021,0.12095565,25.152618,1005.20294,4.6678953,0.11733953,-0.42800903,0.0,27.238434,1005.22,0.12095565,-2.0858154,0.12095565,2.0858154,False,False,False,False,False,False,test,no_reliable_analogs,,,,,0,,
2021-09-20 00:00:00,2021-09-28 00:00:00,8,26.999999999999996,76.5,Rajasthan,9,2021,4.730233,23.982086,1006.9051,2.4895053,-4.813575,-0.016693115,7.1945906,26.925598,1006.0736,-2.4643574,-2.943512,2.4643574,2.943512,False,False,False,False,False,False,test,no_reliable_analogs,,,,,0,,
2021-08-07 00:00:00,2021-08-15 00:00:00,8,26.999999999999996,76.5,Rajasthan,8,2021,0.002753862,24.691895,1001.0527,4.417513,0.002753862,0.69033813,0.04141144,26.976593,1001.1971,-0.03865758,-2.2846985,0.03865758,2.2846985,False,False,False,False,False,False,test,no_reliable_analogs,,,,,0,,
2021-07-20 12:00:00,2021-07-28 12:00:00,8,18.0,83.99999999999999,Andhra Pradesh,7,2021,0.08023393,30.457733,998.7008,6.217372,-9.03383,1.28125,0.03255759,29.860565,999.6108,0.04767634,0.59716797,0.04767634,0.59716797,False,False,False,False,False,False,test,no_reliable_analogs,,,,,0,,
2021-06-22 00:00:00,2021-06-30 00:00:00,8,24.0,83.99999999999999,Jharkhand,6,2021,0.03448225,27.589172,999.239,4.246447,-0.014481768,-0.25424194,1.0336819,27.834198,1000.53906,-0.9991996,-0.24502563,0.9991996,0.24502563,False,False,False,False,False,False,test,ok,0.0,0.0,1.8261286769062282,2.22476806640625,10,0.4725326716899872,0.16941949725151062
2021-07-29 12:00:00,2021-08-06 12:00:00,8,28.499999999999982,88.49999999999999,Sikkim,8,2021,0.6541815,11.46463,1006.4679,2.893415,-1.0976527,1.5785828,4.7990346,11.028748,1007.51166,-4.144853,0.43588257,4.144853,0.43588257,False,False,False,False,False,False,test,no_reliable_analogs,,,,,0,,
2021-06-17 00:00:00,2021-06-25 00:00:00,8,18.0,82.5,Andhra Pradesh,6,2021,6.253274,24.380737,1004.712,3.3345375,0.9168763,-0.09515381,0.89888835,25.178436,1003.6318,5.3543854,-0.797699,5.3543854,0.797699,False,False,False,False,False,False,test,no_reliable_analogs,,,,,0,,
2021-06-06 12:00:00,2021-06-14 12:00:00,8,18.0,82.5,Andhra Pradesh,6,2021,64.790855,26.827423,998.6269,4.054932,31.153416,-0.4621277,8.777464,27.585297,998.8093,56.01339,-0.75787354,56.01339,0.75787354,True,False,True,False,False,True,test,no_reliable_analogs,,,,,0,,
2021-06-04 12:00:00,2021-06-12 12:00:00,8,20.999999999999993,79.49999999999999,Maharashtra,6,2021,8.879162,29.707092,998.23083,1.7139617,-9.388565,1.6940308,23.163029,28.750793,998.3932,-14.283867,0.9562988,14.283867,0.9562988,False,False,False,False,False,False,test,no_reliable_analogs,,,,,0,,
2021-09-03 12:00:00,2021-09-11 12:00:00,8,20.999999999999993,88.49999999999999,West Bengal,9,2021,6.96045,28.366394,1001.3862,3.16269,0.9994893,-0.012817383,31.576942,27.912628,998.96686,-24.616493,0.45376587,24.616493,0.45376587,False,False,True,False,False,False,test,ok,0.0,0.0,5.509619641304016,1.3579833984375,10,0.44084554314613345,0.2611761689186096
2021-07-28 12:00:00,2021-08-05 12:00:00,8,25.49999999999999,82.5,Uttar Pradesh,8,2021,0.6178787,31.227356,998.17737,1.9124606,-1.272296,0.12844849,0.5817816,32.353577,997.3217,0.03609705,-1.1262207,0.03609705,1.1262207,False,False,False,False,False,False,test,ok,0.2,0.1,10.60983311533928,1.54765625,10,0.4701653152704239,0.23954874277114868
2021-08-04 12:00:00,2021-08-12 12:00:00,8,32.999999999999986,73.5,Jammu and Kashmir,8,2021,1.7827158,32.830658,998.98047,1.5508907,0.5341326,-0.31274414,0.9413658,35.648987,1000.8166,0.84135,-2.8183289,0.84135,2.8183289,False,False,False,False,False,False,test,ok,0.125,0.375,2.5411126483231783,2.54986572265625,8,0.37499354779720306,0.28667429089546204
2021-09-23 12:00:00,2021-10-01 12:00:00,8,14.999999999999996,73.5,Goa,10,2021,4.7280965,26.624207,1007.2829,4.101776,0.5557723,0.110839844,0.8947787,27.644257,1007.4073,3.8333178,-1.02005,3.8333178,1.02005,False,False,False,False,False,False,test,ok,0.0,0.0,2.9051003721025257,0.4694959852430556,9,0.4738933775160048,0.3567753732204437
2021-08-01 12:00:00,2021-08-09 12:00:00,8,32.999999999999986,76.5,Himachal Pradesh,8,2021,1.3603361,12.262665,1011.19727,1.3489927,0.16167748,-0.33132935,2.3813553,14.60498,1011.18994,-1.0210192,-2.3423157,1.0210192,2.3423157,False,False,False,False,False,False,test,ok,0.0,0.2,1.356376016139984,2.110833740234375,10,0.3892078295350075,0.2155793160200119
2021-07-26 12:00:00,2021-08-03 12:00:00,8,34.49999999999999,74.99999999999999,Jammu and Kashmir,8,2021,1.2762917,16.040314,1008.31647,1.4851433,0.44572675,-0.8256531,2.7135265,17.610382,1008.2571,-1.4372348,-1.5700684,1.4372348,1.5700684,False,False,False,False,False,False,test,ok,0.1111111111111111,0.0,3.773880581061045,1.9961039225260417,9,0.35631195704142254,0.2252422571182251
2021-07-07 00:00:00,2021-07-15 00:00:00,8,36.0,78.0,Jammu and Kashmir,7,2021,2.9864454,-2.454071,1017.9618,0.8714751,2.2312872,2.8711243,2.3565965,-3.3036194,1020.10596,0.62984896,0.84954834,0.62984896,0.84954834,False,False,False,False,False,False,test,no_reliable_analogs,,,,,0,,
2021-08-29 00:00:00,2021-09-06 00:00:00,8,25.49999999999999,74.99999999999999,Rajasthan,9,2021,1.5860093,24.895386,1004.175,2.468102,1.2379578,0.08950806,1.7272825,26.765991,1004.5795,-0.14127326,-1.8706055,0.14127326,1.8706055,False,False,False,False,False,False,test,ok,0.0,0.2,1.4578469387255608,2.0831024169921877,10,0.3683242999017239,0.05898614972829819
2021-08-28 00:00:00,2021-09-05 00:00:00,8,9.0,92.99999999999999,Andaman and Nicobar,9,2021,5.0719094,27.772705,1007.409,8.245875,-5.200296,0.50845337,1.7974411,27.951141,1009.0558,3.2744684,-0.17843628,3.2744684,0.17843628,False,False,False,False,False,False,test,no_reliable_analogs,,,,,0,,
2021-09-30 12:00:00,2021-10-08 12:00:00,8,22.5,79.49999999999999,Madhya Pradesh,10,2021,2.564426,27.022583,1006.12964,0.8241817,1.7200578,-0.40701294,0.8368521,29.964325,1005.56,1.7275739,-2.941742,1.7275739,2.941742,False,False,False,False,False,False,test,ok,0.0,0.7,0.7473410019651056,3.11231689453125,10,0.4839435130357742,0.39256545901298523
2021-09-24 00:00:00,2021-10-02 00:00:00,8,20.999999999999993,82.5,Chhattisgarh,10,2021,16.280378,23.078949,1006.5527,2.048187,10.32756,-0.5512085,13.827996,26.495605,1009.3767,2.452382,-3.4166565,2.452382,3.4166565,False,True,False,True,False,False,test,no_reliable_analogs,,,,,0,,
2021-06-10 12:00:00,2021-06-18 12:00:00,8,28.499999999999982,81.0,Uttar Pradesh,6,2021,2.365858,28.491394,999.5997,0.9199198,-3.5028906,0.5343933,23.480217,26.010345,1000.5769,-21.114359,2.4810486,21.114359,2.4810486,True,False,True,False,False,False,test,no_reliable_analogs,,,,,0,,
2021-08-10 12:00:00,2021-08-18 12:00:00,8,20.999999999999993,83.99999999999999,Odisha,8,2021,8.41565,27.786163,999.57776,1.2158438,4.0593724,-0.77142334,17.028772,27.80133,1000.8599,-8.613122,-0.015167236,8.613122,0.015167236,False,False,False,False,False,False,test,ok,0.0,0.2,5.701972770690918,1.517193603515625,5,0.4801841378211975,0.38252323865890503
2021-08-05 00:00:00,2021-08-13 00:00:00,8,29.999999999999993,74.99999999999999,Punjab,8,2021,0.0,28.677368,999.2696,3.2673771,-0.0002104416,-0.38198853,0.00010589427,29.662048,1000.94916,-0.00010589427,-0.9846802,0.00010589427,0.9846802,False,False,False,False,False,False,test,ok,0.0,0.0,1.0598152715247124,1.17979736328125,10,0.4719752162694931,0.35130777955055237
2021-06-03 00:00:00,2021-06-11 00:00:00,8,25.49999999999999,90.0,Meghalaya,6,2021,5.5540776,25.806976,998.1809,2.0937905,-2.1783767,-0.028167725,11.43546,26.289612,998.6774,-5.8813825,-0.4826355,5.8813825,0.4826355,False,False,False,False,False,False,test,ok,0.0,0.5,2.2180813550949097,2.459124755859375,10,0.5055940747261047,0.30046069622039795
2021-07-07 00:00:00,2021-07-15 00:00:00,8,20.999999999999993,82.5,Chhattisgarh,7,2021,4.9244137,24.69754,999.95337,1.7596023,1.6944351,0.08383179,1.4010441,27.489807,1002.54614,3.5233696,-2.7922668,3.5233696,2.7922668,False,False,False,False,False,False,test,ok,0.0,0.1,5.548289203643799,1.9535919189453126,10,0.47062714099884034,0.34457364678382874
2021-07-25 12:00:00,2021-08-02 12:00:00,8,24.0,83.99999999999999,Jharkhand,8,2021,7.0815363,28.166779,996.706,4.2109294,-56.662235,0.87612915,0.75482625,28.919525,999.6742,6.32671,-0.7527466,6.32671,0.7527466,False,False,False,False,False,False,test,no_reliable_analogs,,,,,0,,
2021-08-31 00:00:00,2021-09-08 00:00:00,8,24.0,74.99999999999999,Madhya Pradesh,9,2021,13.132354,23.828644,1004.63416,1.2281004,-0.056560516,-0.18344116,2.5853555,26.825378,1001.87396,10.546998,-2.9967346,10.546998,2.9967346,False,False,True,False,False,False,test,ok,0.0,0.1111111111111111,8.255173047383627,2.5095757378472223,9,0.556663347615136,0.4913390278816223
2021-07-03 00:00:00,2021-07-11 00:00:00,8,9.0,76.5,Kerala,7,2021,16.442118,24.60141,1007.7358,6.2006516,-0.54854393,0.104888916,26.061632,25.136414,1007.0555,-9.619514,-0.53500366,9.619514,0.53500366,False,False,False,False,False,False,test,ok,0.0,0.0,6.405041885375977,0.603851318359375,5,0.3849480152130127,0.2530200779438019
2021-07-22 12:00:00,2021-07-30 12:00:00,8,28.499999999999982,74.99999999999999,Rajasthan,7,2021,0.050623443,32.33609,995.3948,4.563014,-0.8448921,-0.9923096,9.914223,30.462952,997.10443,-9.863599,1.8731384,9.863599,1.8731384,False,False,True,False,False,False,test,no_reliable_analogs,,,,,0,,
2021-07-12 00:00:00,2021-07-20 00:00:00,8,20.999999999999993,73.5,Gujarat,7,2021,7.055999,24.557281,1003.33124,4.9519343,-0.91502714,0.032836914,15.946023,25.638367,1003.74756,-8.890024,-1.0810852,8.890024,1.0810852,False,False,True,False,False,False,test,ok,0.0,0.0,3.680550789833069,2.042864990234375,10,0.3300944447517395,0.30027851462364197
2021-07-19 00:00:00,2021-07-27 00:00:00,8,32.999999999999986,79.49999999999999,Jammu and Kashmir,7,2021,1.8322572,5.8660583,1010.96265,1.3296219,0.8138596,0.5118408,0.75486803,8.309387,1009.91235,1.0773891,-2.4433289,1.0773891,2.4433289,False,False,False,False,False,False,test,ok,0.0,0.0,0.8178383231163024,1.2831268310546875,10,0.3899176508188248,0.2595962882041931
2021-07-25 00:00:00,2021-08-02 00:00:00,8,10.499999999999996,78.0,Tamil Nadu,8,2021,0.26383498,24.29187,1008.10864,3.574461,0.11029886,0.047058105,0.09440441,26.179504,1009.12,0.16943058,-1.8876343,0.16943058,1.8876343,False,False,False,False,False,False,test,ok,0.1,0.0,3.259872305393219,1.6762176513671876,10,0.2479372963309288,0.12626045942306519
2021-09-17 12:00:00,2021-09-25 12:00:00,8,24.0,94.5,Manipur,9,2021,6.2357736,24.216583,1006.61365,0.86258304,-6.4581027,0.79403687,2.5565567,28.38327,1006.11273,3.6792169,-4.166687,3.6792169,4.166687,False,True,False,True,False,False,test,no_reliable_analogs,,,,,0,,
2021-06-30 00:00:00,2021-07-08 00:00:00,8,16.499999999999993,78.0,Andhra Pradesh,7,2021,9.3708725,23.86493,1006.854,2.550318,-1.3609638,0.15460205,10.823303,24.430023,1006.3402,-1.4524307,-0.565094,1.4524307,0.565094,False,False,False,False,False,False,test,ok,0.0,0.0,3.619693120320638,1.6184285481770833,6,0.43228883544603985,0.33825868368148804
2021-07-08 12:00:00,2021-07-16 12:00:00,8,28.499999999999982,79.49999999999999,Uttar Pradesh,7,2021,4.797318,33.49759,1000.06274,1.8954123,-2.2448406,1.3931885,1.4186324,33.155212,1002.21423,3.3786855,0.3423767,3.3786855,0.3423767,False,False,False,False,False,False,test,no_reliable_analogs,,,,,0,,
2021-08-28 12:00:00,2021-09-05 12:00:00,8,10.499999999999996,78.0,Tamil Nadu,9,2021,0.20187211,30.898376,1004.2059,4.3042502,-0.017257348,-0.23269653,6.353968,27.554535,1006.4568,-6.152096,3.3438416,6.152096,3.3438416,False,True,False,True,False,False,test,ok,0.0,0.0,1.595586382318288,0.9294662475585938,8,0.299634562805295,0.14928512275218964
2021-06-13 00:00:00,2021-06-21 00:00:00,8,18.0,83.99999999999999,Andhra Pradesh,6,2021,0.8972624,27.8721,1002.3846,7.1940336,-8.264593,0.4295349,0.011601,28.973145,1004.07837,0.8856614,-1.1010437,0.8856614,1.1010437,False,False,False,False,False,False,test,no_reliable_analogs,,,,,0,,
2021-06-13 00:00:00,2021-06-21 00:00:00,8,28.499999999999982,88.49999999999999,Sikkim,6,2021,0.5661477,3.736145,1015.49774,1.4818568,-4.7979245,-0.7913513,6.537929,5.9276123,1013.99554,-5.9717813,-2.1914673,5.9717813,2.1914673,False,False,False,False,False,False,test,no_reliable_analogs,,,,,0,,
2021-06-17 12:00:00,2021-06-25 12:00:00,8,22.5,91.5,Tripura,6,2021,6.1219454,27.565094,999.9609,6.43923,-18.285397,0.35458374,7.340179,28.838715,1001.88513,-1.2182336,-1.2736206,1.2182336,1.2736206,False,False,False,False,False,False,test,no_reliable_analogs,,,,,0,,
2021-06-15 12:00:00,2021-06-23 12:00:00,8,7.499999999999991,92.99999999999999,Andaman and Nicobar,6,2021,8.460074,28.556335,1007.97107,7.2123923,0.75451946,0.6613159,10.112224,27.640503,1010.05365,-1.6521492,0.9158325,1.6521492,0.9158325,False,False,False,False,False,False,test,no_reliable_analogs,,,,,0,,
2021-06-23 12:00:00,2021-07-01 12:00:00,8,20.999999999999993,87.0,Odisha,7,2021,0.010150928,31.124573,997.94037,5.962215,-1.0053239,-0.022369385,0.37529856,30.498444,999.7612,-0.36514762,0.62612915,0.36514762,0.62612915,False,False,False,False,False,False,test,ok,0.3,0.0,16.63151393532753,0.8226470947265625,10,0.4554726928472519,0.38744622468948364
2021-08-21 12:00:00,2021-08-29 12:00:00,8,28.499999999999982,79.49999999999999,Uttar Pradesh,8,2021,4.5469856,28.511932,1002.8939,1.367804,2.4089444,-1.9713745,14.3264675,27.230133,1002.219,-9.779482,1.2817993,9.779482,1.2817993,False,False,True,False,False,False,test,no_reliable_analogs,,,,,0,,
2021-09-27 12:00:00,2021-10-05 12:00:00,8,20.999999999999993,76.5,Maharashtra,10,2021,5.5133157,27.313293,1006.9139,1.406326,1.7186317,-0.15600586,2.382956,30.652344,1006.27313,3.1303596,-3.3390503,3.1303596,3.3390503,False,True,False,True,False,False,test,ok,0.0,0.2,1.8060730516910553,2.802447509765625,5,0.44815746545791624,0.36564087867736816
2021-08-23 12:00:00,2021-08-31 12:00:00,8,24.0,88.49999999999999,West Bengal,8,2021,4.4182754,28.613525,1005.47406,1.7596828,-1.0701694,0.1222229,4.9851513,30.325836,1006.31116,-0.56687593,-1.7123108,0.56687593,1.7123108,False,False,False,False,False,False,test,ok,0.0,0.0,1.9287787556648255,1.606591796875,10,0.48760337233543394,0.22815963625907898
2021-08-29 00:00:00,2021-09-06 00:00:00,8,10.499999999999996,92.99999999999999,Andaman and Nicobar,9,2021,14.279649,26.667969,1007.9838,8.973057,-7.3406153,0.014831543,4.0588365,27.711914,1009.035,10.220812,-1.0439453,10.220812,1.0439453,False,False,True,False,False,False,test,no_reliable_analogs,,,,,0,,
2021-09-11 00:00:00,2021-09-19 00:00:00,8,24.0,82.5,Madhya Pradesh,9,2021,1.0578562,23.808044,1007.3692,1.6506613,-4.374674,0.3045044,2.2490594,26.21939,1008.5826,-1.1912032,-2.4113464,1.1912032,2.4113464,False,False,False,False,False,False,test,ok,0.0,0.0,3.0853065729141234,2.4790557861328124,10,0.5088707447052002,0.4578259587287903
2021-06-24 12:00:00,2021-07-02 12:00:00,8,31.499999999999993,74.99999999999999,Punjab,7,2021,0.0016863628,41.900726,991.3071,2.3553097,-4.5949128e-06,0.7600708,0.2258987,39.273132,994.1639,-0.22421233,2.627594,0.22421233,2.627594,False,False,False,False,False,False,test,no_reliable_analogs,,,,,0,,
2021-07-08 12:00:00,2021-07-16 12:00:00,8,32.999999999999986,78.0,Jammu and Kashmir,7,2021,0.1892961,11.4340515,1011.2954,2.2774875,0.15604997,0.20562744,0.38170603,13.991608,1012.9392,-0.19240993,-2.5575562,0.19240993,2.5575562,False,False,False,False,False,False,test,no_reliable_analogs,,,,,0,,
2021-07-18 00:00:00,2021-07-26 00:00:00,8,22.5,73.5,Gujarat,7,2021,18.484686,25.331787,1001.53766,4.4650316,-8.82633,-0.08972168,69.75132,26.05664,1000.92053,-51.266632,-0.7248535,51.266632,0.7248535,True,False,True,False,True,False,test,no_reliable_analogs,,,,,0,,
2021-07-28 00:00:00,2021-08-05 00:00:00,8,11.999999999999991,78.0,Tamil Nadu,8,2021,0.2788648,22.710114,1010.2497,3.0581775,-0.06553665,0.08709717,1.1667603,24.856964,1009.7729,-0.8878955,-2.1468506,0.8878955,2.1468506,False,False,False,True,False,False,test,ok,0.0,0.0,0.4168800748884678,2.057281494140625,10,0.23532846421003342,0.14441946148872375
2021-09-02 12:00:00,2021-09-10 12:00:00,8,22.5,81.0,Madhya Pradesh,9,2021,5.438186,25.749268,1003.01733,2.2475057,-5.588407,1.0784607,8.314834,27.657532,1002.76697,-2.8766475,-1.9082642,2.8766475,1.9082642,False,False,False,False,False,False,test,no_reliable_analogs,,,,,0,,
2021-08-07 00:00:00,2021-08-15 00:00:00,8,20.999999999999993,81.0,Chhattisgarh,8,2021,0.62293595,24.130371,1003.4366,2.0804195,0.065256774,0.0692749,2.1504443,26.901855,1003.26416,-1.5275083,-2.7714844,1.5275083,2.7714844,False,False,False,False,False,False,test,ok,0.0,0.2,2.4844999253749847,2.336016845703125,10,0.34363983273506166,0.27924585342407227
2021-06-26 12:00:00,2021-07-04 12:00:00,8,22.5,76.5,Madhya Pradesh,7,2021,0.025308438,33.740906,1003.06805,3.9664001,-0.010842033,-0.17523193,0.25774243,34.56723,1003.2937,-0.232434,-0.82632446,0.232434,0.82632446,False,False,False,False,False,False,test,ok,0.0,0.5714285714285714,0.15622597294194357,2.82757568359375,7,0.5518641812460763,0.4570072293281555
2021-09-04 12:00:00,2021-09-12 12:00:00,8,10.499999999999996,72.0,Lakshadweep,9,2021,0.15059723,28.011353,1007.5479,6.294305,-0.20032965,0.038604736,2.691261,27.910645,1007.08185,-2.5406637,0.10070801,2.5406637,0.10070801,False,False,False,False,False,False,test,ok,0.1,0.0,5.941261366009712,0.5496185302734375,10,0.3075283706188202,0.25440269708633423
2021-07-20 00:00:00,2021-07-28 00:00:00,8,22.5,78.0,Madhya Pradesh,7,2021,3.0593524,23.557892,1000.25446,5.004198,-2.1147952,0.035339355,24.076761,23.52127,1001.7999,-21.017408,0.036621094,21.017408,0.036621094,False,False,False,False,False,False,test,ok,0.0,0.0,2.088088649511337,1.0535186767578124,10,0.477411213517189,0.4265812337398529
2021-09-27 00:00:00,2021-10-05 00:00:00,8,11.999999999999991,73.5,Lakshadweep,10,2021,18.596457,26.638153,1005.5059,5.7215447,8.025785,0.14376831,8.441912,27.172089,1006.156,10.154545,-0.53393555,10.154545,0.53393555,False,False,False,False,False,False,test,no_reliable_analogs,,,,,0,,
2021-07-08 00:00:00,2021-07-16 00:00:00,8,16.499999999999993,74.99999999999999,Karnataka,7,2021,7.8005104,22.389374,1004.80444,4.86811,0.87177324,-0.22433472,14.190904,23.498932,1005.58203,-6.3903933,-1.1095581,6.3903933,1.1095581,False,False,False,False,False,False,test,ok,0.0,0.2,3.3967446804046633,2.1232666015625,10,0.402245357632637,0.3255923390388489
2021-06-22 12:00:00,2021-06-30 12:00:00,8,25.49999999999999,78.0,Madhya Pradesh,6,2021,0.0,39.348175,994.2952,5.8779097,-0.0021286893,0.6500244,0.026837578,38.156036,997.5757,-0.026837578,1.1921387,0.026837578,1.1921387,False,False,False,False,False,False,test,no_reliable_analogs,,,,,0,,
2021-06-18 00:00:00,2021-06-26 00:00:00,8,29.999999999999993,73.5,Rajasthan,6,2021,0.0,32.29071,995.601,5.5009303,0.0,-0.22113037,0.14613968,28.203003,1000.2575,-0.14613968,4.0877075,0.14613968,4.0877075,False,True,False,True,False,False,test,ok,0.0,0.125,0.09548020589863881,1.761016845703125,8,0.4480944462120533,0.35610681772232056
2021-07-20 00:00:00,2021-07-28 00:00:00,8,28.499999999999982,91.5,Arunachal Pradesh,7,2021,12.496634,4.5017395,1012.1663,0.91532403,4.4389715,-0.2402649,11.05084,6.225769,1012.7321,1.4457932,-1.7240295,1.4457932,1.7240295,False,False,False,False,False,False,test,ok,0.0,0.0,4.562756935755412,1.1596476236979167,6,0.37515852351983386,0.29230010509490967
2021-06-29 12:00:00,2021-07-07 12:00:00,8,11.999999999999991,92.99999999999999,Andaman and Nicobar,7,2021,5.4079814,28.108002,1007.1858,7.103711,-1.6448107,0.3540039,8.400182,27.128357,1006.43335,-2.9922004,0.9796448,2.9922004,0.9796448,False,False,False,False,False,False,test,ok,0.0,0.0,5.7170703411102295,0.6039886474609375,10,0.36611829698085785,0.3116219937801361
2021-09-16 00:00:00,2021-09-24 00:00:00,8,24.0,82.5,Madhya Pradesh,9,2021,2.4255848,23.419617,1007.74255,2.26712,-2.483193,0.17263794,11.667107,25.241058,1006.58514,-9.241522,-1.8214417,9.241522,1.8214417,False,False,False,False,False,False,test,ok,0.0,0.1,1.086016309261322,2.269952392578125,10,0.3985213220119476,0.321694940328598
2021-06-08 00:00:00,2021-06-16 00:00:00,8,25.49999999999999,87.0,Bihar,6,2021,19.00859,26.004791,995.2319,2.2271655,13.569321,-0.3600464,11.552838,27.031769,997.06604,7.4557524,-1.0269775,7.4557524,1.0269775,False,False,False,False,False,False,test,no_reliable_analogs,,,,,0,,
2021-06-24 00:00:00,2021-07-02 00:00:00,8,11.999999999999991,79.49999999999999,Tamil Nadu,7,2021,2.2279465,26.217651,1005.0073,2.6026406,-1.8411157,0.061401367,12.733542,26.868713,1005.71625,-10.505596,-0.651062,10.505596,0.651062,False,False,False,False,False,False,test,ok,0.0,0.0,3.740377902984619,0.7135467529296875,6,0.29680732389291126,0.1957707703113556
2021-07-14 12:00:00,2021-07-22 12:00:00,8,19.499999999999996,76.5,Maharashtra,7,2021,19.488811,25.214233,1000.65173,4.8875794,-31.62257,-1.1340942,22.353268,26.602264,998.5746,-2.8644562,-1.388031,2.8644562,1.388031,False,False,False,False,False,False,test,no_reliable_analogs,,,,,0,,
2021-06-15 00:00:00,2021-06-23 00:00:00,8,13.5,79.49999999999999,Andhra Pradesh,6,2021,3.6256685,25.782288,1006.0678,3.4650512,3.053985,-0.760437,0.15106234,28.129974,1006.88104,3.4746063,-2.3476868,3.4746063,2.3476868,False,False,False,True,False,False,test,no_reliable_analogs,,,,,0,,
2021-07-13 00:00:00,2021-07-21 00:00:00,8,20.999999999999993,73.5,Gujarat,7,2021,6.15756,24.595764,1004.7139,4.796631,0.45140648,-0.13839722,10.456758,25.523102,1003.8748,-4.2991977,-0.92733765,4.2991977,0.92733765,False,False,False,False,False,False,test,ok,0.0,0.0,3.1295036673545837,1.982427978515625,10,0.3757471561431885,0.2927326560020447
2021-06-07 00:00:00,2021-06-15 00:00:00,8,25.49999999999999,83.99999999999999,Bihar,6,2021,17.373755,26.611084,993.71954,6.382701,-2.103609,0.33966064,22.787199,26.677765,993.81305,-5.4134445,-0.06668091,5.4134445,0.06668091,False,False,False,False,False,False,test,no_reliable_analogs,,,,,0,,
2021-06-01 12:00:00,2021-06-09 12:00:00,8,25.49999999999999,81.0,Uttar Pradesh,6,2021,0.0016910387,40.66397,993.644,4.502578,0.0,0.0,2.0748858,34.322876,996.12427,-2.0731947,6.341095,2.0731947,6.341095,False,True,False,True,False,False,test,ok,0.0,0.3,1.1317208367399871,2.7091766357421876,10,0.4481815010309219,0.3688502609729767
2021-09-21 12:00:00,2021-09-29 12:00:00,8,19.499999999999996,79.49999999999999,Andhra Pradesh,9,2021,10.610479,26.564697,1004.8254,1.4125632,5.802351,-1.0760498,0.3086521,31.118225,1004.78955,10.301827,-4.553528,10.301827,4.553528,False,True,False,True,False,False,test,no_reliable_analogs,,,,,0,,
2021-06-27 00:00:00,2021-07-05 00:00:00,8,29.999999999999993,74.99999999999999,Punjab,7,2021,0.0073739486,31.090576,1000.66296,2.9650905,-0.005680808,0.5527344,0.1879977,29.732819,1002.63416,-0.18062375,1.3577576,0.18062375,1.3577576,False,False,False,False,False,False,test,no_reliable_analogs,,,,,0,,
2021-06-21 00:00:00,2021-06-29 00:00:00,8,24.0,88.49999999999999,West Bengal,6,2021,14.0909815,28.64267,999.75665,3.7438512,-4.6089087,1.8356628,3.7654388,28.427887,1002.34216,10.325542,0.21478271,10.325542,0.21478271,False,False,False,False,False,False,test,no_reliable_analogs,,,,,0,,
2021-08-25 12:00:00,2021-09-02 12:00:00,8,11.999999999999991,73.5,Lakshadweep,9,2021,3.1037965,27.746277,1007.4445,5.190643,-5.2338424,0.35299683,4.4098134,26.534637,1007.3388,-1.3060169,1.2116394,1.3060169,1.2116394,False,False,False,False,False,False,test,no_reliable_analogs,,,,,0,,
2021-09-08 00:00:00,2021-09-16 00:00:00,8,28.499999999999982,79.49999999999999,Uttar Pradesh,9,2021,3.0324504,26.481049,1003.31757,5.1893983,2.2285686,0.14578247,1.9018738,25.976654,1003.3702,1.1305766,0.50439453,1.1305766,0.50439453,False,False,False,False,False,False,test,no_reliable_analogs,,,,,0,,
2021-06-17 00:00:00,2021-06-25 00:00:00,8,18.0,73.5,Maharashtra,6,2021,6.4229255,23.8414,1007.45984,3.742735,0.5923915,-0.12753296,11.902422,24.208252,1007.82947,-5.4794965,-0.3668518,5.4794965,0.3668518,False,False,False,False,False,False,test,ok,0.0,0.0,7.4025144338607785,1.362261962890625,10,0.3587514191865921,0.2589699327945709
2021-06-19 12:00:00,2021-06-27 12:00:00,8,19.499999999999996,74.99999999999999,Maharashtra,6,2021,0.8881723,30.516937,1005.7562,5.7651854,0.37701708,-0.56954956,6.8296347,27.449158,1006.9797,-5.9414625,3.0677795,5.9414625,3.0677795,False,True,False,True,False,False,test,ok,0.0,0.2,3.049392247200012,1.239398193359375,5,0.4521005034446716,0.32593363523483276
2021-08-23 12:00:00,2021-08-31 12:00:00,8,22.5,73.5,Gujarat,8,2021,7.9299083,30.18158,1005.2032,1.3773402,-4.420387,0.7659302,13.427379,29.402344,1001.93445,-5.4974704,0.77923584,5.4974704,0.77923584,False,False,False,False,False,False,test,no_reliable_analogs,,,,,0,,
2021-07-16 00:00:00,2021-07-24 00:00:00,8,19.499999999999996,81.0,Chhattisgarh,7,2021,9.436917,23.375275,999.51025,3.9512594,-20.677055,0.24020386,7.9442897,23.313782,1000.3491,1.4926276,0.06149292,1.4926276,0.06149292,False,False,False,False,False,False,test,no_reliable_analogs,,,,,0,,
2021-06-21 12:00:00,2021-06-29 12:00:00,8,29.999999999999993,94.5,Arunachal Pradesh,6,2021,8.657717,9.9375305,1008.48694,1.2418057,0.23040771,-0.08847046,9.817596,11.257233,1008.77466,-1.1598797,-1.3197021,1.1598797,1.3197021,False,False,False,False,False,False,test,ok,0.0,0.0,2.3463860511779786,2.1929595947265623,10,0.3194290116429329,0.17305755615234375
2021-08-23 00:00:00,2021-08-31 00:00:00,8,19.499999999999996,85.5,Odisha,8,2021,12.856391,26.598114,1006.1557,4.1973658,-0.15521812,0.2215271,15.707046,26.859467,1006.25867,-2.8506546,-0.26135254,2.8506546,0.26135254,False,False,False,False,False,False,test,no_reliable_analogs,,,,,0,,
2021-08-28 00:00:00,2021-09-05 00:00:00,8,16.499999999999993,78.0,Andhra Pradesh,9,2021,6.407108,22.621735,1006.788,3.405397,3.0103848,-0.17175293,27.372055,24.079773,1005.344,-20.964947,-1.4580383,20.964947,1.4580383,False,False,True,False,False,False,test,ok,0.0,0.16666666666666666,6.07004729906718,2.3900146484375,6,0.4351396361986796,0.38629618287086487
2021-09-25 00:00:00,2021-10-03 00:00:00,8,34.49999999999999,76.5,Jammu and Kashmir,10,2021,0.88515717,-1.1199036,1017.8999,0.839224,-5.272753,2.0167847,2.5980377,-2.0643005,1020.77454,-1.7128806,0.944397,1.7128806,0.944397,False,False,False,False,False,False,test,no_reliable_analogs,,,,,0,,
2021-08-12 12:00:00,2021-08-20 12:00:00,8,26.999999999999996,76.5,Rajasthan,8,2021,6.505362,29.507202,999.9793,2.9506195,-1.1287966,0.28125,3.1913862,29.45398,1002.2442,3.3139758,0.053222656,3.3139758,0.053222656,False,False,False,False,False,False,test,no_reliable_analogs,,,,,0,,
2021-07-12 00:00:00,2021-07-20 00:00:00,8,26.999999999999996,90.0,Assam,7,2021,40.930595,18.422638,1005.60345,0.7709643,10.409496,0.2062378,14.04553,20.85083,1005.67944,26.885065,-2.4281921,26.885065,2.4281921,False,False,True,False,False,False,test,no_reliable_analogs,,,,,0,,
2021-08-03 12:00:00,2021-08-11 12:00:00,8,19.499999999999996,78.0,Maharashtra,8,2021,0.22340348,30.435455,1005.8192,3.1750767,-0.32256058,-0.29574585,0.45861202,31.693054,1004.7852,-0.23520854,-1.2575989,0.23520854,1.2575989,False,False,False,False,False,False,test,ok,0.2,0.0,7.712015604972839,1.70965576171875,5,0.5131215393543244,0.4592423141002655
2021-08-21 12:00:00,2021-08-29 12:00:00,8,13.5,78.0,Karnataka,8,2021,6.022179,24.479614,1005.59595,2.6664555,-8.082891,-0.23019409,7.514716,25.251404,1003.8265,-1.492537,-0.77178955,1.492537,0.77178955,False,False,False,False,False,False,test,no_reliable_analogs,,,,,0,,
2021-09-04 00:00:00,2021-09-12 00:00:00,8,25.49999999999999,87.0,Bihar,9,2021,4.7402825,25.345276,1001.96967,0.86171263,1.5650337,0.061157227,3.7817478,28.6828,1001.84045,0.9585347,-3.3375244,0.9585347,3.3375244,False,True,False,True,False,False,test,ok,0.0,0.0,3.554828405380249,1.737091064453125,10,0.48074822425842284,0.3485799729824066
2021-07-31 00:00:00,2021-08-08 00:00:00,8,11.999999999999991,74.99999999999999,Kerala,8,2021,18.24339,24.657776,1011.0426,3.8670754,-0.008516312,-0.038238525,16.378998,24.775848,1009.14185,1.8643913,-0.11807251,1.8643913,0.11807251,False,False,False,False,False,False,test,ok,0.0,0.0,3.8625537157058716,0.5737228393554688,8,0.38656774908304214,0.29433172941207886
2021-07-05 12:00:00,2021-07-13 12:00:00,8,22.5,73.5,Gujarat,7,2021,7.6715026,29.315338,998.5204,2.7559698,-23.256788,0.20361328,2.092869,32.672913,998.0683,5.5786333,-3.3575745,5.5786333,3.3575745,False,True,False,True,False,False,test,no_reliable_analogs,,,,,0,,
2021-09-02 00:00:00,2021-09-10 00:00:00,8,11.999999999999991,73.5,Lakshadweep,9,2021,1.1702143,27.317017,1009.1834,6.410676,-0.94678104,0.87631226,2.6548173,27.174042,1010.5867,-1.484603,0.14297485,1.484603,0.14297485,False,False,False,False,False,False,test,ok,0.0,0.0,0.7401811838150024,0.536578369140625,5,0.2879725307226181,0.09337790310382843
2021-09-16 12:00:00,2021-09-25 12:00:00,9,9.0,76.5,Kerala,9,2021,5.8780503,26.117584,1008.20984,3.9040174,1.9407141,-0.0020141602,3.5365183,27.48999,1007.39087,2.341532,-1.372406,2.341532,1.372406,False,False,False,False,False,False,test,ok,0.0,0.0,3.545447301864624,1.0477020263671875,10,0.3169785633683205,0.2081039398908615
2021-07-04 00:00:00,2021-07-13 00:00:00,9,31.499999999999993,76.5,Himachal Pradesh,7,2021,30.144747,22.554108,1003.0496,1.3293802,-2.3849468,0.16848755,28.796898,23.087769,1006.54236,1.3478489,-0.5336609,1.3478489,0.5336609,False,False,False,False,False,False,test,no_reliable_analogs,,,,,0,,
2021-07-02 12:00:00,2021-07-11 12:00:00,9,26.999999999999996,76.5,Rajasthan,7,2021,0.28454667,35.875397,998.31274,2.7490988,0.2739928,-2.3326416,1.1765249,34.769104,999.0889,-0.8919782,1.1062927,0.8919782,1.1062927,False,False,False,False,False,False,test,no_reliable_analogs,,,,,0,,
2021-06-01 12:00:00,2021-06-10 12:00:00,9,11.999999999999991,94.5,Andaman and Nicobar,6,2021,22.450214,27.233154,1005.7159,11.904502,0.0,0.0,19.474035,27.753906,1005.3307,2.9761791,-0.52075195,2.9761791,0.52075195,False,False,False,False,False,False,test,no_reliable_analogs,,,,,0,,
2021-06-28 12:00:00,2021-07-07 12:00:00,9,19.499999999999996,73.5,Maharashtra,7,2021,3.7841628,26.888641,1005.5369,3.7023337,0.2433722,-0.57421875,1.9454832,29.674896,1004.4852,1.8386796,-2.786255,1.8386796,2.786255,False,False,False,True,False,False,test,ok,0.0,0.0,2.3749868671099343,1.7437896728515625,6,0.4465695222218831,0.385547935962677
2021-07-15 00:00:00,2021-07-24 00:00:00,9,14.999999999999996,74.99999999999999,Karnataka,7,2021,19.351757,21.957916,1006.93256,4.9155035,2.8026676,-0.39956665,13.875857,22.995422,1006.1891,5.4758997,-1.0375061,5.4758997,1.0375061,False,False,False,False,False,False,test,no_reliable_analogs,,,,,0,,
2021-07-29 12:00:00,2021-08-07 12:00:00,9,28.499999999999982,97.49999999999999,Arunachal Pradesh,8,2021,15.57541,12.449982,1010.85913,0.9767767,2.5817537,-0.277771,6.604038,15.366333,1010.8345,8.971373,-2.9163513,8.971373,2.9163513,False,False,False,False,False,False,test,ok,0.0,0.4,4.683923244476318,2.15697021484375,5,0.4078522562980652,0.30145788192749023
2021-07-12 00:00:00,2021-07-21 00:00:00,9,28.499999999999982,76.5,Haryana,7,2021,4.3956738,26.22168,999.0848,2.2429183,1.9180963,-0.29922485,6.9946914,28.006866,997.81665,-2.5990176,-1.7851868,2.5990176,1.7851868,False,False,False,False,False,False,test,ok,0.1,0.0,5.508293254673481,1.829547119140625,10,0.5349059551954269,0.47462159395217896
2021-07-31 12:00:00,2021-08-09 12:00:00,9,20.999999999999993,79.49999999999999,Maharashtra,8,2021,0.79833275,30.610138,1002.72174,2.7137477,-1.412931,1.415802,2.010717,30.92566,1004.0909,-1.2123842,-0.31552124,1.2123842,0.31552124,False,False,False,False,False,False,test,no_reliable_analogs,,,,,0,,
2021-08-24 00:00:00,2021-09-02 00:00:00,9,13.5,81.0,Tamil Nadu,9,2021,5.1378746,27.112335,1007.539,6.048563,1.7805903,0.15097046,3.6289608,26.949036,1006.5818,1.5089138,0.16329956,1.5089138,0.16329956,False,False,False,False,False,False,test,no_reliable_analogs,,,,,0,,
2021-06-04 00:00:00,2021-06-13 00:00:00,9,20.999999999999993,82.5,Chhattisgarh,6,2021,51.884617,24.582336,998.1188,5.522714,2.3682175,0.33758545,14.858334,26.726074,999.30743,37.026283,-2.1437378,37.026283,2.1437378,False,False,True,False,False,False,test,no_reliable_analogs,,,,,0,,
2021-07-22 12:00:00,2021-07-31 12:00:00,9,18.0,74.99999999999999,Maharashtra,7,2021,0.3320177,25.014313,1007.6106,7.174766,-0.45108154,-0.7142334,1.3329699,26.927185,1007.36346,-1.0009522,-1.9128723,1.0009522,1.9128723,False,False,False,False,False,False,test,no_reliable_analogs,,,,,0,,
2021-06-28 12:00:00,2021-07-07 12:00:00,9,11.999999999999991,73.5,Lakshadweep,7,2021,27.433521,26.343079,1007.34485,6.5066013,6.201702,0.045837402,14.147296,27.607788,1006.1775,13.286225,-1.2647095,13.286225,1.2647095,False,False,False,False,False,False,test,no_reliable_analogs,,,,,0,,
2021-07-03 00:00:00,2021-07-12 00:00:00,9,14.999999999999996,73.5,Goa,7,2021,36.18727,26.445862,1005.39984,7.3147674,-13.439209,0.21282959,39.77703,26.536743,1003.3567,-3.5897598,-0.09088135,3.5897598,0.09088135,False,False,False,False,False,False,test,no_reliable_analogs,,,,,0,,
2021-08-12 12:00:00,2021-08-21 12:00:00,9,20.999999999999993,82.5,Chhattisgarh,8,2021,0.46158725,28.461517,1004.5496,1.373359,-0.23555064,0.31045532,5.22416,30.387634,1005.555,-4.762573,-1.926117,4.762573,1.926117,False,False,False,False,False,False,test,ok,0.0,0.0,3.3606953157318964,1.6173638237847223,9,0.5320570667584738,0.4112328588962555
2021-08-01 12:00:00,2021-08-10 12:00:00,9,26.999999999999996,69.0,Rajasthan,8,2021,0.0,40.100037,996.85205,6.560708,0.0,-0.64868164,0.0,37.37436,998.4771,0.0,2.7256775,0.0,2.7256775,False,False,False,False,False,False,test,ok,0.0,0.0,0.13753559262931958,0.48017120361328125,8,0.4386969991028309,0.2319047749042511
2021-08-11 12:00:00,2021-08-20 12:00:00,9,32.999999999999986,79.49999999999999,Jammu and Kashmir,8,2021,0.008077835,16.787933,1000.91693,2.9295967,0.008077835,0.113983154,1.0729663,12.930542,1007.57245,-1.0648885,3.8573914,1.0648885,3.8573914,False,True,False,True,False,False,test,ok,0.0,0.375,0.657425994053483,2.0389671325683594,8,0.38805401138961315,0.2403225153684616
2021-07-03 12:00:00,2021-07-12 12:00:00,9,18.0,74.99999999999999,Maharashtra,7,2021,19.192015,24.70102,1003.71,6.5040293,7.014842,-1.2034607,11.421102,26.65622,1000.7326,7.770913,-1.9552002,7.770913,1.9552002,False,False,False,False,False,False,test,no_reliable_analogs,,,,,0,,
2021-06-01 12:00:00,2021-06-10 12:00:00,9,24.0,83.99999999999999,Jharkhand,6,2021,0.12406739,33.224854,996.24445,1.9694011,0.0,0.0,12.94325,27.460632,997.96185,-12.819182,5.764221,12.819182,5.764221,False,True,False,True,False,False,test,ok,0.0,0.2,7.221515494585037,2.5916748046875,10,0.45889470875263216,0.4339793920516968
2021-08-19 12:00:00,2021-08-28 12:00:00,9,25.49999999999999,70.49999999999999,Rajasthan,8,2021,0.13307652,35.874817,999.7079,7.6464443,-0.22084412,0.76901245,0.0024907344,35.868958,998.98236,0.13058579,0.005859375,0.13058579,0.005859375,False,False,False,False,False,False,test,no_reliable_analogs,,,,,0,,
2021-08-03 12:00:00,2021-08-12 12:00:00,9,16.499999999999993,81.0,Andhra Pradesh,8,2021,1.5221817,31.272888,1005.52466,3.7619965,-3.9001224,-1.2778931,5.439443,29.749939,1004.7562,-3.9172614,1.5229492,3.9172614,1.5229492,False,False,False,False,False,False,test,no_reliable_analogs,,,,,0,,
2021-08-07 12:00:00,2021-08-16 12:00:00,9,20.999999999999993,74.99999999999999,Maharashtra,8,2021,0.70095885,30.341187,1006.2307,3.9199114,0.33973,-0.38720703,0.9534629,30.94162,1005.2625,-0.25250405,-0.60043335,0.25250405,0.60043335,False,False,False,False,False,False,test,no_reliable_analogs,,,,,0,,
2021-07-10 12:00:00,2021-07-19 12:00:00,9,18.0,78.0,Andhra Pradesh,7,2021,17.727072,24.633728,1003.4355,3.903663,-4.4020386,0.18609619,12.319217,29.165436,1001.65765,5.407855,-4.531708,5.407855,4.531708,False,True,False,True,False,False,test,no_reliable_analogs,,,,,0,,
2021-08-03 12:00:00,2021-08-12 12:00:00,9,11.999999999999991,92.99999999999999,Andaman and Nicobar,8,2021,10.376567,26.98175,1009.5822,7.8788285,4.7879257,-0.88272095,8.059612,26.964417,1007.9487,2.3169546,0.017333984,2.3169546,0.017333984,False,False,False,False,False,False,test,no_reliable_analogs,,,,,0,,
2021-09-25 00:00:00,2021-10-04 00:00:00,9,25.49999999999999,94.5,Manipur,10,2021,8.996902,19.09378,1009.8303,0.9849852,-2.6505804,0.12033081,8.5144005,21.190948,1011.00586,0.48250198,-2.097168,0.48250198,2.097168,False,False,False,False,False,False,test,no_reliable_analogs,,,,,0,,
2021-06-17 00:00:00,2021-06-26 00:00:00,9,22.5,69.0,Gujarat,6,2021,0.62282664,28.698608,1002.25085,9.967295,-0.14786679,0.05505371,0.27203113,28.924957,1002.9998,0.3507955,-0.22634888,0.3507955,0.22634888,False,False,False,False,False,False,test,ok,0.0,0.0,0.425990617275238,0.42054443359375,10,0.39710924625396726,0.29331910610198975
2021-09-24 12:00:00,2021-10-03 12:00:00,9,26.999999999999996,73.5,Rajasthan,10,2021,2.1190155,29.03418,1005.85565,2.694704,2.0293193,-2.2229614,0.02087154,33.134247,1004.9673,2.0981438,-4.100067,2.0981438,4.100067,False,True,False,True,False,False,test,no_reliable_analogs,,,,,0,,
2021-06-07 00:00:00,2021-06-16 00:00:00,9,14.999999999999996,78.0,Andhra Pradesh,6,2021,2.6238859,24.010986,1006.33765,4.4396214,-3.464358,0.36871338,2.6792781,26.817352,1004.75446,-0.055392265,-2.806366,0.055392265,2.806366,False,False,False,True,False,False,test,ok,0.0,0.0,1.0632996559143066,2.229151407877604,6,0.4305145889520645,0.35671326518058777
2021-07-26 00:00:00,2021-08-04 00:00:00,9,22.5,70.49999999999999,Gujarat,8,2021,0.7341477,26.269196,1000.68866,5.8945456,-0.20055127,-0.023742676,0.884307,27.133942,1003.81134,-0.1501593,-0.8647461,0.1501593,0.8647461,False,False,False,False,False,False,test,ok,0.1,0.0,2.3427625417709352,1.213531494140625,10,0.27243848219513894,0.10243348032236099
2021-08-23 00:00:00,2021-09-01 00:00:00,9,24.0,85.5,Jharkhand,9,2021,1.5963788,24.036469,1008.66437,2.3310833,-0.3051716,0.16827393,2.441729,26.03714,1008.9699,-0.84535027,-2.0006714,0.84535027,2.0006714,False,False,False,False,False,False,test,ok,0.0,0.1,1.237477119266987,2.299310302734375,10,0.3941898912191391,0.20952263474464417
2021-07-27 00:00:00,2021-08-05 00:00:00,9,22.5,74.99999999999999,Madhya Pradesh,8,2021,100.471214,23.835632,1000.70874,5.0952125,80.76458,0.038208008,2.5772235,24.961609,1003.6403,97.89399,-1.1259766,97.89399,1.1259766,True,False,True,False,False,True,test,no_reliable_analogs,,,,,0,,
2021-06-26 00:00:00,2021-07-05 00:00:00,9,28.499999999999982,88.49999999999999,Sikkim,7,2021,5.2886643,3.715393,1015.40094,0.95413643,-0.48627567,-0.61257935,3.1233203,5.83902,1016.25165,2.165344,-2.1236267,2.165344,2.1236267,False,False,False,False,False,False,test,no_reliable_analogs,,,,,0,,
2021-09-01 12:00:00,2021-09-10 12:00:00,9,7.499999999999991,92.99999999999999,Andaman and Nicobar,9,2021,13.184063,26.88211,1008.2103,8.132761,2.7528114,0.36495972,5.1429253,26.6362,1008.5679,8.041138,0.24591064,8.041138,0.24591064,False,False,False,False,False,False,test,ok,0.0,0.0,8.013431549072266,0.764739990234375,5,0.3681211471557617,0.31806349754333496
2021-09-12 12:00:00,2021-09-21 12:00:00,9,20.999999999999993,74.99999999999999,Maharashtra,9,2021,1.7450435,27.812164,1005.0041,2.1494744,-1.7099612,1.1989136,14.742992,26.3862,1004.8524,-12.997949,1.4259644,12.997949,1.4259644,False,False,False,False,False,False,test,ok,0.0,0.0,1.425150922366551,0.9558497837611607,7,0.44165338788713726,0.32657256722450256
2021-09-25 12:00:00,2021-10-04 12:00:00,9,13.5,74.99999999999999,Karnataka,10,2021,8.461651,24.763,1006.6548,2.8434155,2.9599962,-0.44500732,10.64927,26.537506,1006.33124,-2.1876192,-1.7745056,2.1876192,1.7745056,False,False,False,False,False,False,test,no_reliable_analogs,,,,,0,,
2021-07-18 12:00:00,2021-07-27 12:00:00,9,10.499999999999996,79.49999999999999,Tamil Nadu,7,2021,0.13336515,31.124847,1005.28345,6.4180875,-0.09438883,0.12182617,0.7165384,31.718353,1004.85046,-0.5831733,-0.59350586,0.5831733,0.59350586,False,False,False,False,False,False,test,ok,0.0,0.0,0.9287246829933591,0.6254747178819444,9,0.28448696103360915,0.11717668175697327
2021-06-13 00:00:00,2021-06-22 00:00:00,9,24.0,73.5,Rajasthan,6,2021,0.47943223,25.938934,1004.7202,2.6110084,-0.34049404,-0.021087646,5.069173,25.763397,1005.221,-4.5897408,0.17553711,4.5897408,0.17553711,False,False,False,False,False,False,test,no_reliable_analogs,,,,,0,,
2021-07-19 00:00:00,2021-07-28 00:00:00,9,20.999999999999993,73.5,Gujarat,7,2021,9.258708,24.776794,1002.1683,6.6718006,-1.2445984,0.32800293,6.48658,25.546173,1002.4797,2.772128,-0.76937866,2.772128,0.76937866,False,False,False,False,False,False,test,ok,0.0,0.0,9.124049226442972,0.8055826822916666,6,0.5054777214924494,0.45177847146987915
2021-09-14 00:00:00,2021-09-23 00:00:00,9,29.999999999999993,74.99999999999999,Punjab,9,2021,1.6423478,25.088654,1006.4794,1.2246674,0.41186965,-0.14505005,23.073618,24.678497,1005.43286,-21.43127,0.41015625,21.43127,0.41015625,True,False,True,False,False,False,test,ok,0.0,0.1,1.5334367008312255,1.7171478271484375,10,0.4338221371173859,0.34579747915267944
2021-06-07 12:00:00,2021-06-16 12:00:00,9,26.999999999999996,81.0,Uttar Pradesh,6,2021,24.745333,31.24591,994.4963,2.6727498,3.9069538,0.77508545,3.4839756,31.485596,996.50946,21.261356,-0.23968506,21.261356,0.23968506,False,False,True,False,False,False,test,no_reliable_analogs,,,,,0,,
2021-06-17 00:00:00,2021-06-26 00:00:00,9,31.499999999999993,78.0,Himachal Pradesh,6,2021,0.7609735,5.217102,1010.5932,1.0484519,0.1881181,-0.17593384,1.9243428,4.435669,1014.7918,-1.1633692,0.7814331,1.1633692,0.7814331,False,False,False,False,False,False,test,ok,0.0,0.3,0.748187854886055,1.6963409423828124,10,0.3438555866479874,0.22136187553405762
2021-07-06 00:00:00,2021-07-15 00:00:00,9,24.0,78.0,Madhya Pradesh,7,2021,7.8379393,24.700592,1000.20917,1.5816011,-4.6583376,0.030181885,0.3684543,28.727905,1001.6778,7.469485,-4.027313,7.469485,4.027313,False,True,False,True,False,False,test,ok,0.0,0.3333333333333333,6.86274778842926,2.3818562825520835,6,0.5725214978059133,0.5427486896514893
2021-06-20 00:00:00,2021-06-29 00:00:00,9,11.999999999999991,74.99999999999999,Kerala,6,2021,1.3870697,25.365936,1009.43713,2.9249642,-1.1980984,0.1852417,6.603889,25.665863,1007.6636,-5.2168193,-0.29992676,5.2168193,0.29992676,False,False,False,False,False,False,test,no_reliable_analogs,,,,,0,,
2021-07-28 12:00:00,2021-08-06 12:00:00,9,11.999999999999991,73.5,Lakshadweep,8,2021,1.2424599,28.056213,1009.17206,7.97076,-1.1618448,-0.038513184,10.40757,26.578857,1008.21075,-9.16511,1.477356,9.16511,1.477356,False,False,False,False,False,False,test,ok,0.0,0.0,4.241577631235122,0.5441802978515625,10,0.2849106013774872,0.2675022482872009
2021-06-16 00:00:00,2021-06-25 00:00:00,9,20.999999999999993,72.0,Gujarat,6,2021,0.9845102,28.216064,1003.00525,7.64021,-0.01587987,0.17034912,4.980689,28.229523,1004.5736,-3.9961789,-0.013458252,3.9961789,0.013458252,False,False,False,False,False,False,test,ok,0.0,0.0,2.891555893421173,0.7272064208984375,10,0.38479694724082947,0.29029160737991333
2021-07-24 12:00:00,2021-08-02 12:00:00,9,29.999999999999993,81.0,Uttarakhand,8,2021,18.56053,12.888275,1007.79126,1.4103435,8.355775,-0.07342529,7.3347645,15.474274,1007.9691,11.225765,-2.5859985,11.225765,2.5859985,False,False,True,False,False,False,test,no_reliable_analogs,,,,,0,,
2021-07-10 00:00:00,2021-07-19 00:00:00,9,20.999999999999993,83.99999999999999,Odisha,7,2021,7.7556067,24.76532,1003.09436,1.4695714,-5.814186,-0.015014648,3.8651028,28.05072,1002.12384,3.890504,-3.2854004,3.890504,3.2854004,False,True,False,True,False,False,test,ok,0.0,0.0,4.267833995819092,1.4515472412109376,10,0.4944968283176422,0.4280208945274353
2021-09-08 12:00:00,2021-09-17 12:00:00,9,28.499999999999982,73.5,Rajasthan,9,2021,7.52728,29.399048,1000.74585,7.278554,5.6409683,-0.9001465,0.00010139045,35.4104,1001.35175,7.5271783,-6.0113525,7.5271783,6.0113525,False,True,False,True,False,False,test,no_reliable_analogs,,,,,0,,
2021-08-24 12:00:00,2021-09-02 12:00:00,9,20.999999999999993,88.49999999999999,West Bengal,9,2021,2.532527,29.105377,1003.95276,6.711264,-9.898399,0.8050842,1.5487789,28.895111,1004.25806,0.9837481,0.21026611,0.9837481,0.21026611,False,False,False,False,False,False,test,no_reliable_analogs,,,,,0,,
2021-07-05 00:00:00,2021-07-14 00:00:00,9,16.499999999999993,74.99999999999999,Karnataka,7,2021,13.462085,21.933624,1004.46857,5.1824737,0.51354694,-0.24664307,19.617493,22.943787,1004.2072,-6.155408,-1.0101624,6.155408,1.0101624,False,False,False,False,False,False,test,no_reliable_analogs,,,,,0,,
2021-06-16 00:00:00,2021-06-25 00:00:00,9,28.499999999999982,76.5,Haryana,6,2021,0.0,31.901825,995.7006,6.156949,-0.0065798475,-0.8696289,0.17772253,28.992401,1001.04224,-0.17772253,2.9094238,0.17772253,2.9094238,False,False,False,False,False,False,test,no_reliable_analogs,,,,,0,,
2021-09-03 12:00:00,2021-09-12 12:00:00,9,28.499999999999982,72.0,Rajasthan,9,2021,0.8958952,33.134705,998.22437,5.998987,-1.5645444,1.4337463,1.4645449,31.945496,998.8602,-0.5686497,1.189209,0.5686497,1.189209,False,False,False,False,False,False,test,no_reliable_analogs,,,,,0,,
2021-08-13 12:00:00,2021-08-22 12:00:00,9,16.499999999999993,82.5,Andhra Pradesh,8,2021,5.9254575,28.247711,1006.2121,4.411565,2.636107,0.2296753,3.8958967,28.966522,1005.8264,2.0295608,-0.71881104,2.0295608,0.71881104,False,False,False,False,False,False,test,no_reliable_analogs,,,,,0,,
2021-07-28 12:00:00,2021-08-06 12:00:00,9,34.49999999999999,78.0,Jammu and Kashmir,8,2021,1.7337413,8.440735,1009.22485,1.8623813,1.3618565,-0.80633545,1.3308028,7.8025208,1010.7227,0.4029385,0.6382141,0.4029385,0.6382141,False,False,False,False,False,False,test,ok,0.0,0.4,2.2682901307940484,2.1603973388671873,10,0.3651853412389755,0.2838429808616638
2021-09-05 12:00:00,2021-09-14 12:00:00,9,28.499999999999982,74.99999999999999,Rajasthan,9,2021,8.439413,28.031769,1001.09296,4.0294476,-1.2202368,-0.1166687,2.9682126,30.46997,1003.2193,5.4712005,-2.438202,5.4712005,2.438202,False,False,False,False,False,False,test,no_reliable_analogs,,,,,0,,
2021-08-30 00:00:00,2021-09-08 00:00:00,9,26.999999999999996,88.49999999999999,West Bengal,9,2021,7.4951944,17.176575,1012.6559,1.0860137,-5.379856,-0.9232483,18.681545,19.655365,1012.34515,-11.186351,-2.4787903,11.186351,2.4787903,False,False,False,False,False,False,test,no_reliable_analogs,,,,,0,,
2021-09-24 12:00:00,2021-10-03 12:00:00,9,18.0,82.5,Andhra Pradesh,10,2021,3.2755737,26.178772,1006.0469,2.3251944,-1.8256264,0.64385986,4.2004786,27.880768,1007.3565,-0.9249048,-1.7019958,0.9249048,1.7019958,False,False,False,False,False,False,test,no_reliable_analogs,,,,,0,,
2021-06-19 00:00:00,2021-06-28 00:00:00,9,36.0,78.0,Jammu and Kashmir,6,2021,0.7848769,-7.538513,1021.8716,1.3497564,-0.052342176,-0.67245483,0.6539154,-11.168335,1026.5942,0.13096148,3.6298218,0.13096148,3.6298218,False,True,False,True,False,False,test,ok,0.0,0.3,1.0195471242070198,2.3692535400390624,10,0.3999171912670135,0.3212071657180786
2021-07-14 12:00:00,2021-07-23 12:00:00,9,28.499999999999982,76.5,Haryana,7,2021,3.4022787,31.266815,995.92847,2.4835858,1.8626155,0.27886963,4.5723186,32.266815,995.3189,-1.1700399,-1.0,1.1700399,1.0,False,False,False,False,False,False,test,ok,0.0,0.5,1.4944194753964741,2.6273651123046875,6,0.506483922402064,0.45340022444725037
2021-07-23 12:00:00,2021-08-01 12:00:00,9,28.499999999999982,88.49999999999999,Sikkim,8,2021,4.588481,8.465881,1006.7886,2.6216598,2.4950101,-0.2783203,4.4746895,11.623199,1005.50696,0.113791466,-3.157318,0.113791466,3.157318,False,True,False,True,False,False,test,no_reliable_analogs,,,,,0,,
2021-08-19 12:00:00,2021-08-28 12:00:00,9,16.499999999999993,79.49999999999999,Andhra Pradesh,8,2021,11.966393,28.09674,1003.45825,2.0495017,6.1717353,-0.1078186,4.0322814,27.253815,1001.3826,7.934112,0.842926,7.934112,0.842926,False,False,False,False,False,False,test,no_reliable_analogs,,,,,0,,
2021-08-18 00:00:00,2021-08-27 00:00:00,9,25.49999999999999,82.5,Uttar Pradesh,8,2021,0.04389484,27.192017,1000.18396,3.4510748,-0.006230563,0.18899536,5.0552955,27.68631,1001.4936,-5.0114007,-0.4942932,5.0114007,0.4942932,False,False,False,False,False,False,test,ok,0.0,0.0,1.9653099715709685,1.4012054443359374,10,0.4684363067150116,0.41871368885040283
2021-07-17 12:00:00,2021-07-26 12:00:00,9,28.499999999999982,70.49999999999999,Rajasthan,7,2021,0.0012797727,42.544617,988.96954,5.442671,-0.0011466027,3.3416443,0.012463118,41.270294,992.2593,-0.011183346,1.2743225,0.011183346,1.2743225,False,False,False,False,False,False,test,no_reliable_analogs,,,,,0,,
2021-08-01 00:00:00,2021-08-10 00:00:00,9,25.49999999999999,83.99999999999999,Bihar,8,2021,9.027467,26.398132,1001.1306,2.0016174,4.9852057,-0.89385986,6.583577,27.608429,1001.0455,2.4438896,-1.2102966,2.4438896,1.2102966,False,False,False,False,False,False,test,ok,0.0,0.2857142857142857,5.566339492797852,2.7243826729910716,7,0.5067475310393742,0.4484715163707733
2021-06-04 12:00:00,2021-06-13 12:00:00,9,9.0,76.5,Kerala,6,2021,13.8154,25.946075,1008.97327,6.1366816,6.621697,-0.44537354,17.60348,25.901886,1008.7678,-3.7880793,0.044189453,3.7880793,0.044189453,False,False,False,False,False,False,test,no_reliable_analogs,,,,,0,,
2021-06-24 00:00:00,2021-07-03 00:00:00,9,22.5,88.49999999999999,West Bengal,7,2021,5.9848795,28.47586,1000.4331,3.1272712,0.13835716,-0.15405273,11.63472,28.031036,1002.04376,-5.6498404,0.44482422,5.6498404,0.44482422,False,False,False,False,False,False,test,ok,0.0,0.0,3.926309680938721,1.7628753662109375,10,0.41624822914600373,0.3396323621273041
2021-07-31 12:00:00,2021-08-09 12:00:00,9,22.5,76.5,Madhya Pradesh,8,2021,23.428976,26.055084,1003.80023,4.1588116,15.495583,-1.4584961,6.3167906,29.252502,1005.3364,17.112186,-3.1974182,17.112186,3.1974182,False,True,False,True,False,False,test,no_reliable_analogs,,,,,0,,
2021-07-20 12:00:00,2021-07-29 12:00:00,9,25.49999999999999,74.99999999999999,Rajasthan,7,2021,3.4110746,27.472107,997.4392,5.1969786,-3.966054,1.108429,1.5077218,27.788605,997.87085,1.9033529,-0.3164978,1.9033529,0.3164978,False,False,False,False,False,False,test,no_reliable_analogs,,,,,0,,
2021-07-11 12:00:00,2021-07-20 12:00:00,9,19.499999999999996,76.5,Maharashtra,7,2021,6.2853894,25.795685,1004.1524,3.2968457,-9.368786,1.0260925,10.025789,27.628021,1003.59705,-3.7403998,-1.8323364,3.7403998,1.8323364,False,False,False,False,False,False,test,no_reliable_analogs,,,,,0,,
2021-09-10 00:00:00,2021-09-19 00:00:00,9,10.499999999999996,76.5,Kerala,9,2021,1.7541339,22.259735,1010.2349,1.4304488,0.6263552,-0.19970703,2.821857,25.249329,1010.7025,-1.067723,-2.9895935,1.067723,2.9895935,False,False,False,True,False,False,test,ok,0.0,0.0,1.9511364936828612,1.9405670166015625,10,0.33126562982797625,0.2059493511915207
2021-07-15 12:00:00,2021-07-24 12:00:00,9,18.0,79.49999999999999,Andhra Pradesh,7,2021,0.99744076,29.828949,999.9593,3.3490303,-7.05662,1.867157,3.7350793,30.944519,999.3359,-2.7376385,-1.1155701,2.7376385,1.1155701,False,False,False,False,False,False,test,no_reliable_analogs,,,,,0,,
2021-07-15 00:00:00,2021-07-24 00:00:00,9,19.499999999999996,82.5,Odisha,7,2021,15.939806,23.00058,1000.5823,4.557388,6.3141775,-0.38513184,7.8328476,23.53714,999.4939,8.106958,-0.53656006,8.106958,0.53656006,False,False,False,False,False,False,test,no_reliable_analogs,,,,,0,,
2021-08-15 12:00:00,2021-08-24 12:00:00,9,34.49999999999999,76.5,Jammu and Kashmir,8,2021,0.4768449,10.905762,1008.65063,1.8636539,0.35223874,0.4941101,0.5621253,15.449829,1008.54706,-0.08528042,-4.5440674,0.08528042,4.5440674,False,True,False,True,False,False,test,ok,0.0,0.6666666666666666,1.3687082330385845,3.064885457356771,6,0.3849838674068451,0.3126390874385834
2021-09-01 12:00:00,2021-09-10 12:00:00,9,22.5,69.0,Gujarat,9,2021,1.0491583,27.672974,1001.7137,8.723573,-0.19221115,0.17684937,69.253296,27.774902,1001.07086,-68.20414,-0.10192871,68.20414,0.10192871,True,False,True,False,True,False,test,ok,0.1111111111111111,0.0,11.453749684616923,0.3668924967447917,9,0.49064093165927464,0.45166322588920593
2021-06-26 00:00:00,2021-07-05 00:00:00,9,11.999999999999991,79.49999999999999,Tamil Nadu,7,2021,6.599037,25.570892,1006.12195,1.842975,-1.8639851,-0.40933228,15.601423,25.86502,1006.49713,-9.002386,-0.29412842,9.002386,0.29412842,False,False,False,False,False,False,test,no_reliable_analogs,,,,,0,,
2021-07-28 12:00:00,2021-08-06 12:00:00,9,28.499999999999982,97.49999999999999,Arunachal Pradesh,8,2021,11.586782,12.323364,1008.31775,0.9835011,-2.2176933,0.6482849,4.464518,14.839539,1009.39954,7.1222644,-2.5161743,7.1222644,2.5161743,False,False,False,False,False,False,test,no_reliable_analogs,,,,,0,,
2021-08-18 00:00:00,2021-08-27 00:00:00,9,28.499999999999982,76.5,Haryana,8,2021,0.0,27.30072,998.25476,5.2111974,-0.0030678809,0.66604614,0.0020739422,28.482178,999.5753,-0.0020739422,-1.1814575,0.0020739422,1.1814575,False,False,False,False,False,False,test,no_reliable_analogs,,,,,0,,
2021-07-02 12:00:00,2021-07-11 12:00:00,9,34.49999999999999,73.5,Jammu and Kashmir,7,2021,1.5800692,25.88977,1003.9494,2.1407623,1.1205829,-1.5440979,5.881516,24.08078,1007.2726,-4.301447,1.8089905,4.301447,1.8089905,False,False,False,False,False,False,test,no_reliable_analogs,,,,,0,,
2021-07-20 00:00:00,2021-07-29 00:00:00,9,26.999999999999996,81.0,Uttar Pradesh,7,2021,30.839989,25.651825,997.543,1.736657,-18.621655,-0.21469116,7.7988353,26.838928,996.23193,23.041153,-1.1871033,23.041153,1.1871033,False,False,True,False,False,False,test,no_reliable_analogs,,,,,0,,
2021-08-16 00:00:00,2021-08-25 00:00:00,9,31.499999999999993,74.99999999999999,Punjab,8,2021,0.1521323,28.675629,998.3131,2.0512023,-0.114851594,-0.009246826,0.6360802,28.995026,998.71594,-0.4839479,-0.31939697,0.4839479,0.31939697,False,False,False,False,False,False,test,ok,0.0,0.0,0.6643820455297827,1.0331268310546875,10,0.35054230988025664,0.25681570172309875
2021-06-21 00:00:00,2021-06-30 00:00:00,9,28.499999999999982,91.5,Arunachal Pradesh,6,2021,7.399057,6.0193176,1011.15533,0.91906697,-1.1779561,0.005065918,27.087513,5.8036804,1012.8421,-19.688456,0.2156372,19.688456,0.2156372,False,False,False,False,False,False,test,ok,0.0,0.2,5.582277393341064,1.71309814453125,10,0.40430123805999757,0.2785375416278839
2021-08-06 12:00:00,2021-08-15 12:00:00,9,25.49999999999999,83.99999999999999,Bihar,8,2021,0.30753732,31.591248,1000.03217,2.1936872,-0.21519792,0.27374268,0.89959157,32.177948,999.973,-0.59205425,-0.58670044,0.59205425,0.58670044,False,False,False,False,False,False,test,ok,0.0,0.0,3.3479544690677097,1.3936113630022322,7,0.5351609587669373,0.47126275300979614
2021-09-28 00:00:00,2021-10-07 00:00:00,9,25.49999999999999,70.49999999999999,Rajasthan,10,2021,0.0015892832,25.969788,1008.1945,2.8125255,-0.016204912,-0.28149414,0.0006236986,27.317017,1006.98804,0.00096558465,-1.347229,0.00096558465,1.347229,False,False,False,False,False,False,test,ok,0.0,0.0,0.36045136548232726,0.7785542805989584,9,0.4082442588276333,0.17394676804542542
2021-06-23 00:00:00,2021-07-02 00:00:00,9,10.499999999999996,78.0,Tamil Nadu,7,2021,1.0820148,24.861725,1007.2135,2.9292104,0.23177224,-0.18325806,8.207871,25.306122,1006.80743,-7.1258564,-0.44439697,7.1258564,0.44439697,False,False,False,False,False,False,test,ok,0.0,0.0,3.300663968920708,1.571453857421875,10,0.23141173869371415,0.08962908387184143
2021-06-26 12:00:00,2021-07-05 12:00:00,9,28.499999999999982,72.0,Rajasthan,7,2021,0.0,40.152008,998.93286,5.0303507,0.0,0.64471436,0.018186908,40.056732,999.3695,-0.018186908,0.09527588,0.018186908,0.09527588,False,False,False,False,False,False,test,no_reliable_analogs,,,,,0,,
2021-07-22 12:00:00,2021-07-31 12:00:00,9,9.0,79.49999999999999,Tamil Nadu,7,2021,0.021590102,28.50409,1006.6484,8.589409,0.005501846,0.15472412,0.022218835,29.00592,1008.20764,-0.00062873214,-0.50183105,0.00062873214,0.50183105,False,False,False,False,False,False,test,ok,0.0,0.0,0.5164954006671906,0.4383514404296875,10,0.2610183596611023,0.15730616450309753
2021-07-09 00:00:00,2021-07-18 00:00:00,9,20.999999999999993,76.5,Maharashtra,7,2021,11.7840805,24.394379,1004.10974,2.966176,-9.472054,0.23956299,1.9496677,27.560822,1003.3972,9.834413,-3.1664429,9.834413,3.1664429,False,True,False,True,False,False,test,no_reliable_analogs,,,,,0,,
2021-08-26 12:00:00,2021-09-04 12:00:00,9,25.49999999999999,70.49999999999999,Rajasthan,9,2021,0.8580017,34.471252,998.2467,3.9738615,0.7394271,-2.912506,1.40155,34.91739,1000.06085,-0.54354835,-0.44613647,0.54354835,0.44613647,False,False,False,False,False,False,test,no_reliable_analogs,,,,,0,,
2021-07-17 00:00:00,2021-07-26 00:00:00,9,26.999999999999996,81.0,Uttar Pradesh,7,2021,4.246565,26.826935,998.18774,2.0722985,-2.9467516,0.46029663,0.604161,29.017853,997.1105,3.6424038,-2.190918,3.6424038,2.190918,False,False,False,False,False,False,test,ok,0.0,0.1,5.6506591796875,1.764947509765625,10,0.4280726507306099,0.24914933741092682
2021-09-25 12:00:00,2021-10-04 12:00:00,9,25.49999999999999,92.99999999999999,Assam,10,2021,16.3964,23.90924,1007.93,1.739755,-4.199806,0.29351807,10.597592,26.416107,1007.47437,5.798808,-2.5068665,5.798808,2.5068665,False,False,False,False,False,False,test,no_reliable_analogs,,,,,0,,
2021-09-27 00:00:00,2021-10-06 00:00:00,9,25.49999999999999,91.5,Meghalaya,10,2021,6.898613,21.90921,1013.2489,0.65397775,-9.62262,-0.017059326,4.0940485,24.231201,1010.2386,2.8045645,-2.321991,2.8045645,2.321991,False,False,False,False,False,False,test,no_reliable_analogs,,,,,0,,
2021-09-17 00:00:00,2021-09-26 00:00:00,9,16.499999999999993,73.5,Maharashtra,9,2021,3.6266143,24.057953,1006.785,1.7659433,-0.11999822,0.0054016113,2.0224588,24.648193,1006.2443,1.6041555,-0.5902405,1.6041555,0.5902405,False,False,False,False,False,False,test,ok,0.0,0.0,7.292937016487121,0.6642913818359375,10,0.3206229582428932,0.2281390279531479
2021-09-27 12:00:00,2021-10-06 12:00:00,9,11.999999999999991,72.0,Lakshadweep,10,2021,17.03769,26.457214,1006.43677,3.5897443,-1.6375561,-0.24142456,14.373959,27.052887,1005.27014,2.6637306,-0.5956726,2.6637306,0.5956726,False,False,False,False,False,False,test,no_reliable_analogs,,,,,0,,
2021-07-02 00:00:00,2021-07-11 00:00:00,9,25.49999999999999,82.5,Uttar Pradesh,7,2021,7.852258,27.291718,997.7418,1.631718,3.8016195,-0.5411682,1.8186903,29.91092,1000.7489,6.033568,-2.6192017,6.033568,2.6192017,False,False,False,False,False,False,test,ok,0.0,0.0,10.463581766401019,1.1597202845982142,7,0.5096224461283002,0.43245184421539307
2021-08-18 00:00:00,2021-08-27 00:00:00,9,26.999999999999996,94.5,Assam,8,2021,35.527325,23.720215,1002.7672,1.259438,12.770067,-0.25180054,33.28967,24.256042,1006.3145,2.2376556,-0.53582764,2.2376556,0.53582764,False,False,False,False,False,False,test,no_reliable_analogs,,,,,0,,
2021-06-24 12:00:00,2021-07-03 12:00:00,9,28.499999999999982,94.5,Arunachal Pradesh,7,2021,51.5019,17.175262,1006.1041,1.0138601,3.9791985,-0.29263306,30.207426,17.414276,1007.83344,21.294474,-0.23901367,21.294474,0.23901367,False,False,True,False,False,False,test,no_reliable_analogs,,,,,0,,
2021-08-08 12:00:00,2021-08-17 12:00:00,9,28.499999999999982,79.49999999999999,Uttar Pradesh,8,2021,0.41934383,32.771393,1000.598,2.5792737,0.1836411,0.02267456,2.5758514,34.226715,1000.4913,-2.1565075,-1.4553223,2.1565075,1.4553223,False,False,False,False,False,False,test,ok,0.0,0.0,1.4542215920984745,1.035186767578125,10,0.4148807913064957,0.24335548281669617
2021-07-20 12:00:00,2021-07-29 12:00:00,9,26.999999999999996,83.99999999999999,Uttar Pradesh,7,2021,6.197188,29.457397,995.1757,1.4614701,-4.2194886,0.7680054,16.141527,30.116577,996.09216,-9.94434,-0.6591797,9.94434,0.6591797,False,False,False,False,False,False,test,no_reliable_analogs,,,,,0,,
2021-06-15 12:00:00,2021-06-24 12:00:00,9,11.999999999999991,94.5,Andaman and Nicobar,6,2021,9.730468,27.971863,1006.02716,8.601191,0.14875889,0.47964478,6.2981,28.015076,1008.23456,3.4323678,-0.04321289,3.4323678,0.04321289,False,False,False,False,False,False,test,no_reliable_analogs,,,,,0,,
2021-09-16 00:00:00,2021-09-25 00:00:00,9,29.999999999999993,73.5,Rajasthan,9,2021,0.2509543,25.010681,1005.24255,1.3843966,-0.2967629,0.6688843,0.89805526,26.158325,1006.9718,-0.6471009,-1.147644,0.6471009,1.147644,False,False,False,False,False,False,test,no_reliable_analogs,,,,,0,,
2021-09-23 12:00:00,2021-10-02 12:00:00,9,26.999999999999996,72.0,Rajasthan,10,2021,0.13259846,32.3042,1002.43506,3.2385693,-0.055682033,1.1087646,0.05634716,35.503967,1006.0589,0.0762513,-3.199768,0.0762513,3.199768,False,True,False,True,False,False,test,no_reliable_analogs,,,,,0,,
2021-06-23 12:00:00,2021-07-02 12:00:00,9,22.5,82.5,Chhattisgarh,7,2021,0.011450726,31.990845,999.95526,1.6120957,-0.031117387,0.26010132,13.911347,27.447449,1001.5875,-13.899897,4.543396,13.899897,4.543396,False,True,False,True,False,False,test,ok,0.0,0.4,3.679518957436085,1.9970306396484374,10,0.4609594911336899,0.2565288841724396
2021-08-01 12:00:00,2021-08-10 12:00:00,9,18.0,81.0,Chhattisgarh,8,2021,0.77648634,31.511322,1002.20264,2.1831548,-1.1214123,0.3203125,1.5563437,30.97699,1003.3382,-0.77985734,0.5343323,0.77985734,0.5343323,False,False,False,False,False,False,test,ok,0.1,0.1,6.6954393804073336,1.490557861328125,10,0.37759084701538087,0.24496853351593018
2021-07-12 00:00:00,2021-07-21 00:00:00,9,26.999999999999996,85.5,Bihar,7,2021,38.57165,23.45929,1001.8246,0.92603385,22.308073,0.024841309,17.502737,25.589111,1000.3056,21.068914,-2.1298218,21.068914,2.1298218,False,False,True,False,False,False,test,no_reliable_analogs,,,,,0,,
2021-08-03 12:00:00,2021-08-12 12:00:00,9,24.0,72.0,Gujarat,8,2021,0.48309797,32.67856,1003.8231,5.7417784,-0.07056594,0.5249634,0.33824846,33.69986,1004.2533,0.14484951,-1.0213013,0.14484951,1.0213013,False,False,False,False,False,False,test,no_reliable_analogs,,,,,0,,
2021-09-27 12:00:00,2021-10-06 12:00:00,9,24.0,70.49999999999999,Gujarat,10,2021,0.05125671,31.47403,1006.72906,1.783813,-0.028863534,-0.13143921,0.002759054,32.39911,1005.99634,0.048497654,-0.92507935,0.048497654,0.92507935,False,False,False,False,False,False,test,ok,0.0,0.0,1.1239006355404855,1.3899169921875,10,0.46320911347866056,0.33057376742362976
2021-09-25 12:00:00,2021-10-04 12:00:00,9,26.999999999999996,88.49999999999999,West Bengal,10,2021,38.805454,17.751434,1009.765,0.7129405,7.8226814,-0.4033203,18.426134,19.85965,1009.0351,20.37932,-2.1082153,20.37932,2.1082153,False,False,True,False,False,False,test,no_reliable_analogs,,,,,0,,
2021-08-06 00:00:00,2021-08-15 00:00:00,9,28.499999999999982,92.99999999999999,Arunachal Pradesh,8,2021,15.386671,8.504791,1012.15826,0.53386384,-10.006294,0.21697998,38.273445,8.950531,1012.8683,-22.886774,-0.44573975,22.886774,0.44573975,False,False,True,False,False,False,test,no_reliable_analogs,,,,,0,,
2021-06-19 12:00:00,2021-06-28 12:00:00,9,26.999999999999996,94.5,Assam,6,2021,29.754305,26.401672,1001.3909,1.3272643,2.6375008,-0.84173584,12.152592,28.187439,1002.0041,17.601713,-1.7857666,17.601713,1.7857666,False,False,False,False,False,False,test,no_reliable_analogs,,,,,0,,
2021-09-06 00:00:00,2021-09-15 00:00:00,9,32.999999999999986,78.0,Jammu and Kashmir,9,2021,0.29382908,-4.1882324,1023.3646,0.929605,0.23992172,-2.8568115,0.1311573,-3.426117,1023.2291,0.16267179,-0.7621155,0.16267179,0.7621155,False,False,False,False,False,False,test,no_reliable_analogs,,,,,0,,
2021-09-26 00:00:00,2021-10-05 00:00:00,9,26.999999999999996,72.0,Rajasthan,10,2021,0.0,24.776154,1005.35187,4.214492,0.0,-0.4918518,0.003389766,26.746063,1006.0689,-0.003389766,-1.9699097,0.003389766,1.9699097,False,False,False,False,False,False,test,ok,0.0,0.0,0.18418379537761212,0.80736083984375,5,0.4677231669425964,0.44357773661613464
2021-09-20 00:00:00,2021-09-29 00:00:00,9,26.999999999999996,76.5,Rajasthan,9,2021,0.9676074,24.428589,1007.10016,2.473769,-27.622435,0.7453003,2.7114031,26.790161,1007.21814,-1.7437958,-2.3615723,1.7437958,2.3615723,False,False,False,False,False,False,test,no_reliable_analogs,,,,,0,,
2021-08-07 00:00:00,2021-08-16 00:00:00,9,26.999999999999996,76.5,Rajasthan,8,2021,0.0,24.41214,1004.39594,3.3947575,0.0,-0.41601562,0.009532492,27.60083,1004.5338,-0.009532492,-3.1886902,0.009532492,3.1886902,False,True,False,True,False,False,test,ok,0.0,0.16666666666666666,0.7723632274816433,2.1969095865885415,6,0.45164239406585693,0.3725191056728363
2021-07-20 12:00:00,2021-07-29 12:00:00,9,18.0,83.99999999999999,Andhra Pradesh,7,2021,1.3276407,30.542786,999.25555,6.678711,0.26669407,-0.081329346,10.949604,28.430267,1000.7534,-9.6219635,2.1125183,9.6219635,2.1125183,False,False,False,False,False,False,test,ok,0.0,0.0,1.3017192751169204,0.3206146240234375,10,0.3688244327902794,0.18965955078601837
2021-06-22 00:00:00,2021-07-01 00:00:00,9,24.0,83.99999999999999,Jharkhand,7,2021,0.021485891,27.064362,999.50464,3.6185653,0.014047526,0.037963867,1.5100676,27.434845,999.7883,-1.4885817,-0.3704834,1.4885817,0.3704834,False,False,False,False,False,False,test,ok,0.1,0.1,4.547754609584809,0.999139404296875,10,0.43852413892745973,0.3706243336200714
2021-07-29 12:00:00,2021-08-07 12:00:00,9,28.499999999999982,88.49999999999999,Sikkim,8,2021,2.8481107,9.965027,1009.8273,2.6813624,1.2337291,-1.0021057,1.7173591,13.029022,1009.25,1.1307516,-3.0639954,1.1307516,3.0639954,False,True,False,True,False,False,test,no_reliable_analogs,,,,,0,,
2021-06-17 00:00:00,2021-06-26 00:00:00,9,18.0,82.5,Andhra Pradesh,6,2021,4.190682,25.209167,1004.44604,2.8157709,-0.2560463,-0.35946655,0.8679695,26.089996,1003.1487,3.3227124,-0.88082886,3.3227124,0.88082886,False,False,False,False,False,False,test,no_reliable_analogs,,,,,0,,
2021-06-06 12:00:00,2021-06-15 12:00:00,9,18.0,82.5,Andhra Pradesh,6,2021,2.2431006,27.898407,1001.1705,3.3856602,1.2612981,-1.084198,3.5725372,28.226074,999.72284,-1.3294365,-0.32766724,1.3294365,0.32766724,False,False,False,False,False,False,test,no_reliable_analogs,,,,,0,,
2021-06-04 12:00:00,2021-06-13 12:00:00,9,20.999999999999993,79.49999999999999,Maharashtra,6,2021,4.5169506,32.92856,997.19867,2.360359,-9.762718,2.846344,15.787743,31.059357,996.473,-11.270792,1.8692017,11.270792,1.8692017,False,False,False,False,False,False,test,no_reliable_analogs,,,,,0,,
2021-09-03 12:00:00,2021-09-12 12:00:00,9,20.999999999999993,88.49999999999999,West Bengal,9,2021,22.379494,27.520172,999.06995,5.233599,10.612155,-0.7601929,19.514296,28.453247,995.11646,2.8651981,-0.93307495,2.8651981,0.93307495,False,False,False,False,False,False,test,no_reliable_analogs,,,,,0,,
2021-07-28 12:00:00,2021-08-06 12:00:00,9,25.49999999999999,82.5,Uttar Pradesh,8,2021,0.9625281,31.632599,998.2983,1.8980916,-2.9018178,0.7426758,3.7406764,31.24643,997.44775,-2.7781482,0.38616943,2.7781482,0.38616943,False,False,False,False,False,False,test,ok,0.4,0.2,15.22972229719162,1.90128173828125,5,0.44171497225761414,0.3857261538505554
2021-08-04 12:00:00,2021-08-13 12:00:00,9,32.999999999999986,73.5,Jammu and Kashmir,8,2021,6.477099,31.222626,997.09564,1.6322454,3.3034725,-0.5110779,2.4005349,34.89392,998.6841,4.076564,-3.6712952,4.076564,3.6712952,False,True,False,True,False,False,test,no_reliable_analogs,,,,,0,,
2021-09-23 12:00:00,2021-10-02 12:00:00,9,14.999999999999996,73.5,Goa,10,2021,1.8332778,27.15036,1007.2796,3.9796646,-0.57107294,-0.5002136,1.7545902,28.345398,1006.30237,0.07868767,-1.1950378,0.07868767,1.1950378,False,False,False,False,False,False,test,ok,0.0,0.0,2.7588737487792967,0.808013916015625,5,0.4602708280086517,0.3770400881767273
2021-08-01 12:00:00,2021-08-10 12:00:00,9,32.999999999999986,76.5,Himachal Pradesh,8,2021,1.0601503,12.785126,1010.2701,1.4132376,-0.18385696,-0.1348877,3.048108,14.851471,1010.17065,-1.9879578,-2.0663452,1.9879578,2.0663452,False,False,False,False,False,False,test,ok,0.0,0.3,1.1788342118263244,1.97738037109375,10,0.3521621361374855,0.15026797354221344
2021-07-26 12:00:00,2021-08-04 12:00:00,9,34.49999999999999,74.99999999999999,Jammu and Kashmir,8,2021,2.1305258,16.007812,1010.23346,1.4551538,1.5421014,-1.6477661,4.08258,17.262634,1009.1894,-1.9520543,-1.2548218,1.9520543,1.2548218,False,False,False,False,False,False,test,no_reliable_analogs,,,,,0,,
2021-07-07 00:00:00,2021-07-16 00:00:00,9,36.0,78.0,Jammu and Kashmir,7,2021,1.3900543,-3.3172607,1022.6463,0.96686244,1.0320002,0.13964844,1.1598018,-6.2232056,1027.511,0.2302525,2.9059448,0.2302525,2.9059448,False,False,False,False,False,False,test,ok,0.0,0.0,1.5910988599061966,0.8668174743652344,8,0.38894936814904213,0.3242853283882141
2021-08-29 00:00:00,2021-09-07 00:00:00,9,25.49999999999999,74.99999999999999,Rajasthan,9,2021,0.9778435,25.861359,1003.50415,1.937065,0.33308762,0.19125366,0.713721,27.415955,1004.7356,0.26412255,-1.554596,0.26412255,1.554596,False,False,False,False,False,False,test,ok,0.0,0.3,1.366714745759964,2.2954681396484373,10,0.37603741586208345,0.3153555989265442
2021-08-28 00:00:00,2021-09-06 00:00:00,9,9.0,92.99999999999999,Andaman and Nicobar,9,2021,10.538585,27.4003,1007.58203,8.862196,2.7052202,-0.8232727,0.6216224,28.092072,1009.5346,9.916963,-0.69177246,9.916963,0.69177246,False,False,True,False,False,False,test,no_reliable_analogs,,,,,0,,
2021-09-30 12:00:00,2021-10-09 12:00:00,9,22.5,79.49999999999999,Madhya Pradesh,10,2021,0.58644843,27.531342,1006.34314,1.2616874,0.5813483,0.3090515,0.08416719,30.238678,1006.32764,0.50228125,-2.7073364,0.50228125,2.7073364,False,False,False,False,False,False,test,ok,0.0,0.2,0.04849609509110451,2.603021240234375,10,0.34898234307765963,0.19018122553825378
2021-09-24 00:00:00,2021-10-03 00:00:00,9,20.999999999999993,82.5,Chhattisgarh,10,2021,7.3150296,23.235443,1007.3591,1.7449142,3.7427287,-0.5220947,3.583812,26.635681,1008.09845,3.7312176,-3.400238,3.7312176,3.400238,False,True,False,True,False,False,test,no_reliable_analogs,,,,,0,,
2021-06-10 12:00:00,2021-06-19 12:00:00,9,28.499999999999982,81.0,Uttar Pradesh,6,2021,5.0066056,27.690857,998.3861,1.6931452,-3.3819737,-1.5838928,11.7763815,25.578949,1000.65546,-6.769776,2.111908,6.769776,2.111908,False,False,False,False,False,False,test,no_reliable_analogs,,,,,0,,
2021-08-10 12:00:00,2021-08-19 12:00:00,9,20.999999999999993,83.99999999999999,Odisha,8,2021,10.864881,27.377258,998.3982,1.3146312,5.0343375,-0.4520874,8.44762,28.417908,1001.2085,2.4172602,-1.0406494,2.4172602,1.0406494,False,False,False,False,False,False,test,ok,0.0,0.16666666666666666,16.168609301249187,1.4603322347005208,6,0.5012975831826528,0.30089783668518066
2021-08-05 00:00:00,2021-08-14 00:00:00,9,29.999999999999993,74.99999999999999,Punjab,8,2021,0.0002104416,28.992432,995.9052,3.8323374,-0.0016835672,0.5166626,0.025301639,29.816437,998.60986,-0.025091197,-0.8240051,0.025091197,0.8240051,False,False,False,False,False,False,test,ok,0.0,0.14285714285714285,1.5958417909485954,1.6851283482142858,7,0.4762771299907139,0.4009840786457062
2021-06-03 00:00:00,2021-06-12 00:00:00,9,25.49999999999999,90.0,Meghalaya,6,2021,5.9935956,26.704498,996.80896,3.7669723,1.7081275,-0.56073,16.18126,26.420044,999.93024,-10.187664,0.28445435,10.187664,0.28445435,False,False,False,False,False,False,test,no_reliable_analogs,,,,,0,,
2021-07-07 00:00:00,2021-07-16 00:00:00,9,20.999999999999993,82.5,Chhattisgarh,7,2021,3.0171728,24.438416,1001.22705,2.1994615,0.8442805,0.06686401,0.6868092,27.923706,1005.93445,2.3303638,-3.4852905,2.3303638,3.4852905,False,True,False,True,False,False,test,ok,0.0,0.0,4.415724724531174,2.0294921875,10,0.36615135818719863,0.2254575937986374
2021-07-25 12:00:00,2021-08-03 12:00:00,9,24.0,83.99999999999999,Jharkhand,8,2021,1.0200976,29.046692,999.1178,2.220758,-0.60252166,0.15219116,1.788984,29.703827,1001.19666,-0.7688863,-0.657135,0.7688863,0.657135,False,False,False,False,False,False,test,ok,0.4,0.0,14.130919170379638,1.6849029541015625,10,0.40518430769443514,0.2559588551521301
2021-08-31 00:00:00,2021-09-09 00:00:00,9,24.0,74.99999999999999,Madhya Pradesh,9,2021,13.772554,23.307404,1004.5012,1.5922899,-1.7113218,-0.32418823,10.420358,25.569977,1002.3526,3.3521967,-2.2625732,3.3521967,2.2625732,False,False,False,False,False,False,test,no_reliable_analogs,,,,,0,,
2021-07-03 00:00:00,2021-07-12 00:00:00,9,9.0,76.5,Kerala,7,2021,12.079274,24.392395,1008.24115,6.1230392,1.4367876,-0.032684326,7.766948,25.044067,1007.2957,4.312326,-0.65167236,4.312326,0.65167236,False,False,False,False,False,False,test,ok,0.0,0.0,5.377482822963169,0.7356349400111607,7,0.42764984709875925,0.40520748496055603
2021-07-22 12:00:00,2021-07-31 12:00:00,9,28.499999999999982,74.99999999999999,Rajasthan,7,2021,0.029752001,34.292603,994.8522,5.463019,-9.029149,1.0853271,5.982685,30.954926,997.53033,-5.9529333,3.337677,5.9529333,3.337677,False,True,False,True,False,False,test,no_reliable_analogs,,,,,0,,
2021-07-12 00:00:00,2021-07-21 00:00:00,9,20.999999999999993,73.5,Gujarat,7,2021,5.7061534,24.734161,1003.6554,4.945827,-1.533329,-0.1453247,10.456758,25.523102,1003.8748,-4.750604,-0.7889404,4.750604,0.7889404,False,False,False,False,False,False,test,ok,0.0,0.0,1.8735062956809998,1.8792694091796875,10,0.3284501940011978,0.25458428263664246
2021-07-19 00:00:00,2021-07-28 00:00:00,9,32.999999999999986,79.49999999999999,Jammu and Kashmir,7,2021,3.3558607,4.6565247,1010.04346,0.8435189,0.10950136,-0.033447266,0.23337491,6.8785706,1007.1234,3.1224859,-2.222046,3.1224859,2.222046,False,False,False,False,False,False,test,ok,0.0,0.0,1.7000932335853576,1.1851318359375,10,0.4076577425003052,0.3700767159461975
2021-07-25 00:00:00,2021-08-03 00:00:00,9,10.499999999999996,78.0,Tamil Nadu,8,2021,0.15675633,24.358002,1007.88885,3.9941382,0.03474068,0.21173096,0.061355356,25.595642,1009.93964,0.095400974,-1.2376404,0.095400974,1.2376404,False,False,False,False,False,False,test,ok,0.1,0.0,4.464934999495744,1.58587646484375,10,0.2667208433151245,0.1505810171365738
2021-09-17 12:00:00,2021-09-26 12:00:00,9,24.0,94.5,Manipur,9,2021,1.71585,25.387878,1005.8977,0.92780375,-2.639141,0.54937744,8.631037,26.714142,1007.1856,-6.915187,-1.3262634,6.915187,1.3262634,False,False,False,False,False,False,test,ok,0.2857142857142857,0.5714285714285714,5.828507678849356,2.823115757533482,7,0.4149149996893747,0.37758949398994446
2021-06-30 00:00:00,2021-07-09 00:00:00,9,16.499999999999993,78.0,Andhra Pradesh,7,2021,7.098213,23.92572,1005.4956,3.2943633,0.6232872,0.09060669,4.6689925,24.81009,1004.84705,2.4292207,-0.8843689,2.4292207,0.8843689,False,False,False,False,False,False,test,ok,0.0,0.1,3.861335039138794,2.043902587890625,10,0.3813781410455704,0.3289695978164673
2021-07-08 12:00:00,2021-07-17 12:00:00,9,28.499999999999982,79.49999999999999,Uttar Pradesh,7,2021,22.873825,28.159882,1000.3443,2.4319127,8.273886,-2.1817322,3.335718,31.956116,999.4869,19.538107,-3.7962341,19.538107,3.7962341,False,True,True,True,False,False,test,no_reliable_analogs,,,,,0,,
2021-08-28 12:00:00,2021-09-06 12:00:00,9,10.499999999999996,78.0,Tamil Nadu,9,2021,0.2902287,30.726776,1004.32385,4.524878,0.18397188,-0.21417236,5.9859858,29.159912,1005.77954,-5.695757,1.566864,5.695757,1.566864,False,False,False,False,False,False,test,no_reliable_analogs,,,,,0,,
2021-06-13 00:00:00,2021-06-22 00:00:00,9,18.0,83.99999999999999,Andhra Pradesh,6,2021,2.7000172,27.641998,1002.5293,5.344995,1.181213,-0.3161316,0.8617776,29.178589,1002.63336,1.8382397,-1.5365906,1.8382397,1.5365906,False,False,False,False,False,False,test,no_reliable_analogs,,,,,0,,
2021-06-13 00:00:00,2021-06-22 00:00:00,9,28.499999999999982,88.49999999999999,Sikkim,6,2021,0.5844959,3.3478394,1015.58154,1.498375,-8.626709,-1.2915344,3.789795,5.8842163,1014.93005,-3.205299,-2.536377,3.205299,2.536377,False,False,False,False,False,False,test,no_reliable_analogs,,,,,0,,
2021-06-17 12:00:00,2021-06-26 12:00:00,9,22.5,91.5,Tripura,6,2021,46.042526,26.83255,999.01984,5.285814,24.924923,-1.0985413,4.4234934,29.61325,1004.0042,41.619034,-2.7807007,41.619034,2.7807007,False,False,True,False,False,False,test,no_reliable_analogs,,,,,0,,
2021-06-15 12:00:00,2021-06-24 12:00:00,9,7.499999999999991,92.99999999999999,Andaman and Nicobar,6,2021,7.463589,28.120667,1007.31946,8.546099,5.2060585,-0.47875977,3.614572,27.06189,1009.1643,3.8490171,1.0587769,3.8490171,1.0587769,False,False,False,False,False,False,test,no_reliable_analogs,,,,,0,,
2021-06-23 12:00:00,2021-07-02 12:00:00,9,20.999999999999993,87.0,Odisha,7,2021,3.0544746,30.475922,1000.5404,5.897378,2.7457793,-0.5653076,5.8111672,29.368317,1001.3906,-2.7566926,1.107605,2.7566926,1.107605,False,False,False,False,False,False,test,ok,0.1,0.0,8.83222205042839,0.7894866943359375,10,0.49109598994255066,0.39394474029541016
2021-08-21 12:00:00,2021-08-30 12:00:00,9,28.499999999999982,79.49999999999999,Uttar Pradesh,8,2021,2.7446,29.212036,1003.94507,1.8641235,-0.12744713,-1.3251343,7.655863,28.43866,1004.62024,-4.9112625,0.77337646,4.9112625,0.77337646,False,False,False,False,False,False,test,no_reliable_analogs,,,,,0,,
2021-09-27 12:00:00,2021-10-06 12:00:00,9,20.999999999999993,76.5,Maharashtra,10,2021,3.95791,27.822235,1007.2143,1.4592662,-1.0309505,0.7163391,10.059731,28.139069,1006.2382,-6.1018205,-0.3168335,6.1018205,0.3168335,False,False,False,False,False,False,test,ok,0.0,0.25,0.9239154914394021,2.2724380493164062,8,0.44416483864188194,0.3107201159000397
2021-08-23 12:00:00,2021-09-01 12:00:00,9,24.0,88.49999999999999,West Bengal,9,2021,4.0737915,28.8461,1004.43896,1.8279483,-0.4193654,0.4781494,1.039832,31.763702,1004.08795,3.0339594,-2.9176025,3.0339594,2.9176025,False,False,False,False,False,False,test,ok,0.0,0.1,3.685772013664246,1.2300262451171875,10,0.41833904683589934,0.3072355091571808
2021-08-29 00:00:00,2021-09-07 00:00:00,9,10.499999999999996,92.99999999999999,Andaman and Nicobar,9,2021,5.5091453,27.103516,1008.66046,8.019396,-2.4391108,-0.8442993,1.3419317,27.725037,1010.6356,4.1672134,-0.621521,4.1672134,0.621521,False,False,False,False,False,False,test,no_reliable_analogs,,,,,0,,
2021-09-11 00:00:00,2021-09-20 00:00:00,9,24.0,82.5,Madhya Pradesh,9,2021,6.03345,23.437866,1008.19415,1.2435894,-5.055833,0.20895386,5.5363774,25.601318,1008.2763,0.4970727,-2.1634521,0.4970727,2.1634521,False,False,False,False,False,False,test,ok,0.0,0.2,3.401363480091095,2.5219757080078127,10,0.45745748579502105,0.21871253848075867
2021-06-24 12:00:00,2021-07-03 12:00:00,9,31.499999999999993,74.99999999999999,Punjab,7,2021,0.06777672,39.049774,995.8245,2.2577648,-0.32749018,1.4127502,1.7142683,36.455414,998.15344,-1.6464916,2.5943604,1.6464916,2.5943604,False,False,False,False,False,False,test,no_reliable_analogs,,,,,0,,
2021-07-08 12:00:00,2021-07-17 12:00:00,9,32.999999999999986,78.0,Jammu and Kashmir,7,2021,0.13288164,13.75235,1007.7896,2.3410664,0.04735318,0.5595398,0.14010412,15.7864685,1008.2749,-0.0072224736,-2.0341187,0.0072224736,2.0341187,False,False,False,False,False,False,test,no_reliable_analogs,,,,,0,,
2021-07-18 00:00:00,2021-07-27 00:00:00,9,22.5,73.5,Gujarat,7,2021,11.534978,25.040314,1000.4907,4.9285502,-20.436295,-0.09710693,9.868525,26.274109,1001.0372,1.6664534,-1.2337952,1.6664534,1.2337952,False,False,False,False,False,False,test,no_reliable_analogs,,,,,0,,
2021-07-28 00:00:00,2021-08-06 00:00:00,9,11.999999999999991,78.0,Tamil Nadu,8,2021,0.22486334,22.503937,1009.7699,2.9819353,-0.13665943,0.083099365,1.3189918,24.451294,1008.19904,-1.0941285,-1.9473572,1.0941285,1.9473572,False,False,False,False,False,False,test,ok,0.0,0.0,0.5981576293706894,2.227606201171875,10,0.22008509412407876,0.09844096750020981
2021-09-02 12:00:00,2021-09-11 12:00:00,9,22.5,81.0,Madhya Pradesh,9,2021,5.6305904,25.437012,1002.9574,1.4852371,-5.772691,0.13607788,6.666491,27.55127,1001.7028,-1.0359006,-2.1142578,1.0359006,2.1142578,False,False,False,False,False,False,test,ok,0.0,0.3,4.694103574752807,2.394354248046875,10,0.47579286992549896,0.43038511276245117
2021-08-07 00:00:00,2021-08-16 00:00:00,9,20.999999999999993,81.0,Chhattisgarh,8,2021,0.12859116,23.752594,1005.0179,1.8730527,-0.24782436,-1.196228,4.885068,27.120392,1004.2738,-4.756477,-3.3677979,4.756477,3.3677979,False,True,False,True,False,False,test,no_reliable_analogs,,,,,0,,
2021-06-26 12:00:00,2021-07-05 12:00:00,9,22.5,76.5,Madhya Pradesh,7,2021,0.18268196,32.913055,1003.46893,4.1516204,0.09098562,-1.2019043,0.46273875,33.739838,1002.9052,-0.28005677,-0.8267822,0.28005677,0.8267822,False,False,False,False,False,False,test,no_reliable_analogs,,,,,0,,
2021-09-04 12:00:00,2021-09-13 12:00:00,9,10.499999999999996,72.0,Lakshadweep,9,2021,0.32948685,28.161652,1007.5461,6.9382763,0.25853643,0.2078247,4.7621074,27.696075,1006.87,-4.4326205,0.46557617,4.4326205,0.46557617,False,False,False,False,False,False,test,ok,0.1,0.0,3.833531330525875,0.622235107421875,10,0.3295358970761299,0.20777864754199982
2021-07-20 00:00:00,2021-07-29 00:00:00,9,22.5,78.0,Madhya Pradesh,7,2021,4.3211293,23.737335,1001.95593,4.96778,0.9388194,0.3119812,10.034056,23.642395,1002.2697,-5.7129264,0.094940186,5.7129264,0.094940186,False,False,False,False,False,False,test,ok,0.0,0.1,4.003907296061516,1.720989990234375,10,0.43439236283302307,0.2612338662147522
2021-09-27 00:00:00,2021-10-06 00:00:00,9,11.999999999999991,73.5,Lakshadweep,10,2021,18.87412,26.442566,1005.9493,4.9848223,-1.5944309,0.57385254,18.737549,26.722443,1006.238,0.13657188,-0.2798767,0.13657188,0.2798767,False,False,False,False,False,False,test,no_reliable_analogs,,,,,0,,
2021-07-08 00:00:00,2021-07-17 00:00:00,9,16.499999999999993,74.99999999999999,Karnataka,7,2021,10.131525,21.787506,1006.4146,4.3515153,2.2580614,-0.44729614,11.223794,23.22879,1007.91205,-1.092269,-1.4412842,1.092269,1.4412842,False,False,False,False,False,False,test,no_reliable_analogs,,,,,0,,
2021-06-22 12:00:00,2021-07-01 12:00:00,9,25.49999999999999,78.0,Madhya Pradesh,7,2021,0.005510843,38.560364,994.14526,4.0739408,0.005510843,0.11947632,0.17555621,37.16977,995.5566,-0.17004538,1.3905945,0.17004538,1.3905945,False,False,False,False,False,False,test,ok,0.0,0.5,0.9861095011234283,2.379681396484375,10,0.4731205075979233,0.28128236532211304
2021-06-18 00:00:00,2021-06-27 00:00:00,9,29.999999999999993,73.5,Rajasthan,6,2021,0.0,32.41577,997.423,5.286843,0.0,0.081726074,0.23502673,27.692657,1004.3675,-0.23502673,4.723114,0.23502673,4.723114,False,True,False,True,False,False,test,ok,0.0,0.4,0.2982446168316528,2.4430999755859375,10,0.44147795140743257,0.4035193622112274
2021-07-20 00:00:00,2021-07-29 00:00:00,9,28.499999999999982,91.5,Arunachal Pradesh,7,2021,5.730092,4.0749207,1014.57935,0.82408684,1.5878496,-0.40985107,9.617012,4.8922424,1013.2874,-3.88692,-0.8173218,3.88692,0.8173218,False,False,False,False,False,False,test,ok,0.0,0.2,5.83289601802826,1.9959747314453125,10,0.4276716262102127,0.2901284396648407
2021-06-29 12:00:00,2021-07-08 12:00:00,9,11.999999999999991,92.99999999999999,Andaman and Nicobar,7,2021,12.769393,27.031525,1006.82056,6.078906,-3.0291176,0.09249878,8.13046,27.539368,1005.54944,4.638933,-0.507843,4.638933,0.507843,False,False,False,False,False,False,test,no_reliable_analogs,,,,,0,,
2021-09-16 00:00:00,2021-09-25 00:00:00,9,24.0,82.5,Madhya Pradesh,9,2021,3.458063,23.29245,1006.82404,1.4726719,-2.1397836,0.12045288,3.5974755,25.225677,1006.4957,-0.13941264,-1.9332275,0.13941264,1.9332275,False,False,False,False,False,False,test,ok,0.0,0.2,2.828412342071533,2.4699554443359375,10,0.35883425176143646,0.17890071868896484
2021-06-08 00:00:00,2021-06-17 00:00:00,9,25.49999999999999,87.0,Bihar,6,2021,1.6347208,26.862701,995.47156,2.2649558,-12.445209,0.6897888,9.254539,26.87439,997.9256,-7.6198177,-0.011688232,7.6198177,0.011688232,False,False,False,False,False,False,test,no_reliable_analogs,,,,,0,,
2021-06-24 00:00:00,2021-07-03 00:00:00,9,11.999999999999991,79.49999999999999,Tamil Nadu,7,2021,5.277272,25.85321,1005.3335,2.9254994,2.0728326,-0.3945923,7.1733966,26.523834,1007.1345,-1.8961244,-0.6706238,1.8961244,0.6706238,False,False,False,False,False,False,test,ok,0.0,0.0,5.188824653625488,1.7764790852864583,6,0.3288509373863538,0.17324866354465485
2021-07-14 12:00:00,2021-07-23 12:00:00,9,19.499999999999996,76.5,Maharashtra,7,2021,15.5318985,25.406921,1000.4202,4.6706204,8.507565,-0.6116638,17.922115,25.04663,999.83264,-2.3902168,0.36029053,2.3902168,0.36029053,False,False,False,False,False,False,test,no_reliable_analogs,,,,,0,,
2021-06-15 00:00:00,2021-06-24 00:00:00,9,13.5,79.49999999999999,Andhra Pradesh,6,2021,0.42272192,26.940857,1005.6281,3.1857452,-1.2588696,0.84054565,3.1801882,26.8107,1007.46173,-2.7574663,0.13015747,2.7574663,0.13015747,False,False,False,False,False,False,test,ok,0.0,0.0,0.5467035422722498,1.8537851969401042,6,0.39046182731787366,0.3190317451953888
2021-07-13 00:00:00,2021-07-22 00:00:00,9,20.999999999999993,73.5,Gujarat,7,2021,8.809016,25.1521,1003.16046,4.54241,0.44804096,-0.03326416,15.114408,25.852234,1001.0593,-6.3053913,-0.7001343,6.3053913,0.7001343,False,False,False,False,False,False,test,ok,0.0,0.0,5.4022345542907715,1.761279296875,10,0.349841870367527,0.20261849462985992
2021-06-07 00:00:00,2021-06-16 00:00:00,9,25.49999999999999,83.99999999999999,Bihar,6,2021,8.498946,26.672699,997.27985,2.8303504,0.62007,-0.38653564,38.235092,26.548798,997.01733,-29.736145,0.12390137,29.736145,0.12390137,False,False,True,False,False,False,test,no_reliable_analogs,,,,,0,,
2021-06-01 12:00:00,2021-06-10 12:00:00,9,25.49999999999999,81.0,Uttar Pradesh,6,2021,0.012873521,39.592346,994.1121,3.924909,0.0,0.0,0.6385042,31.633087,995.8137,-0.6256307,7.959259,0.6256307,7.959259,False,True,False,True,False,False,test,ok,0.1,0.4,2.6565921790897846,2.8286956787109374,10,0.39574299156665804,0.3355853259563446
2021-09-21 12:00:00,2021-09-30 12:00:00,9,19.499999999999996,79.49999999999999,Andhra Pradesh,9,2021,12.051067,26.788483,1005.4903,1.3545322,6.532816,-0.78060913,0.5127507,30.646027,1006.2046,11.538317,-3.857544,11.538317,3.857544,False,True,False,True,False,False,test,no_reliable_analogs,,,,,0,,
2021-06-27 00:00:00,2021-07-06 00:00:00,9,29.999999999999993,74.99999999999999,Punjab,7,2021,0.0,32.580627,997.98334,4.457241,0.0,-0.17883301,0.123486124,30.939117,1000.65576,-0.123486124,1.64151,0.123486124,1.64151,False,False,False,False,False,False,test,ok,0.0,0.0,1.9314208544790745,1.655133056640625,10,0.4786536663770676,0.3090408742427826
2021-06-21 00:00:00,2021-06-30 00:00:00,9,24.0,88.49999999999999,West Bengal,6,2021,1.0118695,29.249023,999.7258,4.707424,-3.5542836,0.75509644,12.767643,28.36087,1000.307,-11.755774,0.8881531,11.755774,0.8881531,False,False,False,False,False,False,test,ok,0.0,0.0,3.89991779923439,1.0165985107421875,10,0.4788770109415054,0.36797770857810974
2021-08-25 12:00:00,2021-09-03 12:00:00,9,11.999999999999991,73.5,Lakshadweep,9,2021,3.555521,26.944244,1007.2067,4.393768,2.0088992,-0.24642944,2.9085305,26.818512,1006.6733,0.64699054,0.12573242,0.64699054,0.12573242,False,False,False,False,False,False,test,ok,0.0,0.0,1.526421645283699,0.554071044921875,10,0.3918671280145645,0.2758646011352539
2021-09-08 00:00:00,2021-09-17 00:00:00,9,28.499999999999982,79.49999999999999,Uttar Pradesh,9,2021,22.776676,24.160248,1004.2447,4.7372756,20.82873,-1.4546204,41.476055,24.767517,1001.9558,-18.699379,-0.6072693,18.699379,0.6072693,False,False,True,False,False,False,test,no_reliable_analogs,,,,,0,,
2021-06-17 00:00:00,2021-06-26 00:00:00,9,18.0,73.5,Maharashtra,6,2021,6.4310436,24.230652,1007.69617,4.103689,1.1369743,0.2539673,7.5371914,24.722626,1007.27,-1.1061478,-0.49197388,1.1061478,0.49197388,False,False,False,False,False,False,test,ok,0.0,0.0,3.6786024702919855,0.9739820692274306,9,0.4532311823632982,0.3331775665283203
2021-06-19 12:00:00,2021-06-28 12:00:00,9,19.499999999999996,74.99999999999999,Maharashtra,6,2021,0.71633804,30.644867,1005.01794,5.661329,0.24895483,-0.67297363,10.926777,28.556732,1005.43335,-10.210439,2.0881348,10.210439,2.0881348,False,False,False,False,False,False,test,ok,0.16666666666666666,0.16666666666666666,4.981091996033986,1.16925048828125,6,0.4642801135778427,0.41554078459739685
2021-08-23 12:00:00,2021-09-01 12:00:00,9,22.5,73.5,Gujarat,9,2021,9.198266,31.394775,1003.8512,0.8694016,1.3025365,1.617279,15.877833,29.020203,1001.96716,-6.6795673,2.3745728,6.6795673,2.3745728,False,False,False,False,False,False,test,no_reliable_analogs,,,,,0,,
2021-07-16 00:00:00,2021-07-25 00:00:00,9,19.499999999999996,81.0,Chhattisgarh,7,2021,11.811047,23.234253,1002.2873,3.2521884,0.79059315,0.024780273,5.399763,25.151917,1001.8864,6.4112835,-1.9176636,6.4112835,1.9176636,False,False,False,False,False,False,test,ok,0.0,0.0,5.776429986953735,1.260357666015625,10,0.4594786733388901,0.38011038303375244
2021-06-21 12:00:00,2021-06-30 12:00:00,9,29.999999999999993,94.5,Arunachal Pradesh,6,2021,9.500367,9.530792,1008.0295,1.3670856,0.7914839,-0.17510986,15.789518,10.462219,1007.40826,-6.289151,-0.931427,6.289151,0.931427,False,False,False,False,False,False,test,ok,0.0,0.1,1.9633474826812745,2.37520751953125,10,0.3788227647542953,0.320696622133255
2021-08-23 00:00:00,2021-09-01 00:00:00,9,19.499999999999996,85.5,Odisha,9,2021,10.489405,27.171051,1008.2516,4.152905,-6.0769653,0.9816284,15.703086,27.431274,1008.4746,-5.213681,-0.2602234,5.213681,0.2602234,False,False,False,False,False,False,test,no_reliable_analogs,,,,,0,,
2021-08-28 00:00:00,2021-09-06 00:00:00,9,16.499999999999993,78.0,Andhra Pradesh,9,2021,10.2774105,22.813904,1006.3036,4.1905675,3.2468934,-0.2828064,29.671936,24.070251,1005.5694,-19.394526,-1.2563477,19.394526,1.2563477,False,False,True,False,False,False,test,no_reliable_analogs,,,,,0,,
2021-09-25 00:00:00,2021-10-04 00:00:00,9,34.49999999999999,76.5,Jammu and Kashmir,10,2021,1.9644873,-3.3563538,1018.8195,0.7095539,1.4049504,2.1741943,2.0644557,-1.375946,1019.07623,-0.09996843,-1.9804077,0.09996843,1.9804077,False,False,False,False,False,False,test,no_reliable_analogs,,,,,0,,
2021-08-12 12:00:00,2021-08-21 12:00:00,9,26.999999999999996,76.5,Rajasthan,8,2021,6.5162377,29.512482,1002.37756,3.3419666,0.60893536,-0.61672974,14.699124,28.327515,1003.04846,-8.182886,1.184967,8.182886,1.184967,False,False,False,False,False,False,test,no_reliable_analogs,,,,,0,,
2021-07-12 00:00:00,2021-07-21 00:00:00,9,26.999999999999996,90.0,Assam,7,2021,33.423443,18.171967,1005.6736,0.6990423,17.704292,-0.05682373,9.273484,20.708466,1004.3448,24.14996,-2.536499,24.14996,2.536499,False,False,True,False,False,False,test,no_reliable_analogs,,,,,0,,
2021-08-03 12:00:00,2021-08-12 12:00:00,9,19.499999999999996,78.0,Maharashtra,8,2021,0.48747572,30.57135,1006.1817,2.8612864,-0.11421445,-0.18344116,0.3102577,31.188965,1005.79834,0.17721802,-0.61761475,0.17721802,0.61761475,False,False,False,False,False,False,test,ok,0.1,0.1,4.964540097117424,1.4829254150390625,10,0.4725274384021759,0.35373640060424805
2021-08-21 12:00:00,2021-08-30 12:00:00,9,13.5,78.0,Karnataka,8,2021,5.952235,24.096558,1005.2305,3.4787087,-2.546792,-1.0367126,16.490496,26.530212,1005.2528,-10.53826,-2.4336548,10.53826,2.4336548,False,False,False,True,False,False,test,no_reliable_analogs,,,,,0,,
2021-09-04 00:00:00,2021-09-13 00:00:00,9,25.49999999999999,87.0,Bihar,9,2021,2.7399313,26.04184,999.95544,1.0344611,-1.420358,0.5969238,6.031123,29.036041,1000.41156,-3.2911918,-2.9942017,3.2911918,2.9942017,False,False,False,False,False,False,test,no_reliable_analogs,,,,,0,,
2021-07-31 00:00:00,2021-08-09 00:00:00,9,11.999999999999991,74.99999999999999,Kerala,8,2021,19.32746,24.713959,1010.26483,3.8219197,5.256666,0.06491089,27.703766,24.865326,1010.7366,-8.376307,-0.15136719,8.376307,0.15136719,False,False,False,False,False,False,test,no_reliable_analogs,,,,,0,,
2021-07-05 12:00:00,2021-07-14 12:00:00,9,22.5,73.5,Gujarat,7,2021,6.146906,29.772675,999.373,2.0836697,-24.747887,0.936676,1.2778517,32.635773,998.31555,4.8690543,-2.8630981,4.8690543,2.8630981,False,False,False,False,False,False,test,no_reliable_analogs,,,,,0,,
2021-09-02 00:00:00,2021-09-11 00:00:00,9,11.999999999999991,73.5,Lakshadweep,9,2021,0.5820832,27.30838,1008.5881,6.0120173,-1.3436917,0.2558899,1.0540571,27.150574,1008.3783,-0.4719739,0.1578064,0.4719739,0.1578064,False,False,False,False,False,False,test,ok,0.0,0.0,2.4772659122943876,0.3531494140625,10,0.2930518090724945,0.21785876154899597
2021-09-16 12:00:00,2021-09-26 12:00:00,10,9.0,76.5,Kerala,9,2021,6.332466,25.528503,1007.5047,3.7712643,0.0,0.0,6.285712,26.369019,1006.3077,0.04675436,-0.84051514,0.04675436,0.84051514,False,False,False,False,False,False,test,ok,0.0,0.0,8.876394081115723,0.84298095703125,10,0.22595257312059402,0.173274964094162
2021-07-04 00:00:00,2021-07-14 00:00:00,10,31.499999999999993,76.5,Himachal Pradesh,7,2021,7.9551086,22.020294,1002.1273,0.9551887,0.0,0.0,17.932926,23.109528,1005.6799,-9.977818,-1.0892334,9.977818,1.0892334,False,False,True,False,False,False,test,ok,0.0,0.0,5.7156907081604,1.6602325439453125,10,0.2933203995227814,0.23397955298423767
2021-07-02 12:00:00,2021-07-12 12:00:00,10,26.999999999999996,76.5,Rajasthan,7,2021,2.6402714,33.389313,998.00275,1.7444462,0.0,0.0,9.763801,32.959564,999.6719,-7.1235294,0.42974854,7.1235294,0.42974854,False,False,False,False,False,False,test,ok,0.2,0.4,7.341323336586356,2.437164306640625,10,0.34601627588272094,0.2821274697780609
2021-06-01 12:00:00,2021-06-11 12:00:00,10,11.999999999999991,94.5,Andaman and Nicobar,6,2021,15.91395,28.169739,1004.7483,12.071849,0.0,0.0,21.16274,29.350464,1005.658,-5.2487907,-1.1807251,5.2487907,1.1807251,False,False,False,False,False,False,test,ok,0.0,0.0,7.665327548980713,0.6288604736328125,10,0.3869915008544922,0.3045380413532257
2021-06-28 12:00:00,2021-07-08 12:00:00,10,19.499999999999996,73.5,Maharashtra,7,2021,4.0495367,26.74414,1005.8329,3.7867508,0.0,0.0,4.6569567,27.112701,1004.77405,-0.60741997,-0.3685608,0.60741997,0.3685608,False,False,False,False,False,False,test,ok,0.0,0.1,2.7131197094917296,1.9178466796875,10,0.2682656869292259,0.20953825116157532
2021-07-15 00:00:00,2021-07-25 00:00:00,10,14.999999999999996,74.99999999999999,Karnataka,7,2021,10.105783,21.918335,1007.73096,4.512883,0.0,0.0,6.678101,23.584717,1007.9306,3.4276824,-1.6663818,3.4276824,1.6663818,False,False,False,False,False,False,test,ok,0.0,0.0,2.9598042964935303,1.746649169921875,10,0.2620583981275558,0.17908556759357452
2021-07-29 12:00:00,2021-08-08 12:00:00,10,28.499999999999982,97.49999999999999,Arunachal Pradesh,8,2021,19.440628,12.222015,1010.35376,1.063308,0.0,0.0,14.620046,14.207306,1012.051,4.8205824,-1.9852905,4.8205824,1.9852905,False,False,False,False,False,False,test,ok,0.0,0.2,8.885231399536133,2.079937744140625,10,0.2949425220489502,0.2002384066581726
2021-07-12 00:00:00,2021-07-22 00:00:00,10,28.499999999999982,76.5,Haryana,7,2021,5.473254,26.869568,999.1283,1.8679581,0.0,0.0,3.9112504,27.536041,995.9684,1.5620039,-0.6664734,1.5620039,0.6664734,False,False,False,False,False,False,test,ok,0.1,0.1,9.751882576942444,1.986785888671875,10,0.31022571176290514,0.1614500731229782
2021-07-31 12:00:00,2021-08-10 12:00:00,10,20.999999999999993,79.49999999999999,Maharashtra,8,2021,1.0272305,30.517914,1001.6465,2.5225017,0.0,0.0,3.9756327,29.83017,1003.4989,-2.9484022,0.68774414,2.9484022,0.68774414,False,False,False,False,False,False,test,ok,0.2,0.2,11.466889917850494,1.877349853515625,10,0.24475084990262985,0.15960919857025146
2021-08-24 00:00:00,2021-09-03 00:00:00,10,13.5,81.0,Tamil Nadu,9,2021,7.451887,26.501984,1006.8389,5.1601486,0.0,0.0,8.509275,26.573853,1004.6013,-1.0573883,-0.0718689,1.0573883,0.0718689,False,False,False,False,False,False,test,ok,0.0,0.0,5.055661225318909,0.7687469482421875,10,0.3222017899155617,0.16509300470352173
2021-06-04 00:00:00,2021-06-14 00:00:00,10,20.999999999999993,82.5,Chhattisgarh,6,2021,22.687933,24.767883,998.4772,5.9812913,0.0,0.0,29.728365,25.604645,998.1111,-7.040432,-0.8367615,7.040432,0.8367615,False,False,False,False,False,False,test,no_reliable_analogs,,,,,0,,
2021-07-22 12:00:00,2021-08-01 12:00:00,10,18.0,74.99999999999999,Maharashtra,8,2021,0.4259338,26.446198,1005.3183,7.897387,0.0,0.0,0.74840856,26.479736,1006.0536,-0.32247475,-0.03353882,0.32247475,0.03353882,False,False,False,False,False,False,test,ok,0.0,0.1,2.5938361525535583,1.234307861328125,10,0.1936621941626072,0.11569658666849136
2021-06-28 12:00:00,2021-07-08 12:00:00,10,11.999999999999991,73.5,Lakshadweep,7,2021,25.750973,27.036713,1007.43005,8.362393,0.0,0.0,13.287525,27.238525,1005.7957,12.463448,-0.20181274,12.463448,0.20181274,False,False,False,False,False,False,test,ok,0.2222222222222222,0.0,24.663604524400498,0.5944892035590278,9,0.3937762743896908,0.32590150833129883
2021-07-03 00:00:00,2021-07-13 00:00:00,10,14.999999999999996,73.5,Goa,7,2021,40.622837,26.680237,1005.5084,8.6381645,0.0,0.0,40.299107,26.233154,1003.58417,0.32373047,0.44708252,0.32373047,0.44708252,False,False,False,False,False,False,test,ok,0.0,0.0,21.633500734965008,0.4734547932942708,6,0.45293448865413666,0.19884362816810608
2021-08-12 12:00:00,2021-08-22 12:00:00,10,20.999999999999993,82.5,Chhattisgarh,8,2021,2.614433,28.121552,1006.2466,1.407009,0.0,0.0,5.6349816,30.849457,1005.26154,-3.0205486,-2.7279053,3.0205486,2.7279053,False,False,False,False,False,False,test,ok,0.0,0.0,5.974597889184952,1.2681976318359376,10,0.32964502573013305,0.12767843902111053
2021-08-01 12:00:00,2021-08-11 12:00:00,10,26.999999999999996,69.0,Rajasthan,8,2021,0.0,39.947968,997.11945,7.0595355,0.0,0.0,0.0,38.00876,998.2354,0.0,1.939209,0.0,1.939209,False,False,False,False,False,False,test,ok,0.1,0.2,5.616303492852694,2.4308502197265627,10,0.3023143634200096,0.17247851192951202
2021-08-11 12:00:00,2021-08-21 12:00:00,10,32.999999999999986,79.49999999999999,Jammu and Kashmir,8,2021,0.22831774,15.344757,1003.8494,3.346465,0.0,0.0,3.0171163,11.803223,1011.02875,-2.7887986,3.5415344,2.7887986,3.5415344,False,True,False,True,False,False,test,ok,0.0,0.16666666666666666,0.2926729789228375,1.6163228352864583,6,0.36094685395558673,0.26873812079429626
2021-07-03 12:00:00,2021-07-13 12:00:00,10,18.0,74.99999999999999,Maharashtra,7,2021,8.153965,25.664185,1003.6488,6.4821787,0.0,0.0,19.950294,25.834412,1002.4342,-11.7963295,-0.17022705,11.7963295,0.17022705,False,False,False,False,False,False,test,ok,0.0,0.0,6.669659566879273,1.3687469482421875,10,0.32532473355531694,0.24235843122005463
2021-06-01 12:00:00,2021-06-11 12:00:00,10,24.0,83.99999999999999,Jharkhand,6,2021,7.5761414,28.955444,997.0071,2.8093622,0.0,0.0,5.230803,28.592224,996.7419,2.3453383,0.3632202,2.3453383,0.3632202,False,False,False,False,False,False,test,ok,0.0,0.0,4.462892293930054,0.9749603271484375,10,0.35424287915229796,0.2656617760658264
2021-08-19 12:00:00,2021-08-29 12:00:00,10,25.49999999999999,70.49999999999999,Rajasthan,8,2021,0.22464404,34.884277,1001.41455,5.9639225,0.0,0.0,0.00023825698,36.562805,1000.0514,0.22440578,-1.6785278,0.22440578,1.6785278,False,False,False,False,False,False,test,ok,0.0,0.2,0.6947218139654069,2.047802734375,10,0.2890166357159615,0.08243708312511444
2021-08-03 12:00:00,2021-08-13 12:00:00,10,16.499999999999993,81.0,Andhra Pradesh,8,2021,1.1046119,32.704956,1003.389,3.2332141,0.0,0.0,2.93875,31.147125,1002.8191,-1.8341382,1.5578308,1.8341382,1.5578308,False,False,False,False,False,False,test,ok,0.1,0.2,6.602307459712028,1.719964599609375,10,0.24109481722116471,0.17138396203517914
2021-08-07 12:00:00,2021-08-17 12:00:00,10,20.999999999999993,74.99999999999999,Maharashtra,8,2021,0.43533748,30.989838,1004.9702,3.8533552,0.0,0.0,5.279792,27.158264,1005.6995,-4.8444543,3.8315735,4.8444543,3.8315735,False,True,False,True,False,False,test,ok,0.0,0.0,0.44218881130218507,1.295648193359375,10,0.32812846899032594,0.2447878122329712
2021-07-10 12:00:00,2021-07-20 12:00:00,10,18.0,78.0,Andhra Pradesh,7,2021,22.149412,25.551178,1004.2026,4.2170763,0.0,0.0,9.603874,27.803741,1004.25305,12.545538,-2.2525635,12.545538,2.2525635,False,False,False,False,False,False,test,ok,0.0,0.3333333333333333,10.78756332397461,2.991511027018229,6,0.3656954641143481,0.1482304185628891
2021-08-03 12:00:00,2021-08-13 12:00:00,10,11.999999999999991,92.99999999999999,Andaman and Nicobar,8,2021,12.169898,27.820923,1008.03876,8.171916,0.0,0.0,10.581319,28.076874,1006.3792,1.5885792,-0.25595093,1.5885792,0.25595093,False,False,False,False,False,False,test,ok,0.0,0.0,9.577864503860473,0.4851593017578125,10,0.2378653809428215,0.16637781262397766
2021-09-25 00:00:00,2021-10-05 00:00:00,10,25.49999999999999,94.5,Manipur,10,2021,7.620886,19.09082,1012.8525,0.80140215,0.0,0.0,7.4442616,20.184753,1012.7205,0.1766243,-1.0939331,0.1766243,1.0939331,False,False,False,False,False,False,test,ok,0.0,0.6,3.2649237394332884,2.9866943359375,10,0.2433406740427017,0.1296829879283905
2021-06-17 00:00:00,2021-06-27 00:00:00,10,22.5,69.0,Gujarat,6,2021,0.54119366,28.6698,1002.7651,9.770146,0.0,0.0,0.43972826,28.878143,1006.5175,0.101465404,-0.2083435,0.101465404,0.2083435,False,False,False,False,False,False,test,ok,0.0,0.0,0.7898586831986905,0.4597412109375,10,0.3684018850326538,0.17088767886161804
2021-09-24 12:00:00,2021-10-04 12:00:00,10,26.999999999999996,73.5,Rajasthan,10,2021,0.9075146,29.491425,1003.74023,2.925045,0.0,0.0,0.013881972,32.271454,1004.2358,0.8936326,-2.7800293,0.8936326,2.7800293,False,False,False,False,False,False,test,ok,0.0,0.2,1.1036837600171565,2.3720916748046874,10,0.3599244624376297,0.31063684821128845
2021-06-07 00:00:00,2021-06-17 00:00:00,10,14.999999999999996,78.0,Andhra Pradesh,6,2021,4.382192,23.724152,1006.36743,4.3446712,0.0,0.0,1.4618965,26.861664,1005.3993,2.9202957,-3.1375122,2.9202957,3.1375122,False,True,False,True,False,False,test,ok,0.0,0.3,2.8434591770172117,2.1220916748046874,10,0.28932270854711534,0.1772749125957489
2021-07-26 00:00:00,2021-08-05 00:00:00,10,22.5,70.49999999999999,Gujarat,8,2021,1.0853419,26.157104,1000.9336,5.4859147,0.0,0.0,0.8502727,27.295593,1003.07367,0.23506922,-1.1384888,0.23506922,1.1384888,False,False,False,False,False,False,test,ok,0.0,0.0,1.6496512204408647,1.4026519775390625,10,0.2135276600718498,0.11101683974266052
2021-08-23 00:00:00,2021-09-02 00:00:00,10,24.0,85.5,Jharkhand,9,2021,3.4568696,24.454376,1006.452,2.4716218,0.0,0.0,2.5810559,27.102783,1006.6231,0.8758137,-2.648407,0.8758137,2.648407,False,False,False,False,False,False,test,ok,0.0,0.0,2.826443076133728,1.83726806640625,10,0.28150479793548583,0.23024031519889832
2021-07-27 00:00:00,2021-08-06 00:00:00,10,22.5,74.99999999999999,Madhya Pradesh,8,2021,63.308662,23.67633,1002.6786,4.6428995,0.0,0.0,7.0113993,25.197784,1002.71405,56.297264,-1.5214539,56.297264,1.5214539,False,False,True,False,False,False,test,ok,0.5,0.5,47.7688414255778,3.5844930013020835,6,0.48469724754492444,0.42661798000335693
2021-06-26 00:00:00,2021-07-06 00:00:00,10,28.499999999999982,88.49999999999999,Sikkim,7,2021,5.0854163,5.1352844,1014.74786,0.7017819,0.0,0.0,4.0928726,6.2573853,1014.65906,0.9925437,-1.1221008,0.9925437,1.1221008,False,False,False,False,False,False,test,ok,0.0,0.0,3.056356930732727,1.9171844482421876,10,0.24593693315982817,0.17789745330810547
2021-09-01 12:00:00,2021-09-11 12:00:00,10,7.499999999999991,92.99999999999999,Andaman and Nicobar,9,2021,8.437692,27.121674,1007.5887,6.652047,0.0,0.0,4.145196,27.985474,1008.35583,4.2924957,-0.86380005,4.2924957,0.86380005,False,False,False,False,False,False,test,ok,0.0,0.0,6.063337326049805,0.7928985595703125,10,0.25325843021273614,0.1239408627152443
2021-09-12 12:00:00,2021-09-22 12:00:00,10,20.999999999999993,74.99999999999999,Maharashtra,9,2021,4.71852,27.138214,1004.1406,2.5354462,0.0,0.0,9.752747,27.157135,1003.4921,-5.0342264,-0.018920898,5.0342264,0.018920898,False,False,False,False,False,False,test,ok,0.0,0.1,6.310948443412781,1.0411712646484375,10,0.22977441996335984,0.10110870003700256
2021-09-25 12:00:00,2021-10-05 12:00:00,10,13.5,74.99999999999999,Karnataka,10,2021,10.397419,25.111633,1006.8896,1.5728198,0.0,0.0,20.470272,26.352173,1006.9528,-10.072853,-1.2405396,10.072853,1.2405396,False,False,False,False,False,False,test,ok,0.0,0.2,4.250182247161865,2.1302215576171877,10,0.3776517927646637,0.2722916901111603
2021-07-18 12:00:00,2021-07-28 12:00:00,10,10.499999999999996,79.49999999999999,Tamil Nadu,7,2021,0.05340819,31.795074,1005.4292,6.673573,0.0,0.0,0.22051978,32.09445,1005.15076,-0.16711159,-0.29937744,0.16711159,0.29937744,False,False,False,False,False,False,test,ok,0.0,0.0,0.9947957485914231,0.4790496826171875,10,0.1466931827366352,0.07011742889881134
2021-06-13 00:00:00,2021-06-23 00:00:00,10,24.0,73.5,Rajasthan,6,2021,0.12568048,26.766174,1004.16656,3.3226392,0.0,0.0,2.2856958,26.254272,1004.6258,-2.1600153,0.51190186,2.1600153,0.51190186,False,False,False,False,False,False,test,ok,0.0,0.1,2.1147868312895297,1.6081390380859375,10,0.313167105615139,0.21649785339832306
2021-07-19 00:00:00,2021-07-29 00:00:00,10,20.999999999999993,73.5,Gujarat,7,2021,4.6770067,24.701721,1003.6692,6.667441,0.0,0.0,5.5599914,25.671997,1003.24945,-0.88298464,-0.9702759,0.88298464,0.9702759,False,False,False,False,False,False,test,ok,0.0,0.0,6.768154883384705,1.3933258056640625,10,0.3428097054362297,0.24396158754825592
2021-09-14 00:00:00,2021-09-24 00:00:00,10,29.999999999999993,74.99999999999999,Punjab,9,2021,0.49910694,25.668732,1006.58167,1.6857481,0.0,0.0,21.130266,24.185303,1008.40906,-20.631159,1.483429,20.631159,1.483429,True,False,True,False,False,False,test,ok,0.2,0.0,6.207710099965334,1.21627197265625,10,0.1664782240986824,0.0626457929611206
2021-06-07 12:00:00,2021-06-17 12:00:00,10,26.999999999999996,81.0,Uttar Pradesh,6,2021,0.81983685,33.349823,993.72406,2.5457265,0.0,0.0,11.690055,28.23468,998.5193,-10.870218,5.115143,10.870218,5.115143,False,True,False,True,False,False,test,ok,0.0,0.8,3.6045365065336226,4.231365966796875,10,0.32504508197307586,0.25168806314468384
2021-06-17 00:00:00,2021-06-27 00:00:00,10,31.499999999999993,78.0,Himachal Pradesh,6,2021,1.4396865,5.322937,1012.4736,0.9684799,0.0,0.0,1.5853302,3.3511047,1018.1485,-0.14564371,1.9718323,0.14564371,1.9718323,False,False,False,False,False,False,test,ok,0.0,0.1,1.204418735206127,1.35933837890625,10,0.13868316784501075,0.0934780016541481
2021-07-06 00:00:00,2021-07-16 00:00:00,10,24.0,78.0,Madhya Pradesh,7,2021,5.6629496,25.2565,1000.3044,2.0118537,0.0,0.0,0.38115197,28.920105,1004.8083,5.2817974,-3.6636047,5.2817974,3.6636047,False,True,False,True,False,False,test,ok,0.0,0.5,6.018118238449096,2.932110595703125,10,0.30776914656162263,0.24197563529014587
2021-06-20 00:00:00,2021-06-30 00:00:00,10,11.999999999999991,74.99999999999999,Kerala,6,2021,5.8138504,25.055603,1009.34766,2.9978092,0.0,0.0,0.97530305,26.206848,1007.9945,4.838547,-1.1512451,4.838547,1.1512451,False,False,False,False,False,False,test,ok,0.0,0.1,2.6020978927612304,0.7629669189453125,10,0.3221060335636139,0.19850994646549225
2021-07-28 12:00:00,2021-08-07 12:00:00,10,11.999999999999991,73.5,Lakshadweep,8,2021,2.2659256,27.13153,1009.11237,6.9659986,0.0,0.0,9.321193,26.855469,1008.5609,-7.0552673,0.276062,7.0552673,0.276062,False,False,False,False,False,False,test,ok,0.0,0.0,2.2751436829566956,0.680230712890625,10,0.1472072571516037,0.05102325975894928
2021-06-16 00:00:00,2021-06-26 00:00:00,10,20.999999999999993,72.0,Gujarat,6,2021,1.1127481,28.091217,1003.8688,7.6288066,0.0,0.0,1.297018,28.364502,1004.0902,-0.1842699,-0.2732849,0.1842699,0.2732849,False,False,False,False,False,False,test,ok,0.1,0.0,4.098029124736786,0.2722137451171875,10,0.3644909620285034,0.3089183270931244
2021-07-24 12:00:00,2021-08-03 12:00:00,10,29.999999999999993,81.0,Uttarakhand,8,2021,8.736794,13.638672,1006.7872,1.3604764,0.0,0.0,5.4194756,15.219238,1008.35333,3.317319,-1.5805664,3.317319,1.5805664,False,False,False,False,False,False,test,ok,0.0,0.1,3.0947118759155274,1.8636322021484375,10,0.18171055242419243,0.06839483231306076
2021-07-10 00:00:00,2021-07-20 00:00:00,10,20.999999999999993,83.99999999999999,Odisha,7,2021,8.863277,24.49939,1000.3825,1.9037261,0.0,0.0,4.47986,27.57492,1001.1943,4.3834176,-3.075531,4.3834176,3.075531,False,True,False,True,False,False,test,ok,0.0,0.0,4.482895088195801,1.8298858642578124,10,0.24132597595453262,0.16759951412677765
2021-09-08 12:00:00,2021-09-18 12:00:00,10,28.499999999999982,73.5,Rajasthan,9,2021,1.8173716,30.78946,1000.4606,2.5224743,0.0,0.0,0.00724942,35.34662,1003.07874,1.8101221,-4.5571594,1.8101221,4.5571594,False,True,False,True,False,False,test,ok,0.0,0.4,2.5579796478152277,3.07706298828125,10,0.3196340143680573,0.2692735493183136
2021-08-24 12:00:00,2021-09-03 12:00:00,10,20.999999999999993,88.49999999999999,West Bengal,9,2021,21.314182,27.978699,1002.60986,5.4256396,0.0,0.0,3.4783533,28.70227,1002.06226,17.835829,-0.7235718,17.835829,0.7235718,False,False,True,False,False,False,test,ok,0.0,0.0,7.214241623878479,0.80078125,8,0.43496740609407425,0.1898365318775177
2021-07-05 00:00:00,2021-07-15 00:00:00,10,16.499999999999993,74.99999999999999,Karnataka,7,2021,7.7868967,22.30951,1004.2894,5.541303,0.0,0.0,26.733347,23.064514,1003.7328,-18.94645,-0.7550049,18.94645,0.7550049,False,False,True,False,False,False,test,ok,0.0,0.2,5.769425106048584,1.8306610107421875,10,0.3129672288894653,0.2284838855266571
2021-06-16 00:00:00,2021-06-26 00:00:00,10,28.499999999999982,76.5,Haryana,6,2021,0.0,31.180054,997.1839,5.754937,0.0,0.0,0.56842655,27.450592,1002.17053,-0.56842655,3.7294617,0.56842655,3.7294617,False,True,False,True,False,False,test,ok,0.0,0.2,1.0457956790458411,2.0171600341796876,10,0.3434970811009407,0.16755984723567963
2021-09-03 12:00:00,2021-09-13 12:00:00,10,28.499999999999982,72.0,Rajasthan,9,2021,0.16180086,35.53177,997.6236,5.5476303,0.0,0.0,1.0594287,33.46942,999.15674,-0.89762783,2.0623474,0.89762783,2.0623474,False,False,False,False,False,False,test,ok,0.0,0.2,1.2848681502611725,1.688494873046875,10,0.3986447356641293,0.09848197549581528
2021-08-13 12:00:00,2021-08-23 12:00:00,10,16.499999999999993,82.5,Andhra Pradesh,8,2021,3.4905643,28.615448,1005.36444,5.1906414,0.0,0.0,1.7601209,29.082092,1005.1973,1.7304435,-0.4666443,1.7304435,0.4666443,False,False,False,False,False,False,test,ok,0.1,0.0,3.308606427907944,0.72386474609375,10,0.28436425924301145,0.16663005948066711
2021-07-28 12:00:00,2021-08-07 12:00:00,10,34.49999999999999,78.0,Jammu and Kashmir,8,2021,0.7599818,9.168793,1008.1848,1.9987383,0.0,0.0,0.9440591,9.617554,1011.1236,-0.18407726,-0.448761,0.18407726,0.448761,False,False,False,False,False,False,test,ok,0.0,0.1,0.8375768544152379,1.958477783203125,10,0.14290496110916137,0.07746588438749313
2021-09-05 12:00:00,2021-09-15 12:00:00,10,28.499999999999982,74.99999999999999,Rajasthan,9,2021,3.7146485,29.374939,1000.9113,3.9467468,0.0,0.0,0.06619378,33.69156,1002.8371,3.6484547,-4.31662,3.6484547,4.31662,False,True,False,True,False,False,test,ok,0.1,0.2,5.886879708827474,1.582659912109375,10,0.33184208273887633,0.15348854660987854
2021-08-30 00:00:00,2021-09-09 00:00:00,10,26.999999999999996,88.49999999999999,West Bengal,9,2021,10.766744,16.7229,1011.54614,0.8658202,0.0,0.0,8.270325,18.928528,1010.842,2.496419,-2.2056274,2.496419,2.2056274,False,False,False,False,False,False,test,ok,0.0,0.1,7.07758903503418,1.7792510986328125,10,0.2831908121705055,0.1880565881729126
2021-09-24 12:00:00,2021-10-04 12:00:00,10,18.0,82.5,Andhra Pradesh,10,2021,3.5208502,26.285187,1005.1819,1.7007438,0.0,0.0,5.0373983,27.984741,1006.89435,-1.5165482,-1.6995544,1.5165482,1.6995544,False,False,False,False,False,False,test,ok,0.1,0.0,7.07948282957077,0.970721435546875,10,0.3251253247261047,0.2545143663883209
2021-06-19 00:00:00,2021-06-29 00:00:00,10,36.0,78.0,Jammu and Kashmir,6,2021,1.0227107,-6.833374,1023.2272,1.164597,0.0,0.0,1.5120113,-7.782593,1026.8359,-0.4893006,0.94921875,0.4893006,0.94921875,False,False,False,False,False,False,test,ok,0.0,0.4,1.3768592476844788,2.693634033203125,10,0.22682063281536102,0.17620089650154114
2021-07-14 12:00:00,2021-07-24 12:00:00,10,28.499999999999982,76.5,Haryana,7,2021,2.3407686,31.050385,996.7317,1.9378461,0.0,0.0,1.2429076,34.288757,996.76917,1.0978609,-3.2383728,1.0978609,3.2383728,False,True,False,True,False,False,test,ok,0.1,0.0,8.304397428035736,1.4133941650390625,10,0.3178839057683945,0.18488243222236633
2021-07-23 12:00:00,2021-08-02 12:00:00,10,28.499999999999982,88.49999999999999,Sikkim,8,2021,1.7263561,10.001099,1005.2991,2.8596935,0.0,0.0,4.827036,11.543701,1007.6033,-3.1006799,-1.5426025,3.1006799,1.5426025,False,False,False,False,False,False,test,ok,0.0,0.0,4.21823468208313,1.322882080078125,10,0.2543772593140602,0.1290905773639679
2021-08-19 12:00:00,2021-08-29 12:00:00,10,16.499999999999993,79.49999999999999,Andhra Pradesh,8,2021,19.52687,27.444489,1003.00555,2.3233204,0.0,0.0,7.8009152,28.104004,1000.3454,11.725956,-0.6595154,11.725956,0.6595154,False,False,False,False,False,False,test,no_reliable_analogs,,,,,0,,
2021-08-18 00:00:00,2021-08-28 00:00:00,10,25.49999999999999,82.5,Uttar Pradesh,8,2021,0.29744393,25.65506,1001.3504,1.5248519,0.0,0.0,1.2783556,27.058807,1002.247,-0.9809117,-1.4037476,0.9809117,1.4037476,False,False,False,False,False,False,test,ok,0.1,0.3,6.1160462439060215,1.9258087158203125,10,0.3138829216361046,0.2199278324842453
2021-07-17 12:00:00,2021-07-27 12:00:00,10,28.499999999999982,70.49999999999999,Rajasthan,7,2021,0.0,36.93387,988.5975,5.989317,0.0,0.0,0.6976103,34.27545,991.5676,-0.6976103,2.6584167,0.6976103,2.6584167,False,False,False,False,False,False,test,no_reliable_analogs,,,,,0,,
2021-08-01 00:00:00,2021-08-11 00:00:00,10,25.49999999999999,83.99999999999999,Bihar,8,2021,3.9532428,26.805145,999.61597,2.3665304,0.0,0.0,15.300177,27.3396,1000.5597,-11.346933,-0.53445435,11.346933,0.53445435,False,False,False,False,False,False,test,ok,0.2,0.1,10.909075915813446,1.2415679931640624,10,0.2365374259650707,0.1010463610291481
2021-06-04 12:00:00,2021-06-14 12:00:00,10,9.0,76.5,Kerala,6,2021,11.369116,25.73053,1008.9787,5.21236,0.0,0.0,26.293987,26.796661,1008.13916,-14.924871,-1.0661316,14.924871,1.0661316,False,False,False,False,False,False,test,ok,0.0,0.0,4.580830383300781,1.310009765625,10,0.2250087909400463,0.09898889809846878
2021-06-24 00:00:00,2021-07-04 00:00:00,10,22.5,88.49999999999999,West Bengal,7,2021,3.65855,28.689789,1000.73474,3.8900883,0.0,0.0,7.3614025,28.459473,1002.7239,-3.7028525,0.23031616,3.7028525,0.23031616,False,False,False,False,False,False,test,ok,0.0,0.0,5.6582103848457335,1.21409912109375,10,0.23051996827125548,0.1597534567117691
2021-07-31 12:00:00,2021-08-10 12:00:00,10,22.5,76.5,Madhya Pradesh,8,2021,8.9247675,26.846771,1003.3133,3.2216086,0.0,0.0,1.2218451,29.249512,1005.1864,7.7029223,-2.4027405,7.7029223,2.4027405,False,False,False,False,False,False,test,ok,0.0,0.0,14.297034549713135,1.4419158935546874,10,0.3368146657943726,0.27694040536880493
2021-07-20 12:00:00,2021-07-30 12:00:00,10,25.49999999999999,74.99999999999999,Rajasthan,7,2021,7.4393306,26.910034,997.39404,5.2474446,0.0,0.0,7.5606375,28.588013,998.7537,-0.121306896,-1.6779785,0.121306896,1.6779785,False,False,False,False,False,False,test,ok,0.0,0.2,4.811866772174835,2.0295989990234373,10,0.3563211426138878,0.1694967895746231
2021-07-11 12:00:00,2021-07-21 12:00:00,10,19.499999999999996,76.5,Maharashtra,7,2021,6.9389763,25.814606,1003.9486,3.4392166,0.0,0.0,15.284383,25.183563,1001.77545,-8.345407,0.6310425,8.345407,0.6310425,False,False,False,False,False,False,test,ok,0.0,0.3,3.8188919544219972,2.2601654052734377,10,0.2817514047026634,0.17864027619361877
2021-09-10 00:00:00,2021-09-20 00:00:00,10,10.499999999999996,76.5,Kerala,9,2021,1.2852226,22.773285,1010.65,1.4485431,0.0,0.0,4.616539,25.07251,1011.07635,-3.3313165,-2.2992249,3.3313165,2.2992249,False,False,False,True,False,False,test,ok,0.0,0.0,2.1854474902153016,2.07718505859375,10,0.1872620925307274,0.11218027770519257
2021-07-15 12:00:00,2021-07-25 12:00:00,10,18.0,79.49999999999999,Andhra Pradesh,7,2021,0.5926692,30.511993,1000.15894,3.4363768,0.0,0.0,0.13140379,32.173676,1001.28687,0.4612654,-1.6616821,0.4612654,1.6616821,False,False,False,False,False,False,test,ok,0.0,0.0,3.40799523293972,1.291943359375,10,0.28861602693796157,0.18664903938770294
2021-07-15 00:00:00,2021-07-25 00:00:00,10,19.499999999999996,82.5,Odisha,7,2021,4.8583355,23.082794,1002.2416,4.2830296,0.0,0.0,1.4109899,25.012268,1002.1703,3.4473457,-1.9294739,3.4473457,1.9294739,False,False,False,False,False,False,test,ok,0.2,0.1,7.817375540733337,1.2556793212890625,10,0.3044730141758919,0.18466000258922577
2021-08-15 12:00:00,2021-08-25 12:00:00,10,34.49999999999999,76.5,Jammu and Kashmir,8,2021,0.40761888,10.819061,1007.6145,1.8001133,0.0,0.0,0.1580696,15.327301,1006.0611,0.24954928,-4.5082397,0.24954928,4.5082397,False,True,False,True,False,False,test,ok,0.0,0.2,1.710456696152687,1.8724212646484375,10,0.1694616049528122,0.08838165551424026
2021-09-01 12:00:00,2021-09-11 12:00:00,10,22.5,69.0,Gujarat,9,2021,1.2134453,27.53598,1001.12494,8.177905,0.0,0.0,5.9579606,28.439026,1000.26953,-4.7445154,-0.90304565,4.7445154,0.90304565,False,False,False,False,False,False,test,ok,0.3,0.0,16.65768867880106,0.5024810791015625,10,0.39176158159971236,0.15672238171100616
2021-06-26 00:00:00,2021-07-06 00:00:00,10,11.999999999999991,79.49999999999999,Tamil Nadu,7,2021,3.7637985,25.89505,1006.23517,2.4626722,0.0,0.0,6.4785385,27.026123,1005.8385,-2.71474,-1.131073,2.71474,1.131073,False,False,False,False,False,False,test,ok,0.0,0.0,2.175096094608307,1.0893768310546874,10,0.1733957812190056,0.0954403430223465
2021-07-28 12:00:00,2021-08-07 12:00:00,10,28.499999999999982,97.49999999999999,Arunachal Pradesh,8,2021,12.993656,12.727753,1008.3603,0.9308532,0.0,0.0,6.604038,15.366333,1010.8345,6.3896184,-2.6385803,6.3896184,2.6385803,False,False,False,False,False,False,test,ok,0.0,0.2,4.730508327484131,1.91563720703125,10,0.28369816690683364,0.20222949981689453
2021-08-18 00:00:00,2021-08-28 00:00:00,10,28.499999999999982,76.5,Haryana,8,2021,0.0012639972,26.122162,999.9009,3.0605056,0.0,0.0,0.00019215661,29.080719,1001.3067,0.0010718405,-2.9585571,0.0010718405,2.9585571,False,False,False,False,False,False,test,ok,0.1,0.0,3.248333379626274,1.6424346923828126,10,0.23648485094308852,0.128732830286026
2021-07-02 12:00:00,2021-07-12 12:00:00,10,34.49999999999999,73.5,Jammu and Kashmir,7,2021,2.164876,25.84787,1003.2944,1.7099997,0.0,0.0,14.974007,21.151855,1007.75916,-12.809131,4.6960144,12.809131,4.6960144,False,True,True,True,False,False,test,ok,0.0,0.2,2.3347516536712645,1.5694244384765625,10,0.2529591605067253,0.16501982510089874
2021-07-20 00:00:00,2021-07-30 00:00:00,10,26.999999999999996,81.0,Uttar Pradesh,7,2021,9.783266,26.112244,997.7113,1.9659216,0.0,0.0,9.904289,27.020172,997.3027,-0.12102318,-0.90792847,0.12102318,0.90792847,False,False,False,False,False,False,test,ok,0.0,0.2,5.854708003997803,1.935540771484375,10,0.2698502168059349,0.08579555153846741
2021-08-16 00:00:00,2021-08-26 00:00:00,10,31.499999999999993,74.99999999999999,Punjab,8,2021,0.051827446,28.896484,996.8136,2.2583287,0.0,0.0,0.5205138,28.513336,996.0998,-0.46868634,0.3831482,0.46868634,0.3831482,False,False,False,False,False,False,test,ok,0.0,0.0,1.411330020427704,1.235308837890625,10,0.30552915930747987,0.22520457208156586
2021-06-21 00:00:00,2021-07-01 00:00:00,10,28.499999999999982,91.5,Arunachal Pradesh,7,2021,10.6823845,6.246063,1011.16907,1.0267926,0.0,0.0,14.458771,5.7749634,1011.2505,-3.7763863,0.47109985,3.7763863,0.47109985,False,False,False,False,False,False,test,ok,0.0,0.1,4.436811304092407,1.6240478515625,10,0.28581619560718535,0.22061467170715332
2021-08-06 12:00:00,2021-08-16 12:00:00,10,25.49999999999999,83.99999999999999,Bihar,8,2021,0.92725295,31.167236,1002.7472,1.7829455,0.0,0.0,2.122957,31.898224,1002.40656,-1.195704,-0.73098755,1.195704,0.73098755,False,False,False,False,False,False,test,ok,0.1,0.1,4.855530533194542,1.283740234375,10,0.3838261816650629,0.061300668865442276
2021-09-28 00:00:00,2021-10-08 00:00:00,10,25.49999999999999,70.49999999999999,Rajasthan,10,2021,0.0,26.039032,1006.33765,2.8035822,0.0,0.0,0.0022678487,26.950195,1005.2648,-0.0022678487,-0.91116333,0.0022678487,0.91116333,False,False,False,False,False,False,test,ok,0.0,0.0,0.06173663946101442,1.3132568359375,10,0.30576854199171066,0.2080623358488083
2021-06-23 00:00:00,2021-07-03 00:00:00,10,10.499999999999996,78.0,Tamil Nadu,7,2021,1.709164,24.828583,1008.118,2.6410406,0.0,0.0,2.8523798,26.349579,1008.178,-1.1432158,-1.5209961,1.1432158,1.5209961,False,False,False,False,False,False,test,ok,0.0,0.1,1.9832991719245912,2.072576904296875,10,0.14498610720038413,0.07687441259622574
2021-06-26 12:00:00,2021-07-06 12:00:00,10,28.499999999999982,72.0,Rajasthan,7,2021,0.0,41.37686,996.71783,5.4228992,0.0,0.0,0.00018382182,42.020325,997.92114,-0.00018382182,-0.64346313,0.00018382182,0.64346313,False,False,False,False,False,False,test,ok,0.0,0.5,1.6379588981159032,3.499639892578125,10,0.35603090524673464,0.259239137172699
2021-07-22 12:00:00,2021-08-01 12:00:00,10,9.0,79.49999999999999,Tamil Nadu,8,2021,0.023495302,28.875397,1005.91425,7.630226,0.0,0.0,0.08096172,28.78543,1006.91205,-0.057466418,0.08996582,0.057466418,0.08996582,False,False,False,False,False,False,test,ok,0.0,0.0,1.130518640205264,0.4822174072265625,10,0.16056523472070694,0.06926754862070084
2021-07-09 00:00:00,2021-07-19 00:00:00,10,20.999999999999993,76.5,Maharashtra,7,2021,14.552319,24.322601,1003.16724,3.6847363,0.0,0.0,5.6390953,26.370209,1002.06305,8.913223,-2.0476074,8.913223,2.0476074,False,False,False,False,False,False,test,ok,0.0,0.2,13.862530374526978,1.6734039306640625,10,0.3039520874619484,0.23191538453102112
2021-08-26 12:00:00,2021-09-05 12:00:00,10,25.49999999999999,70.49999999999999,Rajasthan,9,2021,0.2779703,33.626404,999.534,5.6603074,0.0,0.0,0.2565242,37.293274,999.59314,0.021446109,-3.66687,0.021446109,3.66687,False,True,False,True,False,False,test,ok,0.0,0.3,1.3340522254584357,2.1794921875,10,0.30053022876381874,0.11737409979104996
2021-07-17 00:00:00,2021-07-27 00:00:00,10,26.999999999999996,81.0,Uttar Pradesh,7,2021,3.8276308,27.075348,996.53516,2.2671351,0.0,0.0,9.324682,28.311798,994.9968,-5.4970512,-1.2364502,5.4970512,1.2364502,False,False,False,False,False,False,test,ok,0.0,0.0,8.030647826194762,1.4907806396484375,10,0.2347413033246994,0.13080552220344543
2021-09-25 12:00:00,2021-10-05 12:00:00,10,25.49999999999999,92.99999999999999,Assam,10,2021,4.252682,24.40921,1010.8432,0.9532583,0.0,0.0,2.9690723,26.62146,1008.7452,1.2836099,-2.2122498,1.2836099,2.2122498,False,False,False,False,False,False,test,ok,0.0,0.1,2.371084153652191,2.513922119140625,10,0.26273298263549805,0.1805119514465332
2021-09-27 00:00:00,2021-10-07 00:00:00,10,25.49999999999999,91.5,Meghalaya,10,2021,3.7532227,21.985199,1012.3088,0.85088784,0.0,0.0,1.8394504,24.682098,1008.2893,1.9137723,-2.6968994,1.9137723,2.6968994,False,False,False,False,False,False,test,ok,0.0,0.3,1.9334166646003723,2.538385009765625,10,0.29754653573036194,0.1478687822818756
2021-09-17 00:00:00,2021-09-27 00:00:00,10,16.499999999999993,73.5,Maharashtra,9,2021,3.7367852,24.119751,1006.4319,1.7320126,0.0,0.0,2.480966,24.46698,1004.7619,1.2558191,-0.347229,1.2558191,0.347229,False,False,False,False,False,False,test,ok,0.0,0.0,4.837373542785644,0.800787353515625,10,0.2531319856643677,0.12798014283180237
2021-09-27 12:00:00,2021-10-07 12:00:00,10,11.999999999999991,72.0,Lakshadweep,10,2021,11.183192,26.414307,1006.9171,3.9109607,0.0,0.0,2.6749122,27.975616,1005.2597,8.50828,-1.5613098,8.50828,1.5613098,False,False,False,False,False,False,test,ok,0.0,0.0,6.6174369812011715,0.36082763671875,5,0.3425952434539795,0.22229459881782532
2021-07-02 00:00:00,2021-07-12 00:00:00,10,25.49999999999999,82.5,Uttar Pradesh,7,2021,14.37892,27.096954,999.0955,1.6480578,0.0,0.0,6.757822,28.803467,1003.90955,7.6210976,-1.7065125,7.6210976,1.7065125,False,False,False,False,False,False,test,ok,0.0,0.3,12.28634762763977,2.2179779052734374,10,0.2915582373738289,0.1332036852836609
2021-08-18 00:00:00,2021-08-28 00:00:00,10,26.999999999999996,94.5,Assam,8,2021,30.056524,23.348541,1004.03955,1.1115631,0.0,0.0,24.053562,24.58435,1005.5636,6.002962,-1.2358093,6.002962,1.2358093,False,False,False,False,False,False,test,ok,0.1,0.3,13.480460929870606,2.366998291015625,10,0.35155521184206007,0.15677960216999054
2021-06-24 12:00:00,2021-07-04 12:00:00,10,28.499999999999982,94.5,Arunachal Pradesh,7,2021,58.45045,17.51651,1007.02344,0.874317,0.0,0.0,17.489046,18.574646,1008.5695,40.961403,-1.058136,40.961403,1.058136,False,False,True,False,False,False,test,ok,0.1,0.0,24.638996505737303,0.9693023681640625,10,0.2710262328386307,0.09185679256916046
2021-08-08 12:00:00,2021-08-18 12:00:00,10,28.499999999999982,79.49999999999999,Uttar Pradesh,8,2021,0.36625353,32.89447,998.71924,2.1713736,0.0,0.0,3.6724687,32.58362,999.24146,-3.306215,0.31085205,3.306215,0.31085205,False,False,False,False,False,False,test,ok,0.1,0.1,6.50806257929653,1.3862335205078125,10,0.35709640234708784,0.21417032182216644
2021-07-20 12:00:00,2021-07-30 12:00:00,10,26.999999999999996,83.99999999999999,Uttar Pradesh,7,2021,11.082938,29.60608,994.7737,1.3578606,0.0,0.0,4.057017,32.036194,996.74615,7.0259213,-2.4301147,7.0259213,2.4301147,False,False,False,False,False,False,test,ok,0.0,0.0,7.02946982383728,0.959820556640625,10,0.3677851125597954,0.22844593226909637
2021-06-15 12:00:00,2021-06-25 12:00:00,10,11.999999999999991,94.5,Andaman and Nicobar,6,2021,16.536007,27.65271,1005.18353,8.732293,0.0,0.0,12.300071,27.227356,1005.98376,4.235936,0.425354,4.235936,0.425354,False,False,False,False,False,False,test,ok,0.0,0.0,6.46496696472168,0.46943359375,10,0.2854112461209297,0.22683189809322357
2021-09-16 00:00:00,2021-09-26 00:00:00,10,29.999999999999993,73.5,Rajasthan,9,2021,0.2143542,24.845734,1004.08234,1.4534949,0.0,0.0,0.33085555,26.546783,1005.6001,-0.116501346,-1.7010498,0.116501346,1.7010498,False,False,False,False,False,False,test,ok,0.0,0.1,0.17722462291494595,2.126153564453125,10,0.2160374253988266,0.11446191370487213
2021-09-23 12:00:00,2021-10-03 12:00:00,10,26.999999999999996,72.0,Rajasthan,10,2021,0.007959512,33.586365,1002.84644,1.7553077,0.0,0.0,0.0,35.5336,1004.11346,0.007959512,-1.9472351,0.007959512,1.9472351,False,False,False,False,False,False,test,ok,0.0,0.1,0.37990904190955915,1.8556488037109375,10,0.4194833129644394,0.36355775594711304
2021-06-23 12:00:00,2021-07-03 12:00:00,10,22.5,82.5,Chhattisgarh,7,2021,0.036851984,32.168762,1001.20764,1.5386591,0.0,0.0,10.584105,28.51532,1002.4155,-10.547253,3.6534424,10.547253,3.6534424,False,True,False,True,False,False,test,ok,0.0,0.4,5.961324675381183,2.103460693359375,10,0.32203164100646975,0.25748923420906067
2021-08-01 12:00:00,2021-08-11 12:00:00,10,18.0,81.0,Chhattisgarh,8,2021,0.5822144,32.217377,1002.4271,2.0349276,0.0,0.0,0.6133279,32.501312,1003.2008,-0.031113505,-0.28393555,0.031113505,0.28393555,False,False,False,False,False,False,test,ok,0.1,0.1,3.151919054985046,1.1549163818359376,10,0.24592346400022508,0.13663293421268463
2021-07-12 00:00:00,2021-07-22 00:00:00,10,26.999999999999996,85.5,Bihar,7,2021,10.957544,23.700775,1001.4419,1.6895527,0.0,0.0,11.727569,26.034363,999.5158,-0.7700243,-2.3335876,0.7700243,2.3335876,False,False,False,False,False,False,test,ok,0.0,0.1,5.307606983184814,2.080145263671875,10,0.2774001583456993,0.24989546835422516
2021-08-03 12:00:00,2021-08-13 12:00:00,10,24.0,72.0,Gujarat,8,2021,0.6049267,32.04785,1002.1022,6.9548206,0.0,0.0,0.5392317,33.690277,1002.6304,0.06569499,-1.6424255,0.06569499,1.6424255,False,False,False,False,False,False,test,ok,0.0,0.1,2.9264000058174133,1.6656158447265625,10,0.40100854337215425,0.30454400181770325
2021-09-27 12:00:00,2021-10-07 12:00:00,10,24.0,70.49999999999999,Gujarat,10,2021,0.048694428,32.364716,1005.805,1.6198484,0.0,0.0,0.08169128,34.55197,1004.7823,-0.032996852,-2.1872559,0.032996852,2.1872559,False,False,False,False,False,False,test,ok,0.0,0.0,0.09235939255449921,1.3715728759765624,10,0.32604457437992096,0.2266084998846054
2021-09-25 12:00:00,2021-10-05 12:00:00,10,26.999999999999996,88.49999999999999,West Bengal,10,2021,37.955303,17.377075,1012.9405,1.0222822,0.0,0.0,44.682835,20.48175,1011.545,-6.7275314,-3.1046753,6.7275314,3.1046753,False,True,False,True,False,False,test,no_reliable_analogs,,,,,0,,
2021-08-06 00:00:00,2021-08-16 00:00:00,10,28.499999999999982,92.99999999999999,Arunachal Pradesh,8,2021,16.653831,8.592102,1014.743,0.48801604,0.0,0.0,22.888361,9.376343,1014.9545,-6.2345295,-0.7842407,6.2345295,0.7842407,False,False,False,False,False,False,test,ok,0.0,0.0,7.100033855438232,1.157012939453125,10,0.3095086306333542,0.12834906578063965
2021-06-19 12:00:00,2021-06-29 12:00:00,10,26.999999999999996,94.5,Assam,6,2021,27.656754,26.35437,1000.81946,1.1475964,0.0,0.0,16.255058,26.690002,1001.9071,11.401695,-0.33563232,11.401695,0.33563232,False,False,False,False,False,False,test,ok,0.0,0.3,12.10173749923706,1.946124267578125,10,0.2857158467173576,0.06776559352874756
2021-09-06 00:00:00,2021-09-16 00:00:00,10,32.999999999999986,78.0,Jammu and Kashmir,9,2021,0.060884003,-3.8548584,1024.0287,0.96882045,0.0,0.0,0.083275236,-3.8054504,1021.0891,-0.022391234,-0.04940796,0.022391234,0.04940796,False,False,False,False,False,False,test,ok,0.1,0.2,3.191334169113543,1.82161865234375,10,0.17353595420718193,0.07558677345514297
2021-09-26 00:00:00,2021-10-06 00:00:00,10,26.999999999999996,72.0,Rajasthan,10,2021,0.08024267,25.23056,1008.4199,2.5597572,0.0,0.0,0.007926975,26.985016,1009.0483,0.07231569,-1.7544556,0.07231569,1.7544556,False,False,False,False,False,False,test,ok,0.0,0.0,0.015200971916056006,1.842730712890625,10,0.2593529984354973,0.15695740282535553
2021-09-20 00:00:00,2021-09-30 00:00:00,10,26.999999999999996,76.5,Rajasthan,9,2021,0.8597373,24.256134,1008.7272,1.4409347,0.0,0.0,1.8927069,27.085693,1008.8488,-1.0329696,-2.8295593,1.0329696,2.8295593,False,False,False,False,False,False,test,ok,0.1,0.0,4.0268941931426525,1.860650634765625,10,0.3379409670829773,0.2573290467262268
2021-08-07 00:00:00,2021-08-17 00:00:00,10,26.999999999999996,76.5,Rajasthan,8,2021,0.0,25.833008,1004.555,3.575022,0.0,0.0,0.005037264,28.632172,1005.26276,-0.005037264,-2.7991638,0.005037264,2.7991638,False,False,False,False,False,False,test,ok,0.1,0.0,2.923155851458432,1.86004638671875,10,0.303048187494278,0.17928002774715424
2021-07-20 12:00:00,2021-07-30 12:00:00,10,18.0,83.99999999999999,Andhra Pradesh,7,2021,0.052536815,31.093903,998.21674,5.7843423,0.0,0.0,3.71648,29.924255,1000.62164,-3.6639433,1.1696472,3.6639433,1.1696472,False,False,False,False,False,False,test,ok,0.1,0.0,8.2653082549572,0.5967864990234375,10,0.36948945224285124,0.26795488595962524
2021-06-22 00:00:00,2021-07-02 00:00:00,10,24.0,83.99999999999999,Jharkhand,7,2021,0.0012699026,25.91336,1000.21173,3.465603,0.0,0.0,2.3135982,26.586975,1000.63885,-2.3123283,-0.6736145,2.3123283,0.6736145,False,False,False,False,False,False,test,ok,0.1,0.0,4.668357360363006,0.7640777587890625,10,0.24448927342891694,0.13642729818820953
2021-07-29 12:00:00,2021-08-08 12:00:00,10,28.499999999999982,88.49999999999999,Sikkim,8,2021,1.783067,11.200867,1007.39276,3.1591828,0.0,0.0,5.1781626,10.719849,1011.37665,-3.3950956,0.48101807,3.3950956,0.48101807,False,False,False,False,False,False,test,ok,0.0,0.1,3.0918264985084534,1.75867919921875,10,0.31209567487239837,0.15424427390098572
2021-06-17 00:00:00,2021-06-27 00:00:00,10,18.0,82.5,Andhra Pradesh,6,2021,1.0689921,25.522644,1004.8864,2.1645684,0.0,0.0,14.732792,25.190613,1005.0197,-13.663799,0.33203125,13.663799,0.33203125,False,False,False,False,False,False,test,ok,0.0,0.0,4.947261470556259,1.1517486572265625,10,0.35449475049972534,0.22433967888355255
2021-06-06 12:00:00,2021-06-16 12:00:00,10,18.0,82.5,Andhra Pradesh,6,2021,0.41391444,29.087708,1001.2375,2.9930346,0.0,0.0,3.1048605,29.508057,1001.1799,-2.690946,-0.42034912,2.690946,0.42034912,False,False,False,False,False,False,test,ok,0.0,0.0,5.787806534767151,1.4058868408203125,10,0.2677140191197395,0.10446403920650482
2021-06-04 12:00:00,2021-06-14 12:00:00,10,20.999999999999993,79.49999999999999,Maharashtra,6,2021,0.5686742,34.054047,997.06525,3.2825248,0.0,0.0,17.75624,32.027008,995.6178,-17.187567,2.0270386,17.187567,2.0270386,True,False,True,False,False,False,test,ok,0.1,0.4,3.2393785821273924,2.5199737548828125,10,0.29228579103946684,0.1667736917734146
2021-09-03 12:00:00,2021-09-13 12:00:00,10,20.999999999999993,88.49999999999999,West Bengal,9,2021,102.801674,27.495667,996.24005,8.72559,0.0,0.0,34.18819,28.394073,998.291,68.61348,-0.898407,68.61348,0.898407,True,False,True,False,False,True,test,no_reliable_analogs,,,,,0,,
2021-07-28 12:00:00,2021-08-07 12:00:00,10,25.49999999999999,82.5,Uttar Pradesh,8,2021,0.39336354,31.30188,998.2541,2.848323,0.0,0.0,11.635975,31.364685,999.65216,-11.242611,-0.062805176,11.242611,0.062805176,False,False,False,False,False,False,test,ok,0.4,0.0,15.544294536113739,1.2722930908203125,10,0.3022567257285118,0.21189691126346588
2021-08-04 12:00:00,2021-08-14 12:00:00,10,32.999999999999986,73.5,Jammu and Kashmir,8,2021,6.3135033,29.66986,998.51135,1.8300918,0.0,0.0,4.4183636,32.197144,997.3339,1.8951397,-2.5272827,1.8951397,2.5272827,False,False,False,False,False,False,test,ok,0.0,0.4,3.7181740045547484,3.188055419921875,10,0.24583713039755822,0.0930139496922493
2021-09-23 12:00:00,2021-10-03 12:00:00,10,14.999999999999996,73.5,Goa,10,2021,1.2465566,27.546051,1007.88226,5.157084,0.0,0.0,3.8650963,28.116516,1005.8128,-2.6185398,-0.5704651,2.6185398,0.5704651,False,False,False,False,False,False,test,ok,0.0,0.0,1.9724249362945556,0.4578216552734375,10,0.27687223441898823,0.061496783047914505
2021-08-01 12:00:00,2021-08-11 12:00:00,10,32.999999999999986,76.5,Himachal Pradesh,8,2021,0.84239006,13.682037,1009.52515,1.4520556,0.0,0.0,2.710971,14.388397,1012.08575,-1.868581,-0.70635986,1.868581,0.70635986,False,False,False,False,False,False,test,ok,0.0,0.1,1.3534368395805358,1.62220458984375,10,0.19113853871822356,0.10720067471265793
2021-07-26 12:00:00,2021-08-05 12:00:00,10,34.49999999999999,74.99999999999999,Jammu and Kashmir,8,2021,1.6397535,16.608093,1008.7244,1.6125869,0.0,0.0,9.091168,17.06366,1008.2511,-7.451415,-0.4555664,7.451415,0.4555664,False,False,False,False,False,False,test,ok,0.0,0.1,3.5695501148700712,1.5010498046875,10,0.24062778279185296,0.10351362079381943
2021-07-07 00:00:00,2021-07-17 00:00:00,10,36.0,78.0,Jammu and Kashmir,7,2021,0.5625191,-2.5869446,1025.4841,1.0802393,0.0,0.0,0.20996264,-6.3489075,1023.11115,0.35255644,3.761963,0.35255644,3.761963,False,True,False,True,False,False,test,ok,0.0,0.3,0.6269816488027573,2.9901153564453127,10,0.2871676176786423,0.1258559226989746
2021-08-29 00:00:00,2021-09-08 00:00:00,10,25.49999999999999,74.99999999999999,Rajasthan,9,2021,9.968533,24.786438,1003.61163,1.6396759,0.0,0.0,1.1156062,27.373749,1002.95526,8.852926,-2.5873108,8.852926,2.5873108,False,False,False,False,False,False,test,ok,0.0,0.5,6.942655324935913,2.8542877197265626,10,0.30220412760972976,0.24194209277629852
2021-08-28 00:00:00,2021-09-07 00:00:00,10,9.0,92.99999999999999,Andaman and Nicobar,9,2021,4.4407167,28.145172,1008.56714,7.7883763,0.0,0.0,0.28751224,27.888153,1010.73474,4.1532044,0.25701904,4.1532044,0.25701904,False,False,False,False,False,False,test,ok,0.0,0.0,7.153193974494934,0.8399810791015625,10,0.28104329109191895,0.14388801157474518
2021-09-30 12:00:00,2021-10-10 12:00:00,10,22.5,79.49999999999999,Madhya Pradesh,10,2021,0.10445964,27.005493,1005.64874,1.3800817,0.0,0.0,0.0,30.266052,1006.1524,0.10445964,-3.260559,0.10445964,3.260559,False,True,False,True,False,False,test,ok,0.0,0.5,0.05272903020959348,2.6539215087890624,10,0.24057382941246033,0.1455616056919098
2021-09-24 00:00:00,2021-10-04 00:00:00,10,20.999999999999993,82.5,Chhattisgarh,10,2021,4.579333,23.423218,1008.59045,2.2286751,0.0,0.0,1.809079,27.034882,1007.61664,2.7702537,-3.6116638,2.7702537,3.6116638,False,True,False,True,False,False,test,ok,0.0,0.5,2.537071871757507,2.982000732421875,10,0.39717967361211776,0.2495107799768448
2021-06-10 12:00:00,2021-06-20 12:00:00,10,28.499999999999982,81.0,Uttar Pradesh,6,2021,7.3512135,27.916718,998.5122,1.0527526,0.0,0.0,8.861238,27.12851,1001.09174,-1.5100241,0.788208,1.5100241,0.788208,False,False,False,False,False,False,test,ok,0.1,0.2,14.19949426651001,1.4541290283203125,10,0.37059979438781737,0.24462679028511047
2021-08-10 12:00:00,2021-08-20 12:00:00,10,20.999999999999993,83.99999999999999,Odisha,8,2021,16.606302,26.5401,999.61884,1.9181061,0.0,0.0,7.1406727,28.396515,1004.1203,9.46563,-1.8564148,9.46563,1.8564148,False,False,False,False,False,False,test,ok,0.0,0.1,8.586560535430909,1.654620361328125,10,0.3276488035917282,0.29158473014831543
2021-08-05 00:00:00,2021-08-15 00:00:00,10,29.999999999999993,74.99999999999999,Punjab,8,2021,0.0,28.27887,997.9446,3.1272433,0.0,0.0,0.006856787,29.746002,999.03986,-0.006856787,-1.4671326,0.006856787,1.4671326,False,False,False,False,False,False,test,ok,0.0,0.0,1.6143809113651515,0.8278289794921875,10,0.1872802756726742,0.12019022554159164
2021-06-03 00:00:00,2021-06-13 00:00:00,10,25.49999999999999,90.0,Meghalaya,6,2021,46.95714,25.323517,1000.1343,5.139524,0.0,0.0,11.145913,27.238129,1000.8978,35.81123,-1.9146118,35.81123,1.9146118,False,False,True,False,False,False,test,no_reliable_analogs,,,,,0,,
2021-07-07 00:00:00,2021-07-17 00:00:00,10,20.999999999999993,82.5,Chhattisgarh,7,2021,2.9049723,24.532898,1004.23553,1.5302099,0.0,0.0,0.5172234,28.608551,1006.0592,2.387749,-4.075653,2.387749,4.075653,False,True,False,True,False,False,test,ok,0.1,0.4,4.114560836553574,2.3456878662109375,10,0.32912571132183077,0.15834668278694153
2021-07-25 12:00:00,2021-08-04 12:00:00,10,24.0,83.99999999999999,Jharkhand,8,2021,0.5249366,30.013977,1000.2979,1.4855654,0.0,0.0,3.4529104,28.939606,1001.25336,-2.9279737,1.0743713,2.9279737,1.0743713,False,False,False,False,False,False,test,ok,0.3,0.0,9.465353655815125,1.302740478515625,10,0.2780865654349327,0.18083436787128448
2021-08-31 00:00:00,2021-09-10 00:00:00,10,24.0,74.99999999999999,Madhya Pradesh,9,2021,12.622748,23.404022,1004.699,2.2056406,0.0,0.0,11.549793,25.146088,1004.0681,1.0729551,-1.7420654,1.0729551,1.7420654,False,False,False,False,False,False,test,ok,0.0,0.0,9.682465553283691,1.998907470703125,10,0.3357458204030991,0.13592281937599182
2021-07-03 00:00:00,2021-07-13 00:00:00,10,9.0,76.5,Kerala,7,2021,8.692726,24.428833,1008.6431,5.8183517,0.0,0.0,6.0338197,25.631805,1007.28345,2.6589065,-1.2029724,2.6589065,1.2029724,False,False,False,False,False,False,test,ok,0.0,0.0,4.991718912124634,0.571563720703125,10,0.28834887593984604,0.20441414415836334
2021-07-22 12:00:00,2021-08-01 12:00:00,10,28.499999999999982,74.99999999999999,Rajasthan,8,2021,0.0021281864,36.4198,993.9526,4.739985,0.0,0.0,3.4556782,31.633942,996.0298,-3.45355,4.785858,3.45355,4.785858,False,True,False,True,False,False,test,ok,0.0,0.8,3.2804311335086824,4.085073852539063,10,0.3795184075832367,0.19009000062942505
2021-07-12 00:00:00,2021-07-22 00:00:00,10,20.999999999999993,73.5,Gujarat,7,2021,8.360975,25.185364,1003.28046,5.155662,0.0,0.0,15.114408,25.852234,1001.0593,-6.7534323,-0.6668701,6.7534323,0.6668701,False,False,False,False,False,False,test,ok,0.0,0.1,6.12278516292572,2.003155517578125,10,0.26069273948669436,0.131039559841156
2021-07-19 00:00:00,2021-07-29 00:00:00,10,32.999999999999986,79.49999999999999,Jammu and Kashmir,7,2021,6.6817245,4.7492676,1010.3869,0.73413897,0.0,0.0,0.31389347,6.915802,1008.3638,6.367831,-2.1665344,6.367831,2.1665344,False,False,False,False,False,False,test,ok,0.0,0.1,2.0977893114089965,2.042242431640625,10,0.31736611723899844,0.2133595049381256
2021-07-25 00:00:00,2021-08-04 00:00:00,10,10.499999999999996,78.0,Tamil Nadu,8,2021,0.19797097,24.424652,1008.247,3.9026382,0.0,0.0,0.17999636,25.993164,1011.2695,0.017974615,-1.568512,0.017974615,1.568512,False,False,False,False,False,False,test,ok,0.1,0.0,3.5522707764059307,1.7732421875,10,0.1818434938788414,0.12978874146938324
2021-09-17 12:00:00,2021-09-27 12:00:00,10,24.0,94.5,Manipur,9,2021,1.2644839,25.813324,1005.43365,0.8881541,0.0,0.0,6.1435957,27.067413,1007.411,-4.879112,-1.2540894,4.879112,1.2540894,False,False,False,False,False,False,test,ok,0.1,0.2,5.1300030708312985,2.31007080078125,10,0.221744105219841,0.14561979472637177
2021-06-30 00:00:00,2021-07-10 00:00:00,10,16.499999999999993,78.0,Andhra Pradesh,7,2021,6.585804,23.863068,1003.6702,3.8100698,0.0,0.0,9.842595,24.857574,1002.6867,-3.256791,-0.99450684,3.256791,0.99450684,False,False,False,False,False,False,test,ok,0.0,0.0,5.946917963027954,2.0115478515625,10,0.2639188066124916,0.2022099643945694
2021-07-08 12:00:00,2021-07-18 12:00:00,10,28.499999999999982,79.49999999999999,Uttar Pradesh,7,2021,72.63842,26.774261,999.87775,3.4090462,0.0,0.0,65.015686,27.31601,999.0206,7.622734,-0.54174805,7.622734,0.54174805,False,False,False,False,False,False,test,no_reliable_analogs,,,,,0,,
2021-08-28 12:00:00,2021-09-07 12:00:00,10,10.499999999999996,78.0,Tamil Nadu,9,2021,0.26793543,30.528229,1005.0683,4.338375,0.0,0.0,0.49464265,30.693756,1005.73236,-0.22670722,-0.16552734,0.22670722,0.16552734,False,False,False,False,False,False,test,ok,0.0,0.0,3.1524370431900026,1.436456298828125,10,0.22124003916978835,0.09316909313201904
2021-06-13 00:00:00,2021-06-23 00:00:00,10,18.0,83.99999999999999,Andhra Pradesh,6,2021,3.361861,27.868866,1002.52295,7.7566786,0.0,0.0,0.39116308,28.82965,1002.6217,2.9706979,-0.9607849,2.9706979,0.9607849,False,False,False,False,False,False,test,ok,0.0,0.0,3.16685032248497,0.8780670166015625,10,0.32104412615299227,0.1718863546848297
2021-06-13 00:00:00,2021-06-23 00:00:00,10,28.499999999999982,88.49999999999999,Sikkim,6,2021,0.85057294,4.5697327,1012.67664,1.4254735,0.0,0.0,5.0213003,5.9541016,1016.075,-4.1707273,-1.3843689,4.1707273,1.3843689,False,False,False,False,False,False,test,ok,0.0,0.0,1.7973620891571045,1.595257568359375,10,0.16351913958787917,0.07567880302667618
2021-06-17 12:00:00,2021-06-27 12:00:00,10,22.5,91.5,Tripura,6,2021,45.687656,27.857056,1001.0276,5.6195755,0.0,0.0,2.723267,29.752136,1005.68994,42.96439,-1.8950806,42.96439,1.8950806,False,False,True,False,False,False,test,no_reliable_analogs,,,,,0,,
2021-06-15 12:00:00,2021-06-25 12:00:00,10,7.499999999999991,92.99999999999999,Andaman and Nicobar,6,2021,10.29138,28.4404,1006.99255,8.7775345,0.0,0.0,12.588859,27.699158,1007.4009,-2.2974787,0.74124146,2.2974787,0.74124146,False,False,False,False,False,False,test,ok,0.0,0.0,11.177129554748536,0.60582275390625,10,0.2899619936943054,0.23697349429130554
2021-06-23 12:00:00,2021-07-03 12:00:00,10,20.999999999999993,87.0,Odisha,7,2021,2.5418625,30.66745,1001.4626,5.5540533,0.0,0.0,3.9677684,30.203125,1001.4018,-1.425906,0.46432495,1.425906,0.46432495,False,False,False,False,False,False,test,ok,0.1,0.0,4.7919500231742855,0.597442626953125,10,0.2913841396570206,0.2342655211687088
2021-08-21 12:00:00,2021-08-31 12:00:00,10,28.499999999999982,79.49999999999999,Uttar Pradesh,8,2021,2.6174746,28.552582,1005.7727,2.398209,0.0,0.0,7.8013687,29.58432,1005.8563,-5.183894,-1.0317383,5.183894,1.0317383,False,False,False,False,False,False,test,ok,0.0,0.2,5.366575741767884,2.4222259521484375,10,0.47581090331077575,0.39194852113723755
2021-09-27 12:00:00,2021-10-07 12:00:00,10,20.999999999999993,76.5,Maharashtra,10,2021,2.5984156,27.373291,1006.4219,1.3820595,0.0,0.0,2.7482088,30.63794,1004.70654,-0.14979315,-3.2646484,0.14979315,3.2646484,False,True,False,True,False,False,test,ok,0.0,0.3,0.924824097007513,2.574224853515625,10,0.2650980979204178,0.20556780695915222
2021-08-23 12:00:00,2021-09-02 12:00:00,10,24.0,88.49999999999999,West Bengal,9,2021,7.344564,28.72168,1002.8269,1.538834,0.0,0.0,2.4228127,30.70819,1003.8074,4.921751,-1.9865112,4.921751,1.9865112,False,False,False,False,False,False,test,ok,0.0,0.2,3.4285254001617433,1.9934600830078124,10,0.20731693059206008,0.096122607588768
2021-08-29 00:00:00,2021-09-08 00:00:00,10,10.499999999999996,92.99999999999999,Andaman and Nicobar,9,2021,1.7647067,27.472504,1009.06805,7.3390174,0.0,0.0,6.781984,26.836792,1009.1407,-5.0172772,0.63571167,5.0172772,0.63571167,False,False,False,False,False,False,test,ok,0.1,0.0,10.068129920959473,1.031646728515625,10,0.2729757994413376,0.11562888324260712
2021-09-11 00:00:00,2021-09-21 00:00:00,10,24.0,82.5,Madhya Pradesh,9,2021,9.025068,23.121124,1007.3221,1.1383438,0.0,0.0,3.7641592,26.279358,1006.9511,5.260909,-3.1582336,5.260909,3.1582336,False,True,False,True,False,False,test,ok,0.0,0.3,4.337297582626343,2.6217071533203127,10,0.26543185859918594,0.19135887920856476
2021-06-24 12:00:00,2021-07-04 12:00:00,10,31.499999999999993,74.99999999999999,Punjab,7,2021,1.0222147,35.82773,998.90643,3.4084177,0.0,0.0,0.276001,37.646088,998.7033,0.7462137,-1.8183594,0.7462137,1.8183594,False,False,False,False,False,False,test,no_reliable_analogs,,,,,0,,
2021-07-08 12:00:00,2021-07-18 12:00:00,10,32.999999999999986,78.0,Jammu and Kashmir,7,2021,1.4602507,11.479309,1009.1041,1.3315345,0.0,0.0,0.17483932,14.781555,1004.399,1.2854114,-3.302246,1.2854114,3.302246,False,True,False,True,False,False,test,ok,0.0,0.1,0.965856422483921,1.746282958984375,10,0.3636869817972183,0.3160500228404999
2021-07-18 00:00:00,2021-07-28 00:00:00,10,22.5,73.5,Gujarat,7,2021,4.068027,25.313568,1000.07654,5.0063186,0.0,0.0,13.860922,26.345947,1000.7928,-9.792894,-1.0323792,9.792894,1.0323792,False,False,True,False,False,False,test,ok,0.1,0.0,8.33305537700653,1.185748291015625,10,0.29030316323041916,0.18582025170326233
2021-07-28 00:00:00,2021-08-07 00:00:00,10,11.999999999999991,78.0,Tamil Nadu,8,2021,0.19722691,22.69635,1010.4868,2.734391,0.0,0.0,1.3994138,24.39038,1007.85986,-1.202187,-1.6940308,1.202187,1.6940308,False,False,False,False,False,False,test,ok,0.0,0.0,0.7113385006785393,2.0133514404296875,10,0.1352623976767063,0.07651107758283615
2021-09-02 12:00:00,2021-09-12 12:00:00,10,22.5,81.0,Madhya Pradesh,9,2021,8.513414,25.4263,1003.23047,0.8358243,0.0,0.0,16.91989,27.052094,999.75604,-8.406475,-1.6257935,8.406475,1.6257935,False,False,False,False,False,False,test,ok,0.0,0.2,6.045477724075317,1.8188934326171875,10,0.27563469409942626,0.1910347044467926
2021-08-07 00:00:00,2021-08-17 00:00:00,10,20.999999999999993,81.0,Chhattisgarh,8,2021,0.50037307,25.212616,1005.13196,1.8427355,0.0,0.0,11.561726,26.143066,1004.5522,-11.061353,-0.93045044,11.061353,0.93045044,False,False,False,False,False,False,test,ok,0.0,0.1,2.6143370389938356,2.06021728515625,10,0.2325102500617504,0.086972177028656
2021-06-26 12:00:00,2021-07-06 12:00:00,10,22.5,76.5,Madhya Pradesh,7,2021,0.0794298,34.264923,1001.2788,3.411554,0.0,0.0,0.17858094,34.57608,1001.4994,-0.09915114,-0.31115723,0.09915114,0.31115723,False,False,False,False,False,False,test,ok,0.0,0.0,0.5334380157291889,0.94449462890625,10,0.3824421137571335,0.34202149510383606
2021-09-04 12:00:00,2021-09-14 12:00:00,10,10.499999999999996,72.0,Lakshadweep,9,2021,1.9003243,27.213104,1008.0991,6.55905,0.0,0.0,3.5328357,27.289886,1006.90704,-1.6325114,-0.07678223,1.6325114,0.07678223,False,False,False,False,False,False,test,ok,0.0,0.0,1.770818030834198,0.3721954345703125,10,0.14622561261057854,0.07355789095163345
2021-07-20 00:00:00,2021-07-30 00:00:00,10,22.5,78.0,Madhya Pradesh,7,2021,6.7068596,23.08722,1002.1613,5.5259767,0.0,0.0,8.822277,23.404816,1002.60077,-2.1154175,-0.31759644,2.1154175,0.31759644,False,False,False,False,False,False,test,ok,0.0,0.0,7.506825971603393,0.92186279296875,10,0.48558915555477145,0.3683760464191437
2021-09-27 00:00:00,2021-10-07 00:00:00,10,11.999999999999991,73.5,Lakshadweep,10,2021,7.4439974,26.502045,1007.2271,5.1892304,0.0,0.0,8.203511,26.896088,1005.93225,-0.75951385,-0.39404297,0.75951385,0.39404297,False,False,False,False,False,False,test,ok,0.0,0.0,12.220505380630494,0.5024871826171875,10,0.32528874427080157,0.23299701511859894
2021-07-08 00:00:00,2021-07-18 00:00:00,10,16.499999999999993,74.99999999999999,Karnataka,7,2021,9.205245,22.227844,1005.94604,4.6925697,0.0,0.0,19.8839,23.474792,1006.4793,-10.678655,-1.2469482,10.678655,1.2469482,False,False,False,False,False,False,test,ok,0.0,0.0,4.3915410995483395,1.7694549560546875,10,0.24205244183540345,0.1332354098558426
2021-06-22 12:00:00,2021-07-02 12:00:00,10,25.49999999999999,78.0,Madhya Pradesh,7,2021,0.004243892,37.95395,996.418,4.000588,0.0,0.0,0.4343819,35.27484,997.28265,-0.43013802,2.6791077,0.43013802,2.6791077,False,False,False,False,False,False,test,ok,0.2,0.6,6.140155106782913,2.915167236328125,10,0.4273815482854843,0.2799466848373413
2021-06-18 00:00:00,2021-06-28 00:00:00,10,29.999999999999993,73.5,Rajasthan,6,2021,0.0018940722,31.945923,999.7608,3.8114939,0.0,0.0,0.09531568,29.832214,1003.5252,-0.09342161,2.1137085,0.09342161,2.1137085,False,False,False,False,False,False,test,ok,0.0,0.2,0.07620307181532553,1.5070404052734374,10,0.38675411492586137,0.2049047201871872
2021-07-20 00:00:00,2021-07-30 00:00:00,10,28.499999999999982,91.5,Arunachal Pradesh,7,2021,6.0505285,4.6370544,1014.5582,0.7149848,0.0,0.0,9.24703,5.304657,1015.68225,-3.1965017,-0.66760254,3.1965017,0.66760254,False,False,False,False,False,False,test,ok,0.0,0.0,3.9706269979476927,1.44691162109375,10,0.17938916236162186,0.10289384424686432
2021-06-29 12:00:00,2021-07-09 12:00:00,10,11.999999999999991,92.99999999999999,Andaman and Nicobar,7,2021,31.135542,26.485168,1005.59357,6.543247,0.0,0.0,29.509377,26.565186,1004.9506,1.6261654,-0.08001709,1.6261654,0.08001709,False,False,False,False,False,False,test,no_reliable_analogs,,,,,0,,
2021-09-16 00:00:00,2021-09-26 00:00:00,10,24.0,82.5,Madhya Pradesh,9,2021,1.6411984,23.404327,1005.3226,1.1665281,0.0,0.0,4.529062,25.317413,1005.3864,-2.8878634,-1.9130859,2.8878634,1.9130859,False,False,False,False,False,False,test,ok,0.0,0.4,3.9285295784473417,2.6683990478515627,10,0.21004058793187141,0.10961619764566422
2021-06-08 00:00:00,2021-06-18 00:00:00,10,25.49999999999999,87.0,Bihar,6,2021,12.95706,26.143982,997.52893,1.3089339,0.0,0.0,6.9919853,26.631378,999.7848,5.9650745,-0.48739624,5.9650745,0.48739624,False,False,False,False,False,False,test,ok,0.0,0.0,4.768926763534546,1.061578369140625,10,0.444034668803215,0.4132997989654541
2021-06-24 00:00:00,2021-07-04 00:00:00,10,11.999999999999991,79.49999999999999,Tamil Nadu,7,2021,9.437121,25.63501,1005.75494,2.295533,0.0,0.0,9.476707,27.23941,1007.2313,-0.039586067,-1.6044006,0.039586067,1.6044006,False,False,False,False,False,False,test,ok,0.0,0.1,4.290557050704956,1.6962005615234375,10,0.2554585412144661,0.13384129106998444
2021-07-14 12:00:00,2021-07-24 12:00:00,10,19.499999999999996,76.5,Maharashtra,7,2021,15.60011,24.83017,1000.33655,5.457412,0.0,0.0,11.429717,28.691193,1000.4218,4.170393,-3.861023,4.170393,3.861023,False,True,False,True,False,False,test,ok,0.1,0.2,12.542767333984376,1.9528472900390625,10,0.32737867087125777,0.23548685014247894
2021-06-15 00:00:00,2021-06-25 00:00:00,10,13.5,79.49999999999999,Andhra Pradesh,6,2021,0.05598067,27.602295,1005.03876,3.5006537,0.0,0.0,0.5973593,27.953247,1006.57135,-0.5413786,-0.35095215,0.5413786,0.35095215,False,False,False,False,False,False,test,ok,0.0,0.1,1.0170553490519523,1.6040191650390625,10,0.1494734540581703,0.1050834208726883
2021-07-13 00:00:00,2021-07-23 00:00:00,10,20.999999999999993,73.5,Gujarat,7,2021,5.85186,25.589905,1002.52563,5.245592,0.0,0.0,7.275963,26.438599,999.8989,-1.4241028,-0.84869385,1.4241028,0.84869385,False,False,False,False,False,False,test,ok,0.0,0.0,6.431852078437805,1.2720733642578126,10,0.2342073768377304,0.17748266458511353
2021-06-07 00:00:00,2021-06-17 00:00:00,10,25.49999999999999,83.99999999999999,Bihar,6,2021,13.700101,26.972534,996.1624,1.6719152,0.0,0.0,37.550537,26.499023,996.6696,-23.850437,0.47351074,23.850437,0.47351074,False,False,True,False,False,False,test,ok,0.0,0.1,7.779178810119629,1.5601470947265625,10,0.4654100060462952,0.3997717499732971
2021-06-01 12:00:00,2021-06-11 12:00:00,10,25.49999999999999,81.0,Uttar Pradesh,6,2021,0.80395967,34.461365,995.9236,2.8737545,0.0,0.0,20.150444,33.488922,995.13,-19.346485,0.9724426,19.346485,0.9724426,True,False,True,False,False,False,test,ok,0.1,0.4,5.943690017238259,2.51649169921875,10,0.2600515097379684,0.1551053673028946
2021-09-21 12:00:00,2021-10-01 12:00:00,10,19.499999999999996,79.49999999999999,Andhra Pradesh,10,2021,8.244177,26.365479,1006.4599,1.6335669,0.0,0.0,3.543386,30.177185,1006.2128,4.700791,-3.8117065,4.700791,3.8117065,False,True,False,True,False,False,test,ok,0.0,0.6666666666666666,3.2749552726745605,3.062983194986979,6,0.38353046029806137,0.1396205574274063
2021-06-27 00:00:00,2021-07-07 00:00:00,10,29.999999999999993,74.99999999999999,Punjab,7,2021,0.0,33.95352,995.31305,4.9019003,0.0,0.0,0.10722299,32.019012,999.1066,-0.10722299,1.9345093,0.10722299,1.9345093,False,False,False,False,False,False,test,ok,0.0,0.1,0.5598648913903161,1.28365478515625,10,0.31075599044561386,0.13126273453235626
2021-06-21 00:00:00,2021-07-01 00:00:00,10,24.0,88.49999999999999,West Bengal,7,2021,18.728539,28.700348,999.81323,4.1101503,0.0,0.0,18.779636,26.407257,999.38403,-0.05109787,2.2930908,0.05109787,2.2930908,False,False,False,False,False,False,test,ok,0.1,0.1,7.925888919830323,1.5408203125,10,0.39960636496543883,0.2681316137313843
2021-08-25 12:00:00,2021-09-04 12:00:00,10,11.999999999999991,73.5,Lakshadweep,9,2021,10.663567,26.95285,1008.40796,4.881123,0.0,0.0,10.8429,26.064056,1007.3016,-0.17933369,0.88879395,0.17933369,0.88879395,False,False,False,False,False,False,test,ok,0.0,0.0,6.625255012512207,0.2842132568359375,10,0.26479927003383635,0.14638546109199524
2021-09-08 00:00:00,2021-09-18 00:00:00,10,28.499999999999982,79.49999999999999,Uttar Pradesh,9,2021,33.106136,24.505035,1004.0161,2.3467984,0.0,0.0,17.448689,26.035522,1004.3921,15.657448,-1.5304871,15.657448,1.5304871,False,False,True,False,False,False,test,no_reliable_analogs,,,,,0,,
2021-06-17 00:00:00,2021-06-27 00:00:00,10,18.0,73.5,Maharashtra,6,2021,5.390697,23.848267,1007.8229,3.2650702,0.0,0.0,3.8093667,25.09793,1008.21674,1.5813303,-1.2496643,1.5813303,1.2496643,False,False,False,False,False,False,test,ok,0.0,0.0,2.71343731880188,1.3816802978515625,10,0.2634931683540344,0.18107475340366364
2021-06-19 12:00:00,2021-06-29 12:00:00,10,19.499999999999996,74.99999999999999,Maharashtra,6,2021,0.34780285,31.201263,1004.2139,5.238841,0.0,0.0,5.165346,31.790161,1004.88446,-4.8175435,-0.5888977,4.8175435,0.5888977,False,False,False,False,False,False,test,ok,0.1,0.2,5.926062461733818,1.8424224853515625,10,0.2807198494672775,0.20932671427726746
2021-08-23 12:00:00,2021-09-02 12:00:00,10,22.5,73.5,Gujarat,9,2021,12.908572,29.323578,1002.465,1.875717,0.0,0.0,7.09778,29.462769,1002.5028,5.810792,-0.13919067,5.810792,0.13919067,False,False,False,False,False,False,test,ok,0.0,0.1,9.314677667617797,1.535040283203125,10,0.43169809877872467,0.34066155552864075
2021-07-16 00:00:00,2021-07-26 00:00:00,10,19.499999999999996,81.0,Chhattisgarh,7,2021,6.909883,23.364075,1003.1822,3.2699318,0.0,0.0,1.7686611,25.088776,1003.3018,5.141222,-1.7247009,5.141222,1.7247009,False,False,False,False,False,False,test,ok,0.0,0.1,6.572778677940368,1.8116302490234375,10,0.289932569861412,0.1627044677734375
2021-06-21 12:00:00,2021-07-01 12:00:00,10,29.999999999999993,94.5,Arunachal Pradesh,7,2021,14.933276,9.289337,1005.82495,1.4024085,0.0,0.0,14.570602,8.611023,1007.2176,0.36267376,0.6783142,0.36267376,0.6783142,False,False,False,False,False,False,test,ok,0.0,0.0,4.109397888183594,0.8063751220703125,10,0.3429590448737144,0.1997918337583542
2021-08-23 00:00:00,2021-09-02 00:00:00,10,19.499999999999996,85.5,Odisha,9,2021,5.0821857,27.588257,1006.2864,4.708532,0.0,0.0,2.6951418,27.891266,1006.5973,2.387044,-0.30300903,2.387044,0.30300903,False,False,False,False,False,False,test,ok,0.0,0.0,2.4405067443847654,0.9767578125,10,0.2812544673681259,0.1762447953224182
2021-08-28 00:00:00,2021-09-07 00:00:00,10,16.499999999999993,78.0,Andhra Pradesh,9,2021,8.375708,22.822876,1005.23755,3.9791005,0.0,0.0,29.433596,23.439423,1003.7274,-21.057888,-0.61654663,21.057888,0.61654663,False,False,True,False,False,False,test,ok,0.0,0.0,9.881191945075988,1.6285919189453124,10,0.3222385883331299,0.2841188907623291
2021-09-25 00:00:00,2021-10-05 00:00:00,10,34.49999999999999,76.5,Jammu and Kashmir,10,2021,0.9178536,-4.3724976,1018.5896,1.0608954,0.0,0.0,2.3277612,-3.8981934,1023.1757,-1.4099076,-0.4743042,1.4099076,0.4743042,False,False,False,False,False,False,test,ok,0.0,0.4,1.05066786557436,2.403509521484375,10,0.3143805801868439,0.16130472719669342
2021-08-12 12:00:00,2021-08-22 12:00:00,10,26.999999999999996,76.5,Rajasthan,8,2021,4.6304765,29.135864,1004.09656,2.0299118,0.0,0.0,4.196097,30.760925,1002.1605,0.43437958,-1.625061,0.43437958,1.625061,False,False,False,False,False,False,test,ok,0.0,0.1,2.86001286432147,1.527972412109375,10,0.3886691629886627,0.3142024874687195
2021-07-12 00:00:00,2021-07-22 00:00:00,10,26.999999999999996,90.0,Assam,7,2021,10.970225,18.441101,1005.90546,0.82511395,0.0,0.0,12.386364,20.40384,1003.96594,-1.4161386,-1.962738,1.4161386,1.962738,False,False,False,False,False,False,test,ok,0.0,0.1,5.310638427734375,2.11614990234375,10,0.16214004680514335,0.08023624122142792
2021-08-03 12:00:00,2021-08-13 12:00:00,10,19.499999999999996,78.0,Maharashtra,8,2021,0.9776918,30.504333,1004.4724,2.817793,0.0,0.0,0.43496865,31.135284,1004.1277,0.5427232,-0.6309509,0.5427232,0.6309509,False,False,False,False,False,False,test,ok,0.0,0.0,1.1902043860405684,1.062872314453125,10,0.21439273804426193,0.09419011324644089
2021-08-21 12:00:00,2021-08-31 12:00:00,10,13.5,78.0,Karnataka,8,2021,3.1182995,25.22226,1005.2512,3.207213,0.0,0.0,0.22836272,28.641998,1006.0222,2.8899367,-3.4197388,2.8899367,3.4197388,False,True,False,True,False,False,test,ok,0.0,0.1,2.455823875963688,1.561102294921875,10,0.3702456682920456,0.24664217233657837
2021-09-04 00:00:00,2021-09-14 00:00:00,10,25.49999999999999,87.0,Bihar,9,2021,13.259943,26.19104,1000.3055,5.384357,0.0,0.0,2.9195552,28.196167,1003.3068,10.340387,-2.005127,10.340387,2.005127,False,False,False,False,False,False,test,no_reliable_analogs,,,,,0,,
2021-07-31 00:00:00,2021-08-10 00:00:00,10,11.999999999999991,74.99999999999999,Kerala,8,2021,20.499117,24.642914,1009.1146,4.1998405,0.0,0.0,20.570082,24.93039,1011.12006,-0.07096481,-0.2874756,0.07096481,0.2874756,False,False,False,False,False,False,test,ok,0.0,0.1,8.005489730834961,0.6996185302734375,10,0.3012894541025162,0.1892443597316742
2021-07-05 12:00:00,2021-07-15 12:00:00,10,22.5,73.5,Gujarat,7,2021,5.1897717,31.01883,997.64667,1.5199933,0.0,0.0,1.583336,32.447876,998.0263,3.6064358,-1.4290466,3.6064358,1.4290466,False,False,False,False,False,False,test,no_reliable_analogs,,,,,0,,
2021-09-02 00:00:00,2021-09-12 00:00:00,10,11.999999999999991,73.5,Lakshadweep,9,2021,1.259282,27.087189,1007.7791,6.326155,0.0,0.0,6.3552966,26.107727,1007.39307,-5.0960145,0.97946167,5.0960145,0.97946167,False,False,False,False,False,False,test,ok,0.1,0.0,3.1488736271858215,0.331549072265625,10,0.1422506481409073,0.07078806310892105
