tree
version=v4
num_class=1
num_tree_per_iteration=1
label_index=0
max_feature_idx=15
objective=binary sigmoid:1
feature_names=fcst_precip_mm fcst_temp_c fcst_mslp_hpa latitude longitude fcst_precip_anomaly_vs_domain_mean fcst_temp_anomaly_vs_domain_mean lead_day month precip_forecast_jump temp_forecast_jump hist_bust_precip_categorical_rate hist_bust_temp_hard_rate hist_mean_abs_error_precip_mm hist_mean_abs_error_temp_c region_v2
feature_infos=[0:275.85873413085938] [-19.965530395507812:48.843505859375] [983.939697265625:1037.7276611328125] [7.4999999999999911:36] [67.5:97.499999999999986] [-10.419147491455078:269.5863037109375] [-36.027320861816406:23.431816101074219] [1:10] [6:10] [-218.74481201171875:191.34904479980469] [-9.606048583984375:10.6572265625] [0:0.14999999999999999] [0:0.48194444444444445] [0.12562699615955353:22.204961776733398] [0.253885418176651:2.9356710910797119] -1:22:16:1:15:26:7:10:2:0:24:12:20:28:4:5:11:27:14:3:13:9:25:19:17:8:21:18:23
tree_sizes=3425 3499 3506 3496 3519 3498 3480 3493 3533 3478 3519 3504 3534 3517 3537 3543 3532 3537 3544 3542 3555 3587 3539 3553 3538 3516 3516 3516 3515 3551 3565 3560 3545 3558 3545 3513 3536 3531 3548 3546 3529 3563 3525 3527 3529 3498 3564 3547 3555 3522 3546 3543 3504 3536 3521 3552 3552 3554 3548 3517 3520 3546 3560 3538 3530 3517 3543 3568 3523 3543 3509 3517 3544 3514 3561 3518 3554 3561 3545 3546 3490 3529 3539 3533 3531 3537

Tree=0
num_leaves=31
num_cat=2
split_feature=0 11 0 0 0 0 12 4 4 13 15 12 4 2 5 15 11 0 11 9 13 0 12 0 3 9 9 0 9 1
split_gain=276789 8368.81 3894.67 7820.36 3251.03 2418.44 2367.02 2162.34 1756.18 1695.06 1381.31 1317.32 1119.84 1070.82 1033.16 984.981 707.751 643.856 932.558 958.839 609.225 556.785 540.311 568.865 582.915 528.436 464.067 386.403 376.787 365.249
threshold=64.389019012451186 0.04053166069295102 2.5052192211151127 15.533378601074221 15.533378601074221 0.30071853101253515 0.031586021505376351 71.250000000000014 77.250000000000014 6.3314363956451425 0 0.1506656426011265 96.750000000000014 1003.393768310547 85.954242706298842 1 0.06110296513522321 2.5052192211151127 0.016335814722911502 -2.4506504535675044 7.7778203487396249 43.966190338134773 0.10837813620071686 93.227191925048842 24.749999999999996 -4.221695899963378 12.182744503021242 0.57313823699951183 -7.6540274620056143 21.006912231445316
decision_type=2 2 2 2 2 2 2 2 2 2 9 2 2 2 2 9 2 2 2 8 2 2 2 2 2 8 8 2 8 2
left_child=1 4 5 -4 17 -3 14 -5 25 -9 11 -6 22 16 -2 -11 -10 18 -1 -20 -16 -12 23 -8 -25 -7 -17 -21 -18 -22
right_child=6 2 3 7 10 8 12 9 13 15 21 -13 -14 -15 20 26 28 -19 19 27 29 -23 -24 24 -26 -27 -28 -29 -30 -31
leaf_value=-3.5769102886664292 -2.2196189153054346 -3.531663327464456 -3.5735930842239951 -2.9761258462617772 -3.4749545956415626 -3.3194690610856821 -1.9937056526084707 -3.2292707785332215 -3.402965746988071 -3.5129744118696475 -3.5404605955646504 -3.2494355827998938 -2.6094236586581241 -3.4474145034665242 -2.9163969642829684 -3.4570508317535382 -3.099229079371236 -3.5836748091239468 -3.4469137068522859 -3.5665182958320396 -2.6695536995759142 -3.4493323622752592 -1.9117875428460047 -2.0157767166038405 -2.3326901703139198 -3.4886807266126261 -3.3850077779514449 -3.5315260097739856 -3.3091484054764528 -2.1014868965966764
leaf_weight=6073.2238645032048 41.424807786941528 758.01338770240545 3467.7026098296046 24.761238165199757 435.15328339487314 48.971614524722099 106.23369922488928 84.529744081199169 268.87564735114574 565.73507443070412 2135.66367752105 76.074015364050865 7.9874961823225012 382.57352404296398 10.60408975929022 530.25957414507866 22.805678755044937 9164.1920854300261 235.19044793397188 1837.2067512050271 5.7289627790451032 181.89456823468208 92.792671166360378 26.716797575354576 31.757183097302914 797.78561007231474 386.42955668270588 1382.663132250309 341.03854389488697 5.5912473276257515
leaf_count=220499 1504 27521 125901 899 15799 1778 3857 3069 9762 20540 77539 2762 290 13890 385 19252 828 332722 8539 66703 208 6604 3369 970 1153 28965 14030 50200 12382 203
internal_value=-3.53442 -3.55066 -3.50585 -3.53148 -3.56665 -3.45637 -2.0919 -3.43972 -3.42572 -3.44705 -3.5167 -3.44318 -2.02637 -3.38138 -2.36652 -3.45947 -3.34145 -3.57421 -3.56511 -3.54437 -2.64407 -3.53331 -2.00828 -2.06265 -2.18789 -3.47889 -3.42784 -3.55149 -3.29599 -2.38898
internal_weight=29529.6 29200.7 7679.48 5059.42 21521.3 2620.06 328.837 1591.72 1862.05 1566.95 2828.79 511.227 265.488 1015.29 63.3491 1482.42 632.72 18692.5 9528.28 3455.06 21.9243 2317.56 257.5 164.708 58.474 846.757 916.689 3219.87 363.844 11.3202
internal_count=1072123 1060184 278817 183691 781367 95126 11939 57790 67605 56891 102704 18561 9639 36862 2300 53822 22972 678663 345941 125442 796 84143 9349 5980 2123 30743 33282 116903 13210 411
cat_boundaries=0 1 2
cat_threshold=90179458 302276876
is_linear=0
shrinkage=1


Tree=1
num_leaves=31
num_cat=0
split_feature=0 11 0 0 0 0 13 11 4 14 9 9 13 11 11 0 2 0 9 2 4 6 11 2 9 0 11 13 0 0
split_gain=63662.6 7713.07 3642.08 7241.15 2519.07 2206.02 1537.29 1087.98 933.277 798.34 714.731 680.148 616.151 682.931 551.522 518.338 470.309 366.077 552.793 361.909 419.276 352.668 335.325 327.908 270.852 259.027 231.592 278.59 225.975 224.971
threshold=64.389019012451186 0.030414030414030419 15.533378601074221 2.5052192211151127 15.533378601074221 0.52637478709220897 5.9695129394531259 0.084074303832368372 72.750000000000014 1.7328698039054873 12.182744503021242 -1.1909238696098325 2.9807792901992802 0.0072472330536846674 0.062813620071684603 43.966190338134773 1004.4932556152345 2.5052192211151127 -3.1460942029952998 1003.5690307617189 78.750000000000014 4.4785327911376962 0.014614898989898992 1005.2293701171876 -3.3839519023895259 0.37582892179489141 0.0056267806267806279 3.0119317770004277 43.966190338134773 24.141930580139164
decision_type=2 2 2 2 2 2 2 2 2 2 8 10 2 2 2 2 2 2 8 2 2 2 2 2 8 2 2 2 2 2
left_child=1 4 3 5 17 14 21 11 -8 16 15 23 13 -12 -3 26 28 18 -1 20 -13 -4 -20 -7 -9 -24 -6 -28 -10 -15
right_child=-2 2 6 -5 10 7 8 24 9 -11 12 19 -14 29 -16 -17 -18 -19 22 -21 -22 -23 25 -25 -26 -27 27 -29 -30 -31
leaf_value=0.029565452663430265 0.35912043789575487 -0.0096824296215928113 0.17317076940382237 -0.039963456302031873 -0.038557872733409007 0.12982119633606304 0.24253785428058078 0.3012255352406048 0.048232574994045804 0.1148444791835892 0.024979793044394676 0.040478786690219468 0.042800340134010302 0.49329711394849723 0.06090005322845924 0.10995848631917678 -0.0063722221219613562 -0.049561698700365225 -0.044686152535765217 0.01455007515207209 0.1186453354244601 0.32921042010634327 -0.03870558221795687 0.052900975002048448 0.16067905667894036 -0.0088740874410566349 0.1140182885010332 -0.0023907661929964317 0.11468472831205681 0.24157196545495069
leaf_weight=323.26370707713068 1179.1668506637216 1079.3969624508172 102.42226044274867 4254.0114799588919 468.50293365120888 576.64674851112068 72.305888559669256 40.211070926859975 829.6731705609709 481.22525507025421 28.739268848672509 420.55062261410058 492.00901983119547 15.778963381424544 372.19670631177723 97.804939296096563 391.00069061480463 7827.1495095267892 5222.0334555115551 437.35015729628503 289.74857256561518 56.014005919918418 1428.5095580872148 182.36982008256018 232.37685400247574 1483.2042862549424 53.425824975594878 1352.960119612515 151.2563941590488 20.288638092577457
leaf_count=11601 11928 39097 2975 160589 16896 18709 2016 1152 28272 16022 979 14510 17391 494 12921 3281 13740 297693 197345 15200 9297 1588 53517 6240 7384 54153 1762 48880 5082 647
internal_value=-0.000965174 -0.0157173 0.0198406 0.00430369 -0.0345582 0.0561684 0.0786279 0.0879766 0.066309 0.059433 0.0118631 0.0746186 0.0618893 0.206811 0.00841531 -0.00225736 0.0399966 -0.0417691 -0.034557 0.0503326 0.0723649 0.228337 -0.0371054 0.111339 0.181412 -0.0235097 -0.00811118 0.00203138 0.0584793 0.351697
internal_weight=29961.6 28782.4 9968.76 7884.86 18813.7 3630.85 2083.9 2179.25 1925.46 1853.16 2529.51 1906.67 556.816 64.8069 1451.59 1972.69 1371.93 16284.2 8457.01 1147.65 710.299 158.436 8133.75 759.017 272.588 2911.71 1874.89 1406.39 980.93 36.0676
internal_count=1071361 1059433 354794 285099 704639 124510 69695 72492 65132 63116 90330 63956 19511 2120 52018 70819 47094 614309 316616 39007 23807 4563 305015 24949 8536 107670 67538 50642 33354 1141
is_linear=0
shrinkage=0.05


Tree=2
num_leaves=31
num_cat=4
split_feature=0 11 0 0 0 0 15 15 0 7 15 0 11 9 9 0 2 9 4 0 11 11 2 11 15 7 14 2 9 7
split_gain=44244 6929.93 2891.17 5149.33 2664.03 1417.21 1022.55 1021.65 923.389 824.968 659.344 647.605 851.05 691.921 476.662 454.403 555.833 450.706 353.473 342.745 340.386 272.928 240.432 236.61 217.114 206.641 196.458 183.954 179.941 177.914
threshold=57.062005996704109 0.041234856225368564 2.5052192211151127 15.533378601074221 15.533378601074221 1.0040581822395327 0 1 64.389019012451186 5.5000000000000009 2 2.5052192211151127 0.016335814722911502 -1.9612814188003538 14.427822113037111 0.11034420877695085 1002.4514770507814 -1.8914017677307127 72.750000000000014 0.45970863103866583 0.012361111111111113 0.072972670250896071 1005.5722961425782 0.073863636363636381 3 2.5000000000000004 2.280246496200562 1001.0069580078126 -19.724313735961911 2.5000000000000004
decision_type=2 2 2 2 2 2 9 9 2 2 9 2 2 8 8 2 2 10 2 2 2 2 2 2 9 2 2 2 10 2
left_child=1 4 5 -4 11 10 9 -5 -2 29 15 12 -1 28 -9 -3 23 22 -11 -15 -8 -19 -7 -17 -22 -10 -16 -21 -14 -6
right_child=8 2 3 7 6 17 20 14 25 18 -12 -13 13 19 26 16 -18 21 -20 27 24 -23 -24 -25 -26 -27 -28 -29 -30 -31
leaf_value=-0.041606442157453155 0.12387772157357756 0.0013224066592408953 -0.037827809830255438 0.012741826967413571 -0.0032388255759316304 0.15171792230288494 -0.0259913345383825 0.069315656703795012 0.21756280705061465 0.42302543322596575 -0.0018229948957403479 -0.048901295456939178 0.25915928462072757 -0.033185592190068967 0.12915452446371278 0.10603563734065123 0.040788340309040196 0.060647005557231959 0.14031934922649578 0.030158908636121331 -0.0081520654576579792 0.12818791608485114 0.058552924722869965 0.20542584020784949 0.031362714198374879 0.26836070509236193 0.36516045009824033 -0.010170697301335761 0.052817519805240312 0.0634828524665845
leaf_weight=5623.4064479041845 134.62035226635635 224.36925613693893 3184.1767351701856 582.76877673156559 192.35971240885556 442.99772322177887 913.31517522782087 720.73369820043445 236.97304880619049 11.785363297909496 785.05799342319369 8382.6437127143145 10.938183940947054 1619.3686326220632 472.7934386394918 204.34522702358663 339.03617058508098 599.02423132397234 178.83597487211227 377.82964283786714 639.74542926624417 199.34995911456645 82.082398917526007 84.700871778652072 748.02621653117239 1290.1545705422759 8.9854353293776494 1123.5823708008975 310.20280218869448 207.88923695683479
leaf_count=220876 4076 7982 124580 19913 6487 12135 33468 21851 2029 305 26602 333803 349 62325 13080 6234 10889 18971 4972 13469 22709 5726 2590 2391 26491 9847 230 40620 10189 6602
internal_value=-0.00132113 -0.0160594 0.0235863 0.000282766 -0.031517 0.0626971 0.0129299 0.0682557 0.249412 0.0709871 0.031599 -0.0388839 -0.0296209 -0.010039 0.0942693 0.0616766 0.0842188 0.101175 0.157798 -0.0172304 -0.00227654 0.0775116 0.137154 0.135161 0.0133141 0.260478 0.133556 -2.17705e-05 0.0598456 0.0314164
internal_weight=29932.1 28270.4 7930.42 4969.46 20339.9 2960.96 2891.96 1785.28 1661.75 590.87 1637.51 17448 9065.33 3441.92 1202.51 852.452 628.082 1323.45 190.621 3120.78 2301.09 798.374 525.08 289.046 1387.77 1527.13 481.779 1501.41 321.141 400.249
internal_count=1071791 1055839 273174 179654 782665 93520 101034 55074 15952 18366 54098 681631 347828 126952 35161 27496 19514 39422 5277 116414 82668 24697 14725 8625 49200 11876 13310 54089 10538 13089
cat_boundaries=0 1 2 3 4
cat_threshold=90179458 302407692 336660530 302950404
is_linear=0
shrinkage=0.05


Tree=3
num_leaves=31
num_cat=4
split_feature=5 11 5 5 5 11 15 5 15 15 3 9 15 11 13 11 5 7 5 9 4 9 8 5 9 4 3 7 9 7
split_gain=33588.5 6606.86 2063.82 3390.2 1764.47 1231.43 984.453 623.03 576.203 530.364 481.655 447.645 417.484 339.071 472.913 291.473 284.677 288.124 280.761 287.212 262.875 219.935 210.155 196.894 180.939 168.5 164.674 163.414 158.404 146.547
threshold=49.967004776000984 0.030414030414030419 10.490725040435793 -2.783578515052795 9.3773798942565936 0.06110296513522321 0 57.328527450561531 1 2 15.749999999999996 -0.42593789100646967 3 0.011404965211891211 4.1431493759155282 0.013454436841533617 31.715740203857425 6.5000000000000009 -2.4703916311264034 -2.2772216796874996 78.750000000000014 0.23386505246162417 7.5000000000000009 8.3733782768249529 -4.7419228553771964 77.250000000000014 21.75 6.5000000000000009 -7.6540274620056143 3.5000000000000004
decision_type=2 2 2 2 2 2 9 2 9 9 2 8 9 2 2 2 2 2 2 8 2 8 2 2 8 2 2 2 10 2
left_child=1 4 3 5 15 11 20 -2 13 10 -7 28 -8 -6 -15 -1 17 -10 19 -17 26 -13 -12 -5 -11 -24 -4 -14 -3 -9
right_child=7 2 6 23 8 9 12 29 16 24 22 21 27 14 -16 18 -18 -19 -20 -21 -22 -23 25 -25 -26 -27 -28 -29 -30 -31
leaf_value=-0.046417575282709483 0.10449675815825701 0.11040282631202746 0.0794008616423936 -0.031645824285199603 0.010213149541108205 0.00011383362624018687 0.0019899475053359555 0.18114719929378786 -0.02506560700978307 0.11526611706714228 0.082274250993718989 -0.015551211032886023 0.033899780363545275 0.17788293005618416 0.037420141472191935 0.022113725653673713 0.044519485099962487 0.02055794589409049 -0.043941630880682071 -0.027428498557464806 0.093203499667827649 0.020071703627217399 0.026991527849420372 0.007104794529460003 0.030052421843165492 0.14160577587491593 0.18749007199797402 0.074921763256153476 0.038224362185630481 0.21401900196652812
leaf_weight=8636.4128747563809 165.25404630973935 86.571687765419483 44.71117321588099 3576.4609950166196 219.77743115648627 119.32597107999027 501.0654323194176 450.45944772660732 1363.1625729613006 67.996002482250333 418.26917251385748 992.72336283884943 401.43587714061141 102.28110602498055 144.69853631034493 321.74692348390818 239.23963764682412 463.78914004936814 2883.6639481093735 3223.2304192241281 331.75210387073457 768.87027718685567 34.937692353501916 360.88231691345572 742.98858956806362 390.32445738464594 166.29375381954014 614.22628162242472 623.26971331611276 1370.9685345776379
leaf_count=356373 4221 2586 1026 142953 7255 3577 17163 3323 50343 1738 12080 35196 12152 2556 4556 11292 7938 16925 119151 126374 8894 26287 1107 12322 23102 10680 3537 17647 20127 8961
internal_value=-0.00116923 -0.0153432 0.0165846 0.00532447 -0.0339253 0.036319 0.0613229 0.197456 0.00468632 0.0681052 0.0931705 0.0135048 0.0397219 0.0542275 0.0955897 -0.0404172 -0.00673499 -0.0134836 -0.0323562 -0.022932 0.118766 -3.13022e-06 0.107439 -0.0280941 0.036744 0.13219 0.164586 0.0581356 0.0470272 0.205889
internal_weight=29826.8 27840.1 10242.1 8182.62 17598 4245.28 2059.48 1986.68 2532.95 1773.84 962.857 2471.44 1516.73 466.757 246.98 15065.1 2066.19 1826.95 6428.64 3544.98 542.757 1761.59 843.531 3937.34 810.985 425.262 211.005 1015.66 709.841 1821.43
internal_count=1071442 1054937 352174 291755 702763 136480 60419 16505 89573 52284 27444 84196 46962 14367 7112 613190 75206 67268 256817 137666 13457 61483 23867 155275 24840 11787 4563 29799 22713 12284
cat_boundaries=0 1 2 3 4
cat_threshold=71827859 157288322 336660514 134488076
is_linear=0
shrinkage=0.05


Tree=4
num_leaves=31
num_cat=5
split_feature=5 11 5 5 5 5 11 15 15 9 7 3 3 11 5 9 10 15 15 11 11 5 15 13 13 5 2 7 6 7
split_gain=27074.9 5984.52 1514.73 2993.01 1403.25 1341.99 983.644 759.109 548.419 429.687 353.234 312.641 341.514 308.908 266.66 268.704 265.603 234.101 217.111 214.912 196.428 195.914 183.086 182.872 162.068 159.759 153.589 142.442 141.787 138.173
threshold=40.510021209716804 0.030104080507306317 10.490725040435793 -2.8300094604492183 9.6351442337036151 57.328527450561531 0.06110296513522321 0 1 -1.0932811498641966 6.5000000000000009 23.250000000000004 15.749999999999996 0.013454436841533617 -2.5260299444198604 -1.8914017677307127 -1.0456390380859373 2 3 0.084074303832368372 0.0056267806267806279 8.6103105545043963 4 4.8479719161987314 8.1162142753601092 -1.7809163331985471 1000.434783935547 7.5000000000000009 4.6449718475341806 1.5000000000000002
decision_type=2 2 2 2 2 2 2 9 9 8 2 2 2 2 2 8 10 9 9 2 2 2 9 2 2 2 2 2 2 2
left_child=1 4 3 6 13 -2 9 16 10 -3 -6 12 -8 -1 15 -15 24 -11 -9 26 -10 25 -13 -12 -4 -5 -14 -22 -18 -7
right_child=5 2 7 21 8 29 11 18 20 17 23 22 19 14 -16 -17 28 -19 -20 -21 27 -23 -24 -25 -26 -27 -28 -29 -30 -31
leaf_value=-0.046160783533553663 0.080665762336041863 0.053153365438002656 0.16808035239761221 -0.0075369752800515059 0.019735872060044096 0.12545053005925003 -0.0014350827024276771 -0.0075608420302504878 -0.042390492550219976 0.022931512420505062 0.14795027573345426 0.050823720703103176 0.10367607697321297 0.018566873535723196 -0.042811039608005093 -0.026849818228551432 0.057544681793324393 -0.011617984798512749 0.040185373289375798 0.11616139451299784 -0.011789800425130743 0.010188606424026624 -0.0055587791744827492 0.039653597036110821 0.091610381668648405 -0.035255592402276818 0.05422937383652407 0.026837912312651563 0.11261784052107289 0.17658524133690423
leaf_weight=8295.7151288632303 486.7517261300236 524.13127957470715 126.27773168310523 631.26951033808291 418.7182824332267 141.95891850069165 129.96108885668218 388.262182822451 412.87339060939848 811.9117480199784 101.1098352689296 424.29886215180159 224.11120649427176 365.08315371163189 2798.8698638584465 3017.0657150354236 575.09138982929289 1205.7713073156774 608.21270864084363 357.16843078099191 1050.1219802238047 324.91699744574726 219.93364966847003 63.439683713018894 153.52582922764122 2944.6920227594674 524.78791401907802 308.85236548259854 146.67482734285295 1903.8961294107139
leaf_count=357652 12628 15621 2645 24284 13783 989 3912 13420 16150 27474 2187 11447 6263 12757 120312 121521 14904 42619 17683 8679 38483 10890 6941 1957 3672 122645 14733 10858 3301 11243
internal_value=-0.00106883 -0.0156522 0.0143244 0.00493924 -0.0340333 0.155284 0.0331006 0.0534187 0.00175997 0.0128185 0.0433845 0.0605188 0.0752382 -0.0398563 -0.0313948 -0.0219474 0.08393 0.00234074 0.0216915 0.0842472 -0.0121187 -0.0269848 0.032278 0.106198 0.126122 -0.0303624 0.0690265 -0.00301093 0.0687365 0.173037
internal_weight=29685.5 27152.8 10321 8322.95 16831.8 2532.61 4422.08 1998.04 2355.12 2541.81 583.268 1880.26 1236.03 14476.7 6181.02 3382.15 1001.57 2017.68 996.475 1106.07 1771.85 3900.88 644.233 164.55 279.804 3575.96 748.899 1358.97 721.766 2045.86
internal_count=1071653 1046793 351133 295508 695660 24860 137689 55625 83418 85714 17927 51975 33587 612242 254590 134278 24522 70093 31103 29675 65491 157819 18388 4144 6317 146929 20996 49341 18205 12232
cat_boundaries=0 1 2 3 4 5
cat_threshold=72929683 157353858 269551675 8204 335579152
is_linear=0
shrinkage=0.05


Tree=5
num_leaves=31
num_cat=0
split_feature=5 11 5 5 5 11 5 4 9 9 4 11 14 5 9 4 2 13 11 5 9 5 7 9 3 9 8 3 9 2
split_gain=22658.3 5600.9 1479.01 1387.04 2710.56 774.634 721.506 566.728 392.101 329.4 287.228 286.831 281.925 277.133 263.197 232.103 224.822 214.555 302.925 188.281 171.549 170.535 214.793 165.969 164.469 163.757 160.633 219.155 141.89 129.84
threshold=44.600456237792976 0.030414030414030419 9.3773798942565936 10.490725040435793 -2.633226633071899 0.06110296513522321 57.328527450561531 86.250000000000014 11.335347175598146 -0.33486086130142206 71.250000000000014 0.010777578653922742 1.7427115440368655 -2.4703916311264034 -1.8914017677307127 78.750000000000014 1005.288787841797 4.0221016407012948 0.01104575163398693 8.6103105545043963 0.23386505246162417 26.218592643737797 3.5000000000000004 -0.56291380524635304 27.749999999999993 -7.6540274620056143 7.5000000000000009 15.749999999999996 11.335347175598146 1002.1004028320314
decision_type=2 2 2 2 2 2 2 2 8 10 2 2 2 2 8 2 2 2 2 2 10 2 2 8 2 8 2 2 8 2
left_child=1 2 11 4 5 9 -2 10 21 25 -5 -1 -12 14 -13 23 26 18 -10 -6 -11 22 -4 -7 -9 -3 -17 -28 -14 -29
right_child=6 3 8 7 19 15 -8 24 17 20 12 13 28 -15 -16 16 -18 -19 -20 -21 -22 -23 -24 -25 -26 -27 27 29 -30 -31
leaf_value=-0.046851870782338691 0.07406696885721957 0.090060556688072002 -0.033447992223792605 0.17123778650650212 -0.031614803138356011 0.074514930157363879 0.1503720531625887 0.023466149523067761 0.018530439959988872 -0.01721084706332689 0.044249064599646185 0.012715890094011152 0.062114566719909031 -0.043608704602901872 -0.02830359867672665 0.05561461662816413 -0.003238773979755145 0.017817294119723479 0.14721485414142454 0.0082510235328043368 0.020494768480268922 0.030123371514518073 0.0028806025924363061 0.024737493885073777 -0.040376965895101834 0.024860418795446412 0.011602801657772614 0.13883749368727857 0.11312701695731685 0.083026581404502475
leaf_weight=6728.3901435192674 359.6424654237926 105.44504375755787 796.59445782192051 63.064932703971863 3306.0327916871756 212.98430327512324 2235.0848198980093 598.88822432607412 92.408702429383993 942.36069330759346 857.88634750060737 438.13022951409221 248.50325469858944 3168.3548487555236 3639.7754876855761 467.35549805499613 97.446718318387866 441.39864915981889 90.539598168805242 325.31593791209161 443.6879870146513 241.60677625797689 831.66705012694001 783.38335940800607 121.31153116934001 1110.8570698425174 65.349791225045919 202.21991002745926 301.93838106282055 215.01219374872744
leaf_count=303262 8420 2759 30327 815 140577 5535 12219 18666 2902 33999 21894 15573 5973 142427 152499 11701 2759 14733 1830 10793 14850 8182 29901 22737 4290 35201 1920 4369 6257 4885
internal_value=-0.00131769 -0.0149101 -0.0330878 0.0136852 0.00432056 0.0296159 0.139796 0.0490548 0.00237947 0.0115231 0.0668433 -0.039418 0.0621686 -0.0325154 -0.0238965 0.0526538 0.0690882 0.0366874 0.0822153 -0.0280434 -0.0051409 -0.00907592 -0.0148924 0.035378 0.0127123 0.0305128 0.0765076 0.0967415 0.0900969 0.110076
internal_weight=29532.6 26937.9 16468.9 10469 8277.45 4646.1 2594.73 2191.59 2494.22 2602.35 1471.39 13974.7 1408.33 7246.26 4077.91 2043.75 1047.38 624.347 182.948 3631.35 1386.05 1869.87 1628.26 996.368 720.2 1216.3 949.937 482.582 550.442 417.232
internal_count=1072255 1051616 701636 349980 292085 140715 20639 57895 87875 86809 34939 613761 34124 310499 168072 53906 25634 19465 4732 151370 48849 68410 60228 28272 22956 37960 22875 11174 12230 9254
is_linear=0
shrinkage=0.05


Tree=6
num_leaves=31
num_cat=8
split_feature=0 0 0 13 7 15 9 0 9 15 15 15 0 0 7 9 15 12 6 15 7 15 9 3 0 15 8 4 7 3
split_gain=19787.4 3508.03 3404.2 4964.33 1352.8 913.478 910.714 867.665 486.305 394.486 375.238 321.593 301.734 299.243 322.282 260.43 218.325 208.278 197.938 192.457 178.02 176.114 160.89 145.264 125.361 129.702 123.323 139.003 115.096 113.022
threshold=47.537469863891609 15.533378601074221 2.5052192211151127 5.6027047634124765 4.5000000000000009 0 -1.0487240552902219 64.389019012451186 -2.2772216796874996 1 2 3 0.15981255471706393 0.57313823699951183 4.5000000000000009 -7.6540274620056143 4 0.20085784313725494 6.773329734802247 5 4.5000000000000009 6 -8.5348868370056135 15.749999999999996 1.4595040678977969 7 7.5000000000000009 72.750000000000014 2.5000000000000004 26.249999999999996
decision_type=2 2 2 2 2 9 10 2 8 9 9 9 2 2 2 8 9 2 2 9 2 9 10 2 2 9 2 2 2 2
left_child=1 2 3 8 16 11 10 -2 22 12 15 26 -8 -10 -15 -5 28 -13 23 -16 -14 -7 -1 -17 -11 -26 27 -6 -3 -28
right_child=7 4 -4 6 5 21 9 -9 13 24 -12 17 20 14 19 18 -18 -19 -20 -21 -22 -23 -24 -25 25 -27 29 -29 -30 -31
leaf_value=0.0927876465984349 0.064034428108172323 -0.011441963463482663 -0.044797831491364432 0.14285917567487172 0.24722650173949987 -0.0087639264824534019 -0.014273213244310069 0.13456019537364183 -0.041033547755788193 -0.015343400416857295 0.021478152026254464 0.049413100859345645 0.012828653400911987 -0.037192398298939486 0.015648054350411465 -0.0096516974101608557 -0.027808254674070377 0.10784511480480007 0.031562392258240521 -0.021957057317739389 0.057950504323710184 0.027329062015116506 0.0086290019186216777 0.087581467930683429 0.042209620776233095 -0.026124742430958872 0.079252229929696605 0.12035915652722398 0.025754926984207584 0.16382640065777199
leaf_weight=67.058772267773747 532.4284338131547 411.28361536934972 10045.723465336487 149.45066696591675 33.947449143975973 548.07693777047098 241.02261152490973 2410.7396691069007 4261.5694502498955 727.56178258731961 377.48942118324339 1187.2678808365017 288.14555637165904 1323.1979328170419 699.4139400832355 40.202294634655118 935.84560383483768 174.9807977154851 233.01520013250411 644.10237416066229 905.59624185226858 864.81572690792382 370.8531539440155 862.60753582604229 221.22045118361712 93.435564383864403 175.9464377630502 59.314419278874993 420.67517641186714 50.939303241670132
leaf_count=2101 12231 14264 458458 2883 465 19275 8231 12022 189864 24713 11646 29423 9468 59455 27100 1151 35769 3453 6328 28883 24874 28350 13742 20972 6364 3670 2794 1112 12273 794
internal_value=-0.00117319 -0.0148752 -0.0235308 -0.00496273 0.0234833 0.0434129 0.0388474 0.121802 -0.0295837 0.0196329 0.0674707 0.0681628 0.0365015 -0.0328135 -0.0196774 0.0801878 -0.0114118 0.0565039 0.0726476 -0.00242737 0.047059 0.013365 0.0215165 0.0832517 -0.00390202 0.0224293 0.114558 0.166539 0.00727894 0.0982404
internal_weight=29357.9 26414.8 21551.7 11505.9 4863.09 3095.29 4139.75 2943.17 7366.2 2476.98 1662.77 1682.4 1434.76 6928.28 2666.71 1285.28 1767.8 1362.25 1135.83 1343.52 1193.74 1412.89 437.912 902.81 1042.22 314.656 320.148 93.2619 831.959 226.886
internal_count=1072128 1047875 899903 441445 147972 85666 120300 24253 321145 77320 42980 38041 42573 305302 115438 31334 62306 32876 28451 55983 34342 47625 15843 22123 34747 10034 5165 1577 26537 3588
cat_boundaries=0 1 2 3 4 5 6 7 8
cat_threshold=91327922 336660530 336693298 23069056 225544098 343447939 925700 4489344
is_linear=0
shrinkage=0.05


Tree=7
num_leaves=31
num_cat=3
split_feature=0 0 0 15 7 0 7 2 0 15 0 7 2 3 6 2 8 6 1 5 15 9 1 9 2 1 14 8 2 6
split_gain=16742.8 3230.12 3283.85 2761.6 1484.38 1259.87 1175.07 929.42 814.064 802.723 514.925 511.519 384.322 296.632 280.625 449.665 305.036 262.396 220.133 278.085 217.311 195.236 183.952 176.72 176.573 175.163 169.536 160.875 147.436 133.555
threshold=47.537469863891609 15.533378601074221 2.5052192211151127 0 3.5000000000000004 0.30071853101253515 4.5000000000000009 1005.2293701171876 64.389019012451186 1 0.54933226108551036 5.5000000000000009 1003.9144897460939 15.749999999999996 6.1314916610717782 998.44796752929699 7.5000000000000009 3.2080755233764653 27.945724487304691 -3.1705065965652461 2 -15.675789356231688 18.440246582031254 -0.20602834224700925 1002.5714416503907 24.770446777343754 1.502939820289612 9.5000000000000018 1001.1340942382814 4.841271400451661
decision_type=2 2 2 9 2 2 2 2 2 9 2 2 2 2 2 2 2 2 2 2 9 8 2 10 2 2 2 2 2 2
left_child=1 2 3 4 -1 23 20 13 -2 17 -5 -12 -13 -7 15 29 28 -8 19 -18 -3 -9 -11 -6 -20 -21 -16 -19 -17 -15
right_child=8 6 -4 10 5 7 9 21 -10 22 11 12 -14 14 26 16 18 27 24 25 -22 -23 -24 -25 -26 -27 -28 -29 -30 -31
leaf_value=-0.029302582703996508 0.054439487867856177 0.00781086580557385 -0.044542596871048688 -0.040095064869810459 0.016768854730314864 -0.0037526291352805428 0.045839514863381781 0.27930736188984256 0.12070223989180068 -0.030095634868770694 -0.034243555504774717 0.03826710690212097 -0.012329741360303278 0.21769386166518384 0.094474688591555264 0.082016258379096402 0.10524431240867541 0.083089167268713848 0.10019905784275562 0.33172420667237967 -0.027310688206688683 0.0036475669363647111 0.020879183214202929 -0.024938645534160211 0.016476353614936986 0.15865379189597095 0.030579303526649101 0.25423960618228536 0.032758218847348135 0.12502627079388998
leaf_weight=1091.5690565183759 567.59509560838342 820.74417284876108 9617.998192910105 3437.5443763267249 403.26494998298585 127.93656989000738 848.75068359263241 6.4782062601298094 2527.6200851649046 202.87744425050914 1332.0151948686689 625.79467296972871 937.63866228051484 70.007476706057787 135.13560694269836 249.62480280734599 347.98494479618967 750.95771707594395 145.61963744275272 22.247001832351089 936.25210915133357 756.91183520853519 1386.6412833053619 686.06802473776042 110.96597058139741 42.641516949981451 447.93306817114353 13.985805094242094 388.0783614013344 87.452207328751683
leaf_count=46645 12285 25970 458141 156725 13622 4035 19051 149 11941 7118 59453 20055 39020 1429 2965 5756 7609 14574 2773 528 36615 25264 44221 27150 2717 1096 12563 278 10020 1897
internal_value=-0.00138557 -0.0144575 -0.0230031 -0.00491453 0.0223725 0.0364306 0.021844 0.0534541 0.108551 0.0398677 -0.0269676 -0.0114754 0.00792263 0.0701095 0.0747243 0.0864031 0.0767876 0.0645802 0.100361 0.122964 -0.0110154 0.00598684 0.0142832 -0.00949876 0.0639914 0.217991 0.0453881 0.0862184 0.05204 0.166227
internal_weight=29126.3 26031.1 21070.9 11452.9 5119.92 4028.35 4960.21 2939.02 3095.22 3203.21 6332.99 2895.45 1563.43 2175.63 2047.69 1464.62 1307.16 1613.69 669.459 412.873 1757 763.39 1589.52 1089.33 256.586 64.8885 583.069 764.944 637.703 157.46
internal_count=1071665 1047439 899612 441471 166218 119573 147827 78801 24226 85242 275253 118528 59075 53388 49353 33825 30499 33903 14723 9233 62585 25413 51339 40772 5490 1624 15528 14852 15776 3326
cat_boundaries=0 1 2 3
cat_threshold=336955442 90277810 208766370
is_linear=0
shrinkage=0.05


Tree=8
num_leaves=31
num_cat=5
split_feature=5 11 5 5 5 5 15 15 5 3 7 11 13 11 15 5 9 9 9 8 15 4 4 15 6 9 9 9 7 11
split_gain=14579.1 4451.6 1341.77 870.824 1597.09 833.645 496.242 417.197 356.228 341.306 337.493 285.173 281.324 275.254 244.326 235.306 232.444 216.365 211.485 163.333 138.888 138.634 134.404 125.477 125.191 124.158 111.077 108.223 106.652 101.416
threshold=29.629031181335453 0.028919216983733117 57.328527450561531 -3.451713919639587 9.6351442337036151 9.3773798942565936 0 1 -2.0472677946090694 15.749999999999996 5.5000000000000009 0.068393300248138972 4.0221016407012948 0.010777578653922742 2 -2.5811021327972408 -0.2928320169448852 -0.65805545449256886 8.2869253158569354 7.5000000000000009 3 96.750000000000014 80.250000000000014 4 6.6275672912597665 -9.0570745468139631 0.26598283648490911 0.14720195531845096 3.5000000000000004 0.0054659498207885312
decision_type=2 2 2 2 2 2 9 9 2 2 2 2 2 2 9 2 10 8 8 2 9 2 2 9 2 8 10 8 2 2
left_child=1 5 14 6 8 13 9 -6 19 -3 23 25 29 -1 21 17 24 -15 -9 -5 -21 -2 -20 -7 -8 -11 -18 -19 -4 -12
right_child=2 3 28 4 7 10 16 18 -10 11 12 -13 -14 15 -16 -17 26 27 22 20 -22 -23 -24 -25 -26 -27 -28 -29 -30 -31
leaf_value=-0.046290446456707032 0.014767550107164119 -0.012882294627901067 0.091403798146396265 -0.024472445396268725 -0.014417811835157064 0.0027628798049214899 0.037299827773028926 0.024809969762147679 -0.030309284690359192 0.12017189345132628 -0.022872134100496974 0.076560143337891767 0.0061924343020628306 0.0022339974286156804 0.0668276804276247 -0.042328113746687296 -0.016590874583789439 -0.036670147026175139 0.077582839507717591 0.053747763157822148 0.0037196721498017095 0.10272532974506628 0.038837137713643867 -0.03108087944920758 0.0025487560688966693 0.033051243336000451 0.0190194369044876 -0.016617404189862305 0.11462352307523163 0.096472081088451123
leaf_weight=5971.4820761457086 548.05197333917022 236.76675970479846 659.2409250587225 371.94706804677844 399.77699393592775 400.15732279792428 757.35323252156377 875.33669069595635 2969.4849312677979 42.391522910445929 20.506341883912683 684.65308470651507 682.40962170064449 695.25558680854738 662.49904441647232 2720.9732723776251 793.46322927065194 1734.807719130069 475.45710435695946 174.37483631633222 584.30891947634518 48.78608456812799 422.91180949285626 885.23464613221586 393.98869816586375 1158.6487189382315 302.45713027752936 1099.1420862842351 1979.3332768529654 134.92838702723384
leaf_count=302562 13738 7648 3276 14624 13852 13544 19398 21127 140197 833 598 13234 23115 27222 14831 137579 28395 80113 8719 5377 19514 1435 9407 36021 12083 33230 9174 48926 8976 2215
internal_value=-0.00138219 -0.0154116 0.0885556 0.00908867 -0.0028475 -0.0335897 0.0262254 0.031802 -0.0212153 0.0434972 -0.00467112 0.0508069 0.0200199 -0.0386137 0.0460929 -0.0312793 0.00967616 -0.0227607 0.0420636 0.00266923 0.0159755 0.0215955 0.0593431 -0.0207652 0.025408 0.0361262 -0.00676298 -0.0288927 0.108822 0.0807271
internal_weight=28886.1 24988.2 3897.91 10643.3 6273.6 14344.9 4369.72 2173.48 4100.12 2122.46 2123.24 1885.69 837.844 12221.7 1259.34 6250.18 2247.26 3529.21 1773.71 1130.63 758.684 596.838 898.369 1285.39 1151.34 1201.04 1095.92 2833.95 2638.57 155.435
internal_count=1070963 1028707 42256 356812 232817 671895 123995 53105 179712 54945 75493 47297 25928 596402 30004 293840 69050 156261 39253 39515 24891 15173 18126 49565 31481 34063 37569 129039 12252 2813
cat_boundaries=0 1 2 3 4 5
cat_threshold=269551666 134488076 53263653 1051168 233899904
is_linear=0
shrinkage=0.05


Tree=9
num_leaves=31
num_cat=7
split_feature=0 7 0 0 13 0 0 2 15 2 0 0 4 0 13 0 15 15 15 13 8 15 2 14 6 15 4 6 2 15
split_gain=13000.5 2378.75 1982.85 3275.32 2232.79 1069.3 614.549 565.767 536.23 515.811 313.708 305.046 248.929 242.875 206.616 453.328 201.469 170.647 165.266 158.694 157.248 154.166 171.961 143.79 143.374 136.854 121.022 118.14 203.76 108.857
threshold=38.738130569458015 4.5000000000000009 15.533378601074221 2.5052192211151127 6.0153558254241952 64.389019012451186 0.39536733925342565 1005.5722961425782 0 1004.9467163085939 15.533378601074221 1.2005882859230044 78.750000000000014 0.06065612472593785 5.664151906967164 2.5052192211151127 1 2 3 2.663575410842896 9.5000000000000018 4 999.30996704101574 1.7427115440368655 5.6559438705444345 5 96.750000000000014 7.3262233734130868 1000.817108154297 6
decision_type=2 2 2 2 2 2 2 2 9 2 2 2 2 2 2 2 9 9 9 2 2 9 2 2 2 9 2 2 2 9
left_child=1 10 3 4 6 18 -3 11 16 20 14 12 -6 -14 -1 21 -4 -12 26 -18 24 22 -16 -21 25 -8 -2 28 -15 -5
right_child=5 2 8 29 7 -7 9 -9 -10 -11 17 -13 13 27 15 -17 19 -19 -20 23 -22 -23 -24 -25 -26 -27 -28 -29 -30 -31
leaf_value=-0.044541679296779296 0.011346317690379252 -0.03248966095908095 0.084992222540867024 -0.030426010473760534 0.011159782442474481 0.10121838970801389 0.0033885360703280252 -0.00048137240681540904 0.0055688049443407498 -0.016927378016464465 0.0019550516205017817 0.069733028966279892 -0.015035445977441362 0.11216093790315168 0.14089017442532148 -0.045353202216626608 0.2082213129121159 -0.031064105005885512 0.059453192795925661 0.02711944425853843 0.2879637348305546 -0.01052771561228213 0.021863674757047653 0.057571116023985451 0.015637739532251151 0.074563762631081359 0.097109950241208581 0.024033583062492817 0.051372199887468994 -0.046350095773892069
leaf_weight=5429.0347498189658 426.25926969572902 2218.1458832882345 335.28774711862206 1799.4980278536677 610.09899841621518 2734.1865174025297 102.96114594489336 675.49455864354968 1139.0605351403356 1132.0561094805598 769.60383315011859 1179.0214795935899 114.38349816203117 215.04214594885707 35.722985949367285 1073.099515857175 14.101886741816996 792.16028603352606 646.14296473376453 934.48674697056413 6.0417716670781365 466.65959691815078 201.5496783722192 662.4713183529675 536.57187708280981 257.6677895989269 45.527030277997255 153.53976262174547 384.03641995228827 3611.197227569297
leaf_count=280754 10264 104443 4360 86796 16881 12013 4783 21812 36821 50945 24331 24074 3630 3983 995 54336 226 33078 13400 23665 246 15416 5799 13098 18635 8343 1165 3742 8219 185753
internal_value=-0.0010946 -0.014344 -0.00292106 -0.0114759 0.00972447 0.0843737 -0.0142844 0.0403764 0.033112 0.0055564 -0.0352949 0.0507671 0.0356286 0.052847 -0.0396978 -0.0248994 0.0489509 -0.0149794 0.0431757 0.0409721 0.0337359 0.00628114 0.038175 0.0397518 0.0320239 0.0564045 0.0192152 0.0631638 0.0731926 -0.0411959
internal_weight=28701.1 24849 16081.2 12995.8 7585.06 3852.12 4253.44 3331.62 3085.41 2035.3 8767.83 2656.12 1477.1 867.002 7206.07 1777.03 1946.35 1561.76 1117.93 1611.06 903.243 703.932 237.273 1596.96 897.201 360.629 471.786 752.618 599.079 5410.7
internal_count=1072006 1035164 620455 542285 269736 36842 187395 82341 78170 82952 414709 60529 36455 19574 357300 76546 41349 57409 24829 36989 32007 22210 6794 36763 31761 13126 11429 15944 12202 272549
cat_boundaries=0 1 2 3 4 5 6 7
cat_threshold=91326899 6291840 225544098 52739333 269486082 161613364 1147042
is_linear=0
shrinkage=0.05


Tree=10
num_leaves=31
num_cat=6
split_feature=5 11 5 5 5 5 15 15 5 7 15 11 3 6 5 2 3 10 15 15 3 2 8 7 2 7 10 15 12 4
split_gain=11395.2 4046.59 1056.68 730.913 661.754 1347.39 498.819 378.713 340.352 293.004 262.414 247.732 246.972 259.029 222.391 194.865 276.108 206.802 193.965 157.717 142.873 196.119 142.405 130.577 125.463 109.46 97.6889 94.1546 96.6844 93.7862
threshold=29.629031181335453 0.027804132405650436 57.328527450561531 8.8511104583740252 -3.451713919639587 8.8511104583740252 0 1 -2.0472677946090694 3.5000000000000004 2 0.0098886328725038414 15.749999999999996 8.697390556335451 -2.4703916311264034 1001.071990966797 18.750000000000004 0.55325317382812511 3 4 23.250000000000004 999.67990112304699 7.5000000000000009 6.5000000000000009 1004.8325805664064 1.5000000000000002 -0.64332580566406239 5 0.034508670093347522 72.750000000000014
decision_type=2 2 2 2 2 2 9 9 2 2 9 2 2 2 2 2 2 8 9 9 2 2 2 2 2 2 10 9 2 2
left_child=1 3 19 11 6 8 12 -7 22 -5 -11 -1 -3 15 -13 16 -14 -17 -9 -2 21 -8 -6 -20 27 -4 -12 28 -24 -22
right_child=2 4 25 9 5 7 20 18 -10 10 26 14 13 -15 -16 17 -18 -19 23 -21 29 -23 24 -25 -26 -27 -28 -29 -30 -31
leaf_value=-0.046773346731380554 0.017501006550300513 -0.015981495912221071 0.057723850730181429 -0.028493943795610172 -0.024110335698812005 -0.015823674260784751 0.078680110704911418 0.063943412437531461 -0.030446695241677604 0.049752446809221619 0.026072541220580697 -0.023453840973778197 0.12660469895212084 -0.0081101842514390305 -0.042928294833714568 0.01753310191874503 0.047706689713255215 0.054754301664761633 0.0083822236815642558 0.05319197671982126 -0.028908126028078813 0.00018885880688833509 -0.0067807236270113237 0.037742815745752417 -0.0070394360711941162 0.095607748596928013 -0.012228298421066805 0.0012248571694310605 0.068461729067842883 0.0034225133897423199
leaf_weight=4890.927018513903 556.32913128845394 248.84076856076717 205.76301729306579 885.6791566722095 369.41854014992714 444.33870018459857 106.36482879333198 454.86923951841891 2770.4512797109783 291.27187799476087 213.88267993740737 3494.4030213970691 123.91265611164272 304.65226275473833 2525.4497456513345 1154.4827508907765 1055.0175129715353 551.41552825830877 612.17999311164021 799.0751021746546 528.41035119071603 316.05624199844897 54.250025268644094 992.83262388780713 390.85537781007588 2599.6072201803327 751.21684193238616 165.03527488186955 200.43591636233032 389.76809391006827
leaf_count=269437 13684 8097 998 36909 15287 15819 3121 7759 141802 6779 7003 164643 2661 10219 139459 30021 23737 12140 15533 16256 19532 9823 1865 21200 13404 11297 27832 5458 5758 14065
internal_value=-0.00114011 -0.0142384 0.0753147 -0.0331723 0.00776173 -0.00268036 0.0218654 0.026012 -0.0208687 -0.00646909 0.00905733 -0.0384148 0.0319012 0.035737 -0.0316238 0.0403675 0.0559993 0.0295645 0.0349436 0.0390641 -0.0040818 0.0199528 0.00161909 0.0263798 0.0133452 0.0928291 -0.00370182 0.032328 0.0504535 -0.0151837
internal_weight=28447.2 24286.4 4160.77 13052.8 11233.6 6454.67 4778.92 2504.22 3950.45 2142.05 1256.37 10910.8 3438.32 3189.48 6019.85 2884.83 1178.93 1705.9 2059.88 1355.4 1340.6 422.421 1180 1605.01 810.577 2805.37 965.1 419.721 254.686 918.178
internal_count=1071598 1029363 42235 652062 377301 243885 133416 60311 183574 78523 41614 573539 86875 78778 304102 68559 26398 42161 44492 29940 46541 12944 41772 36733 26485 12295 34835 13081 7623 33597
cat_boundaries=0 1 2 3 4 5 6
cat_threshold=336824379 401420 90277264 6312323 53271813 1149088
is_linear=0
shrinkage=0.05


Tree=11
num_leaves=31
num_cat=0
split_feature=0 11 0 0 0 0 0 0 9 4 7 13 3 11 0 1 13 2 0 6 2 8 1 11 7 13 5 11 8 7
split_gain=10088.6 3763.21 1259.76 2683.31 1040.08 796.252 774.316 379.775 419.011 346.181 324.057 320.174 300.869 260.523 249.873 229.179 217.536 195.415 193.305 172.327 245.179 180.727 184.072 165.497 155.703 133.073 145.491 130.843 124.986 121.4
threshold=41.181802749633796 0.027804132405650436 2.5052192211151127 15.533378601074221 15.533378601074221 0.18871347606182101 64.389019012451186 2.5052192211151127 -1.9612814188003538 75.750000000000014 3.5000000000000004 5.9695129394531259 15.749999999999996 0.01071822442790185 0.45970863103866583 18.440246582031254 3.9313585758209233 1005.288787841797 1.5818014740943911 6.1695690155029306 998.28051757812511 7.5000000000000009 27.700485229492191 0.0074618736383442281 3.5000000000000004 8.8417563438415545 -2.354570627212524 0.0038419776512755642 9.5000000000000018 2.5000000000000004
decision_type=2 2 2 2 2 2 2 2 8 2 2 2 2 2 2 2 2 2 2 2 2 2 2 2 2 2 2 2 2 2
left_child=1 4 5 -4 7 -3 -2 8 23 18 -6 -5 -11 -10 -15 -13 27 19 -7 20 -14 -22 25 -1 -17 26 -23 -12 -29 -16
right_child=6 2 3 11 10 9 -8 -9 13 12 16 15 17 14 29 24 -18 -19 -20 -21 21 22 -24 -25 -26 -27 -28 28 -30 -31
leaf_value=-0.033969895530276815 0.036709358071248553 -0.014105946787463283 -0.036676261181530723 0.071303314057961517 -0.023036469607687595 -0.00052899397789321438 0.087236960969657995 -0.048438536671643148 -0.044593987387433323 -0.013272419097049541 -0.038550483577136703 -0.036610052556861152 0.11340755650462682 -0.037100856491105276 -0.042945074419695119 -0.015764120252352604 0.0063424726487781788 0.019187471378638254 0.041941220488904196 0.031910839676962059 0.036449840100967121 0.10877938400086369 0.04470866837608619 0.034313532926410401 0.030694776094003125 0.063856106131776752 0.29235786903632438 0.061169606696227501 0.19366953599962233 -0.00027380888777629356
leaf_weight=120.27828267216682 1032.8215957451612 1020.3412796203047 3484.3372985161841 390.41056984104216 899.89099355600774 853.84518648125231 2851.9336598366499 4827.2044828869402 2632.9958064388484 212.700220560655 29.597389813512564 153.69300150312483 207.54096175543964 1408.8216433357447 196.29613203182817 198.08938826993108 1035.0125639680773 476.99893313087523 390.43948282301426 631.48700518533587 686.09959243610501 234.63942333869636 370.36306694336236 338.37131315656006 2013.0026289336383 222.46370215527713 11.313143825158475 184.86567250266671 19.69392610900104 1104.831760507077
leaf_count=6208 20669 38559 177736 5973 37111 26301 11996 280722 148977 6610 873 5520 3353 72515 9456 6033 35454 13873 9978 14163 14238 4713 6648 12391 45130 3493 273 3130 298 49487
internal_value=-0.00102528 -0.0129606 0.0077209 -0.0075191 -0.031638 0.025601 0.0738034 -0.0380772 -0.029456 0.0350276 -8.50563e-05 0.0293543 0.0440859 -0.033393 -0.02251 0.0224288 0.0161884 0.0483804 0.0127976 0.0542711 0.0624216 0.0554823 0.0710503 0.0164066 0.0265326 0.0918779 0.117223 0.059709 0.073926 -0.00671146
internal_weight=28240.4 24355.6 11557.8 6239.53 12797.9 5318.23 3884.76 10628.8 5801.59 4297.89 2169.06 2755.2 3053.61 5342.95 2709.95 2364.79 1269.17 2840.91 1244.28 2363.91 1732.42 1524.88 838.779 458.65 2211.09 468.416 245.953 234.157 204.56 1301.13
internal_count=1071881 1039216 382594 240392 656622 142202 32665 579756 299034 103643 76866 62656 67364 280435 131458 56683 39755 60754 36279 46881 32718 29365 15127 18599 51163 8479 4986 4301 3428 58943
is_linear=0
shrinkage=0.05


Tree=12
num_leaves=31
num_cat=4
split_feature=5 11 0 0 0 0 0 15 0 9 15 2 7 11 0 15 7 10 6 2 11 0 15 4 9 7 2 9 4 5
split_gain=9037.87 3604.76 1195.01 2225.71 964.505 801.654 702.053 354.094 349.729 407.47 323.345 319.447 291.548 236.853 249.084 206.47 198.875 174.201 172.452 139.208 133.293 125.679 122.326 135.906 118.915 117.699 161.255 112.745 108.442 104.767
threshold=29.629031181335453 0.027804132405650436 2.5052192211151127 15.533378601074221 64.389019012451186 15.533378601074221 0.11034420877695085 0 2.5052192211151127 -2.1958000659942623 1 1002.9254455566407 3.5000000000000004 0.0093887192212254254 0.57313823699951183 2 5.5000000000000009 -0.59400939941406239 6.773329734802247 1000.1608276367189 0.0074618736383442281 1.0350248217582705 3 96.750000000000014 -1.8914017677307127 2.5000000000000004 1006.8494873046876 -19.724313735961911 71.250000000000014 -4.0977611541748038
decision_type=2 2 2 2 2 2 2 9 2 8 9 2 2 2 2 9 2 10 2 2 2 2 9 2 10 2 2 10 2 2
left_child=1 5 6 -4 22 8 -3 11 9 20 -5 18 -7 -11 -15 -14 -9 -12 19 -8 -1 -18 23 -2 -13 -16 -27 -22 -19 -21
right_child=4 2 3 10 -6 12 7 16 -10 13 17 24 15 14 25 -17 21 28 -20 29 27 -23 -24 -25 -26 26 -28 -29 -30 -31
leaf_value=-0.031575153389031371 -0.0070581268684768777 -0.019461663183993227 -0.035471905273969082 -0.013737857085690336 0.081737195397091775 -0.026666266490170783 0.088272018132391758 -0.01416636693169848 -0.048170994992136208 -0.045387942198078485 0.053072939752746441 0.044805704666517947 0.030688895138228429 -0.037082535117499781 -0.041980873915679763 -0.010544009482124323 0.0069060211066702864 0.095548999782664401 0.028580022055402624 0.041796484570782 0.19015948262994684 0.037520608309475137 0.04014526668610692 0.074911280234145838 0.01263581900176252 0.016524633188525688 -0.022021116252591511 0.028206669366544448 0.020767064327705982 0.087110810276267561
leaf_weight=103.01712938025594 309.45960067026317 799.74758978560567 3364.1867597755045 423.17674008943141 2885.6429470479488 813.27288062311709 474.08175044506788 468.11279285512865 4607.9636173490435 2305.3052258342505 777.15127084031701 442.48944760672748 658.10304170288146 1611.873661423102 209.88607785664499 552.15634786523879 613.1443800739944 50.308146210387349 378.69129543378949 514.89747126773 11.138681795448063 739.60802989453077 1088.0866448860615 60.445190656930208 818.86986272409558 593.34062985703349 499.96216947212815 305.11809016950428 1332.616417651996 169.55799392238259
leaf_count=5439 8012 31506 177748 15034 11971 34882 7613 14542 280802 136490 13331 9770 17544 85925 10732 20177 18677 503 8709 9824 293 16394 20855 1445 21934 25920 23494 10727 28572 2898
internal_value=-0.00129991 -0.0134811 0.00680647 -0.00866893 0.0649896 -0.0322734 0.0237903 0.0312784 -0.0379523 -0.0296029 0.0262368 0.0424183 -0.00351415 -0.0334117 -0.0239407 0.0120437 0.0138478 0.0339744 0.0578719 0.0674466 0.0178206 0.0236443 0.031843 0.0061695 0.0239211 -0.00768591 -0.00110215 0.0339107 0.0234875 0.0530221
internal_weight=27981.4 23637.8 11366.6 5947.44 4343.63 12271.1 5419.2 4619.45 10247.6 5639.64 2583.25 2798.59 2023.53 5220.37 2915.06 1210.26 1820.87 2160.08 1537.23 1158.54 419.274 1352.75 1457.99 369.905 1261.36 1303.19 1093.3 316.257 1382.92 684.455
internal_count=1071763 1029480 377055 235188 42283 652425 141867 110361 579822 299020 57440 60748 72603 282561 146071 37721 49613 42406 29044 20335 16459 35071 30312 9457 31704 60146 49414 11020 29075 12722
cat_boundaries=0 1 2 3 4
cat_threshold=336677154 134488076 90277787 52697093
is_linear=0
shrinkage=0.05


Tree=13
num_leaves=31
num_cat=3
split_feature=0 0 0 13 7 9 15 0 7 0 2 2 0 0 8 2 10 2 15 3 8 15 12 7 13 7 2 5 8 13
split_gain=7976.55 2101.64 2726.37 2620.3 570.876 464.177 423.348 385.152 315.05 280.952 280.758 270.177 202.241 197.424 184.14 182.975 169.146 156.961 138.28 128.269 146.134 128.003 117.03 107.602 104.233 95.4021 93.3389 89.0221 86.3487 85.7051
threshold=51.750553131103523 15.533378601074221 2.5052192211151127 5.4688878059387216 3.5000000000000004 -0.69153317809104908 0 0.62052997946739208 3.5000000000000004 64.389019012451186 1005.852996826172 1006.1285705566407 0.94154939055442821 30.492725372314457 9.5000000000000018 1006.0752868652345 -0.84170532226562489 1004.0300598144532 1 23.250000000000004 7.5000000000000009 2 0.18224823485693054 4.5000000000000009 12.564965248107912 3.5000000000000004 1000.434783935547 85.954242706298842 9.5000000000000018 5.0768933296203622
decision_type=2 2 2 2 2 10 9 2 2 2 2 2 2 2 2 2 10 2 9 2 2 9 2 2 2 2 2 2 2 2
left_child=1 2 3 7 13 15 16 22 -9 -2 12 14 18 -3 -10 19 29 -8 -7 20 26 24 -1 27 -4 -14 -5 -11 -18 -6
right_child=9 4 21 5 6 10 17 8 11 23 -12 -13 25 -15 -16 -17 28 -19 -20 -21 -22 -23 -24 -25 -26 -27 -28 -29 -30 -31
leaf_value=-0.041891553294369721 0.035532561603320093 -0.02692052093696834 -0.035621487775150749 0.061752304038967414 0.08738131099436286 0.025340410585294456 0.022530080060649701 -0.034908084039388929 0.020584265232117777 0.073674876556867372 -0.026105405734289561 -0.01872612579546911 -0.0099205751055708568 0.016066873514291622 0.23262745061095341 0.0068480754288261312 0.02734137761544472 -0.0059433800279393998 -0.010674496442329377 0.028646674665819993 0.071696430148806597 -0.047098395488088959 -0.020266743134253307 0.083682460945039824 0.0032264900953125931 0.036773205971407867 0.022071657536617408 0.042378557369032205 0.12009220260212945 0.048050787674096755
leaf_weight=2678.4032731521875 489.64429104328156 894.34948936291039 2394.1955300634727 242.10665046423674 178.82831421680748 392.57590750977397 862.0366945900023 863.8312510792166 771.4873824659735 706.54180411994457 482.04712948948145 741.77137817069888 123.4095714725554 380.81718612462282 10.3762717731297 380.6934469640255 1611.5311036668718 1103.703518608585 778.93984669446945 773.92649785988033 622.76696619950235 5060.3046507490799 816.34014178626239 1860.1952197551727 186.08769209869206 962.97008401714265 382.07665686309338 334.93805712461472 25.490354822948575 614.3873466681689
leaf_count=153445 8182 37107 136533 4076 2136 9997 22927 49162 29647 2897 18277 37337 4310 11600 376 12148 33157 34630 25203 16055 10672 311821 41453 7533 9627 21039 7867 1494 407 10100
internal_value=-0.00127327 -0.0112846 -0.0193841 -0.00347465 0.0153717 0.0225993 0.0239157 -0.0262653 -0.0107859 0.0705662 0.00853415 0.00289033 0.0159295 -0.0140827 0.0233983 0.0386461 0.0378122 0.00650998 0.00151932 0.0446362 0.0545602 -0.0423381 -0.0368402 0.076478 -0.0326931 0.0314689 0.0374629 0.06361 0.0287856 0.0569177
internal_weight=27726.8 24335.5 18664.3 11023.7 5671.14 5141.51 4395.98 5882.21 2387.47 3391.32 2739.94 1523.64 2257.9 1275.17 781.864 2401.57 2430.24 1965.74 1171.52 2020.88 1246.95 7640.59 3494.74 2901.68 2580.28 1086.38 624.183 1041.48 1637.02 793.216
internal_count=1071215 1051109 899045 441064 152064 129644 103357 311420 116522 20106 78826 67360 60549 48707 30023 50818 45800 57557 35200 38670 22615 457981 194898 11924 146160 25349 11943 4391 33564 12236
cat_boundaries=0 1 2 3
cat_threshold=91260851 1050626 1147042
is_linear=0
shrinkage=0.05


Tree=14
num_leaves=31
num_cat=4
split_feature=0 11 0 0 0 0 0 15 15 0 0 11 2 14 5 11 13 2 11 6 0 15 7 2 7 2 15 10 4 2
split_gain=7432.43 3110.47 940.613 2321.82 769.724 696.81 566.18 328.249 311.375 250.043 296.851 237.754 215.149 198.573 191.535 182.064 237.09 148.963 146.143 135.303 121.525 120.338 113.748 114.2 103.629 95.7925 93.7327 88.9389 87.1568 86.0107
threshold=36.54767036437989 0.022715053763440862 2.5052192211151127 15.533378601074221 64.389019012451186 0.078953903168439879 15.533378601074221 0 1 2.5052192211151127 0.91225901246070873 0.0074618736383442281 1005.2293701171876 1.7427115440368655 -3.2510795593261714 0.0056267806267806279 2.6939234733581547 1003.9734497070314 0.045435227854582698 4.9721651077270517 1.3808901906013491 2 2.5000000000000004 1007.5124816894532 2.5000000000000004 1001.3215332031251 3 1.9862213134765627 96.750000000000014 1007.5124816894532
decision_type=2 2 2 2 2 2 2 9 9 2 2 2 2 2 2 2 2 2 2 2 2 9 2 2 2 2 9 10 2 2
left_child=1 6 5 -4 21 -3 9 19 12 10 -1 -12 14 17 18 -8 -17 -9 25 -5 -10 28 -13 -24 -6 -7 -20 -14 -2 -21
right_child=4 2 3 7 24 8 15 13 20 -11 11 22 27 -15 -16 16 -18 -19 26 29 -22 -23 23 -25 -26 -27 -28 -29 -30 -31
leaf_value=-0.040190692643941872 0.0061266479150853649 -0.024476614572563952 -0.036026818540827087 0.036635441017915701 0.052031172728308164 0.030494191971276036 -0.035719428005707057 0.012997619217747764 -0.014509260759701353 -0.04865282008086675 -0.038739600834675786 -0.034386561154117701 0.0046871213246329627 0.035601323655993916 0.075214265306293715 0.075171875864124299 -0.0038228686379447627 -0.02009978755312326 0.058336420168270023 0.070419918373279489 0.020344471139826358 0.041310483738259698 0.023793212996283092 -0.014591237830135981 0.077353422373149405 -0.0004349857009957322 0.032747597365408949 0.16878359809591342 0.068343406290648279 0.17097577844194442
leaf_weight=3112.5803353451192 580.00556774064898 854.20267181284726 3708.6357555547729 681.85116245411336 483.93243193626404 532.0376267619431 408.34618052840233 1049.0593008697033 626.31378044560552 3631.9753295313567 594.7815759293735 183.95579088199884 784.68571412190795 627.61525706760585 275.93816485628486 103.62157716043293 1139.6601012311876 502.94777783751488 509.13901714235544 215.77624890208244 416.34874640405178 838.96165313571692 506.75673622079194 313.74406411219388 2447.1810534596443 472.82234722562134 1799.9254321809858 8.3450213111937028 62.339374218136072 23.590541867539287
leaf_count=185516 12933 37267 215345 11070 2069 16154 18122 26730 22406 242947 36598 10286 23748 12617 5505 1515 40791 16494 8051 3078 11687 14772 21874 15514 9907 14086 32652 183 1355 467
internal_value=-0.00113188 -0.0124969 0.00354167 -0.00932994 0.0583268 0.017499 -0.0334997 0.0225998 0.0241077 -0.0387941 -0.0311949 -0.0136864 0.0299153 0.0118149 0.0351903 -0.00675287 0.00276097 0.00227198 0.0318576 0.0474736 -0.00058609 0.0289508 0.00114873 0.00911572 0.0731727 0.0159409 0.0387843 0.0064139 0.0119783 0.0803301
internal_weight=27497.1 23084.7 13089.2 6809.48 4412.42 6279.76 9995.42 3100.84 5425.56 8343.79 4711.82 1599.24 4382.89 2179.62 3589.86 1651.63 1243.28 1552.01 3313.92 921.218 1042.66 1481.31 1004.46 820.501 2931.11 1004.86 2309.06 793.031 642.345 239.367
internal_count=1071739 1030703 457540 285801 41036 171739 573163 70456 134472 512735 269788 84272 100379 55841 76448 60428 42306 43224 70943 14615 34093 29060 47674 37388 11976 30240 40703 23931 14288 3545
cat_boundaries=0 1 2 3 4
cat_threshold=207638913 340887859 50641957 2066
is_linear=0
shrinkage=0.05


Tree=15
num_leaves=31
num_cat=5
split_feature=0 11 0 0 0 0 15 15 0 9 0 11 2 3 13 6 11 0 9 11 15 14 2 15 4 3 2 9 11 15
split_gain=6535.46 3027.98 800.717 724.443 2320.83 616.732 289.958 285.224 271.765 295.057 256.23 218.663 213.419 203.832 176.114 174.975 162.462 173.609 160.311 151.633 143.945 114.148 110.154 105.16 98.7743 97.8493 128.026 97.5945 94.931 90.6168
threshold=51.750553131103523 0.023777521761392733 15.533378601074221 2.5052192211151127 15.533378601074221 0.14667420089244845 0 1 2.5052192211151127 -1.0487240552902219 64.389019012451186 0.0056267806267806279 1002.3913879394532 27.749999999999993 2.8932549953460698 7.089954376220704 0.0098886328725038414 0.43808144330978399 -1.8914017677307127 0.0074618736383442281 2 1.7427115440368655 1011.1172180175782 3 78.750000000000014 23.250000000000004 999.30996704101574 -9.0570745468139631 0.054749103942652338 4
decision_type=2 2 2 2 2 2 9 9 2 8 2 2 2 2 2 2 2 2 10 2 9 2 2 9 2 2 2 10 2 9
left_child=1 2 8 5 29 28 12 24 9 19 -2 -4 15 21 -13 20 -11 -18 22 -1 -7 -9 -14 -17 -6 26 -8 -21 -3 -5
right_child=10 3 11 4 7 6 25 13 -10 16 -12 14 18 -15 -16 23 17 -19 -20 27 -22 -23 -24 -25 -26 -27 -28 -29 -30 -31
leaf_value=-0.035404818455199868 0.030603870120010469 -0.027012961846079056 -0.033263336097829492 -0.027520599609394566 0.054270754250983447 0.068855381603562235 0.06580701390870318 0.008089258061103867 -0.048391426746653608 -0.045065298233674417 0.068916339620544317 0.055339197839061653 0.033946995034820938 -0.041005333296051015 0.00056184088509038561 0.052676041485235671 -0.039333933656891668 -0.01025978311806628 0.0073307834787991744 0.0974858212553356 0.036846252672652798 0.032088800982937614 0.17071650747368453 0.0010486104150765018 0.026580183045412587 -0.018007982941054719 0.0021371336551382824 0.011273226471390025 0.0074105975016006929 -0.044557483227687419
leaf_weight=187.74182911962271 512.68850523605943 755.97560426034033 448.44418287277222 1995.7739560166374 653.71032134257257 581.1431035567075 97.274551432579756 1667.0450192317367 3538.7122114533558 2003.4486300386488 2933.0078592449427 164.31353484094143 715.54841083846986 172.93302879855037 1371.5416365396231 124.25918132439256 1045.4456661855802 1009.0035408036783 1262.0540424771607 35.792950127273798 1186.3019388262182 704.97789713181555 15.031132748350499 384.90739205293357 634.75870736129582 437.49808870069683 419.19994350150228 396.07369859982282 272.46264351159334 1510.0603515608236
leaf_count=11507 8124 35573 19606 116671 8391 9482 2512 43086 247928 132774 11951 2581 14300 6751 47135 2531 63029 49572 33449 1061 21650 13248 404 10566 11247 15059 12541 16832 8361 93576
internal_value=-0.00114171 -0.0104626 -0.0310522 0.00499079 -0.00566337 0.0174985 0.024467 0.0212252 -0.0379366 -0.0300272 0.0632158 -0.00254658 0.0300001 0.0113567 0.0064222 0.0405291 -0.0349343 -0.0250547 0.0181211 0.00210999 0.047969 0.0152221 0.0367609 0.0147031 0.0403162 -0.000602947 0.0141289 0.0184185 -0.0178932 -0.0350645
internal_weight=27237.1 23791.4 10200.5 13590.9 7339.26 6251.66 5223.22 3833.42 8216.22 4677.51 3445.7 1984.3 4269.25 2544.96 1535.86 2276.61 4057.9 2054.45 1992.63 619.608 1767.45 2372.02 730.58 509.167 1288.47 953.973 516.474 431.867 1028.44 3505.83
internal_count=1071498 1051423 592025 459398 292970 166428 122494 82723 522703 274775 20075 69322 92382 63085 49716 44229 245375 112601 48153 29400 31132 56334 14704 13097 19638 30112 15053 17893 43934 210247
cat_boundaries=0 1 2 3 4 5
cat_threshold=340904242 208163715 67110914 269549570 3777202
is_linear=0
shrinkage=0.05


Tree=16
num_leaves=31
num_cat=4
split_feature=9 13 9 2 9 7 9 7 2 15 2 6 1 15 8 2 9 9 9 1 9 15 9 15 8 9 3 4 7 13
split_gain=3667.84 1607.51 1020.46 670.443 447.106 338.657 267.289 247.249 235.629 210.278 143.242 142.545 128.133 120.46 113.815 150.006 112.946 111.927 94.9405 79.734 78.404 77.8249 68.9436 68.598 115.759 85.2352 65.6435 64.2342 61.0588 58.1942
threshold=8.2869253158569354 5.4033539295196542 19.975317955017093 1005.852996826172 -8.5348868370056135 5.5000000000000009 -5.8290898799896231 4.5000000000000009 1004.0300598144532 0 1006.569305419922 8.697390556335451 11.608917236328127 1 7.5000000000000009 1000.0948791503907 34.865045547485359 9.8451232910156268 -7.6540274620056143 12.538391113281252 -22.790141105651852 2 -0.42593789100646967 3 9.5000000000000018 2.2611595392227177 23.250000000000004 75.750000000000014 3.5000000000000004 8.9846205711364764
decision_type=8 2 10 2 10 2 10 2 2 9 2 2 2 9 2 2 10 10 10 2 10 9 10 9 2 8 2 2 2 2
left_child=1 6 8 4 20 13 21 -8 11 14 23 28 -5 -6 15 26 -4 19 -14 -10 -3 -1 -16 24 -9 -26 27 -7 -2 -11
right_child=2 3 16 12 5 9 7 10 17 29 -12 -13 18 -15 22 -17 -18 -19 -20 -21 -22 -23 -24 -25 25 -27 -28 -29 -30 -31
leaf_value=0.01737906197310438 0.0066986852818046675 0.047411509731609756 0.043217273797109955 -0.047458897411105733 0.0068619154741685964 0.084434138756818308 -0.040281300476819389 0.0022059435675265064 -0.032713209579845609 -0.012379564990332324 -0.034059484955642344 -0.014971701157108719 0.010671762084868556 -0.017706028215637274 0.042738365890961721 -0.0046163658636296807 0.066108633831712463 0.025030380803831839 -0.021320366318961042 0.001221145652823083 0.022931451663813111 -0.017232804734642917 0.019716158637755853 -0.015718566659607972 0.19816127744436696 -0.041582927749416347 0.0071679706742308648 0.031274818986909501 0.029917867867201881 0.0064003855306089532
leaf_weight=348.60672004614025 315.35200330615044 547.92440471798182 909.44058200158179 425.89204484596848 646.76448464114219 72.122826434671879 4121.7492376957089 93.139029902406037 197.44648315291852 912.35697444435209 1464.595214436762 210.57949330843985 263.30456803459674 2151.7979187769815 547.91289838124067 840.23354326188564 1322.348554989323 459.55813326034695 1944.4798778286204 1404.0046861618757 811.49535086657852 287.01233461592346 800.00285190530121 1894.5206085201353 14.406494271010159 4.9919644817709949 213.33357694372535 267.92912384588271 2771.4857472702861 752.93099371343851
leaf_count=12713 8917 10450 10938 24837 21226 1879 268223 5224 10959 38179 90042 8673 8505 88353 13809 26631 7421 10511 92197 53978 22313 14305 23366 98437 615 257 6351 7215 62557 23158
internal_value=-0.00110056 -0.0126157 0.028373 -0.000286576 0.00649755 0.00153546 -0.0293938 -0.032001 0.0165412 0.0101737 -0.0221701 0.0248305 -0.0223488 -0.012067 0.0186475 0.00869636 0.0567805 0.00327912 -0.0175049 -0.0029627 0.0327983 0.00175245 0.0290744 -0.0134942 0.0232801 0.136466 0.0289097 0.0425496 0.0275458 -0.00386533
internal_weight=27017.7 19427.5 7590.22 11198.5 8564.8 7205.39 8229.02 7593.4 5358.43 4406.82 3471.65 3297.42 2633.68 2798.56 2741.53 1393.62 2231.79 2061.01 2207.78 1601.45 1359.42 635.619 1347.92 2007.06 112.537 19.3985 553.386 340.052 3086.84 1665.29
internal_count=1072239 898285 173954 408469 282930 250167 489816 462798 155595 140588 194575 80147 125539 109579 79251 42076 18359 75448 100702 64937 32763 27018 37175 104533 6096 872 15445 9094 71474 61337
cat_boundaries=0 1 2 3 4
cat_threshold=1157282 1056774 206635426 269490208
is_linear=0
shrinkage=0.05


Tree=17
num_leaves=31
num_cat=4
split_feature=5 11 0 0 0 0 0 0 0 11 15 15 2 7 9 15 1 12 13 7 2 15 9 7 7 2 1 2 9 0
split_gain=5465.7 2582.55 804.427 1738.04 680.142 608.267 457.608 307.945 317.035 285.71 256.274 253.191 199.157 171.054 165.727 159.257 143.462 141.842 130.016 128.583 140.207 113.951 113.006 109.772 109.087 95.1175 94.5876 92.9255 92.6318 91.8808
threshold=29.629031181335453 0.024355325256653532 2.5052192211151127 15.533378601074221 64.389019012451186 15.533378601074221 0.052361298352479942 2.5052192211151127 0.54933226108551036 0.0061106133014735171 0 1 1002.3335571289064 2.5000000000000004 -5.8290898799896231 2 29.061645507812504 0.12182933553901297 3.5720294713974003 2.5000000000000004 1005.1738586425782 3 -1.9612814188003538 4.5000000000000009 3.5000000000000004 1007.5124816894532 29.010269165039066 1000.6874084472657 -19.724313735961911 1.3808901906013491
decision_type=2 2 2 2 2 2 2 2 2 2 9 9 2 2 8 9 2 2 2 2 2 9 10 2 2 2 2 2 8 2
left_child=1 5 6 28 21 7 -3 8 -1 -10 -5 12 26 -7 -11 25 22 -17 -15 -16 -21 -2 -14 -13 -6 -12 -8 -28 -4 -25
right_child=4 2 3 10 24 13 11 -9 9 14 15 23 16 18 19 17 -18 -19 -20 20 -22 -23 -24 29 -26 -27 27 -29 -30 -31
leaf_value=-0.040790421777164985 0.006624195034452553 -0.023698273853213395 0.015488445467352752 -0.016942650063657406 0.047138472625675498 -0.028827072548225852 0.047941424949332456 -0.048153162772309112 -0.041917695597272236 0.074231145211144711 0.04436509900069531 -0.032059631971276675 0.038008184199894227 0.039985258984444334 -0.037581497752427105 0.0075073413213868683 -0.01456922548708601 0.033609815122231095 -0.0017039911552595467 0.021618679636367211 -0.013352941856210174 0.033821244032057038 0.01177194842055552 -0.0031937675984631056 0.069043619370751555 0.13209416233733656 0.035575377858647415 0.0024256794115169937 -0.035428393744993229 0.026603566787292851
leaf_weight=2381.7334786485881 666.5660856552422 640.59438488818705 91.865099675953388 448.07734639011323 772.46246363222599 490.60317234136164 1076.2432536259294 3357.1254281541333 656.73887282982469 67.362160298973322 464.85865259356797 204.40690238960087 650.11798517778516 230.0267630033195 263.58011340163648 1322.5107346270233 327.95228148065507 858.17193633690476 1000.3187203370035 486.9188127387315 696.65672167483717 963.77418964169919 1113.222426680848 700.51764560490847 2151.0156036019325 33.096538813784719 833.87246529944241 283.20372232422233 3231.6691014710814 410.19852521829307
leaf_count=160047 14422 28787 5362 16774 3195 23147 17373 252681 45443 2075 5894 8416 12165 3587 16491 30158 8067 13754 36365 21087 36328 15931 29458 24062 8718 626 15998 5712 200345 10018
internal_value=-0.00109627 -0.0112808 0.00353511 -0.00884681 0.0488255 -0.0308032 0.0163336 -0.0366642 -0.0281929 -0.0143743 0.017912 0.0209131 0.0267744 -0.00386386 -0.00243064 0.0237172 0.0157972 0.0176984 0.00609028 -0.00599909 0.00103426 0.0229498 0.0214449 0.00160154 0.0632557 0.0492078 0.037363 0.0271712 -0.034021 0.00781068
internal_weight=26875.5 22321.6 12690.6 6450.25 4553.82 9631.06 6240.33 7910.12 4552.99 2171.26 3126.72 5599.74 4284.61 1720.95 1514.52 2678.64 2091.29 2180.68 1230.35 1447.16 1183.58 1630.34 1763.34 1315.12 2923.48 497.955 2193.32 1117.08 3323.53 1110.72
internal_count=1072486 1030220 432969 272913 42266 597251 160056 534152 281471 121424 67206 131269 88773 63099 75981 50432 49690 43912 39952 73906 57415 30353 41623 42496 11913 6520 39083 21710 205707 34080
cat_boundaries=0 1 2 3 4
cat_threshold=139276 339052850 6832513 50640903
is_linear=0
shrinkage=0.05


Tree=18
num_leaves=31
num_cat=2
split_feature=0 11 0 0 0 0 0 4 15 0 0 11 11 3 11 7 13 13 0 2 3 7 2 5 3 15 2 7 7 2
split_gain=5078.74 2497.63 647.169 2101.55 533.537 521.249 317.38 297.486 206.689 201.592 241.246 215.649 187.907 179.034 151.435 139.877 130.61 128.012 110.448 113.183 106.895 102.229 94.5208 130.656 94.3777 91.4245 102.539 90.4554 88.4789 90.8061
threshold=47.537469863891609 0.019456315289648626 2.5052192211151127 15.533378601074221 1.0350248217582705 15.533378601074221 64.389019012451186 72.750000000000014 0 2.5052192211151127 0.54933226108551036 0.0067272184207668086 0.047115384615384621 27.749999999999993 0.0056267806267806279 2.5000000000000004 5.2310259342193612 2.8932549953460698 0.0074553845915943393 1002.3913879394532 27.749999999999993 4.5000000000000009 1004.2055053710939 -2.4143834114074703 21.75 1 997.56521606445324 6.5000000000000009 2.5000000000000004 1006.8494873046876
decision_type=2 2 2 2 2 2 2 2 9 2 2 2 2 2 2 2 2 2 2 2 2 2 2 2 2 9 2 2 2 2
left_child=1 5 4 25 7 9 -2 -3 20 10 -1 -12 -9 15 -7 -6 -10 -16 -14 -20 -5 -8 23 24 -17 26 -4 -18 -13 -30
right_child=6 2 3 8 13 14 21 12 16 -11 11 28 18 -15 17 22 27 -19 19 -21 -22 -23 -24 -25 -26 -27 -28 -29 29 -31
leaf_value=-0.042706069648464295 0.024987989068203389 -0.028552040734305058 0.051057239008132728 0.0040854667804422632 -0.026504504432488585 -0.032281669470755746 0.048262208819574853 -0.0058462629421218749 0.051581448666508649 -0.048422826730363661 -0.040106316069647173 -0.033903565626794925 -0.030385235968634197 -0.012164055373482693 0.044387963296502846 0.049497350042491416 0.008404609022413502 -0.003730867337509085 0.034620923091969354 0.0063821911778287506 -0.040219934617774795 0.067648691310832912 0.01896329328032299 0.13001120283905224 0.027974639734579362 -0.038482891336156642 -0.022594365191755436 0.02675712539788512 0.015950425129285878 -0.015185042485519676
leaf_weight=2011.7366675110534 796.86946733668447 709.61905539687723 52.467571444809437 823.25182102806866 99.413254544138908 416.50197478942573 1071.0029941499233 1396.3221666626632 357.32382701896131 2785.0253014080226 673.7266962453723 209.73746110964566 104.08592357859015 251.01599323377013 159.86101408861578 923.64013859257102 1112.006510367617 1020.8184721656144 856.47406934201717 605.83456248790026 163.11326124705374 1862.6965768635273 780.35404588095844 38.997424824163318 1135.5664848126471 3107.9986131489277 475.84939781203866 1694.5046376958489 522.23550462070853 424.55115774273872
leaf_count=143233 12307 31561 3113 25413 3742 19467 4399 55987 5413 220833 48526 13650 3819 7162 2379 15365 24260 36784 16113 13512 7023 7591 20968 773 20271 205136 29412 27483 23430 23162
internal_value=-0.00113031 -0.00993908 0.00241385 -0.00746701 0.0135621 -0.0320005 0.0529705 0.000525949 0.0168475 -0.0381802 -0.0307554 -0.0176197 0.0074906 0.0283881 -0.00635996 0.0318062 0.0230375 0.0027843 0.0193794 0.0229216 -0.0032087 0.0605713 0.0338201 0.0393455 0.0376285 -0.0352176 -0.0149961 0.0194854 -0.00452027 0.00198889
internal_weight=26642.6 22912 14687.8 7786.52 6901.32 8224.19 3730.57 3672.34 4150.2 6627.01 3841.99 1830.25 2962.72 3228.99 1597.18 2977.97 3163.83 1180.68 1566.39 1462.31 986.365 2933.7 2878.56 2098.2 2059.21 3636.32 528.317 2806.51 1156.52 946.787
internal_count=1072287 1047990 516526 327253 189273 531464 24297 120992 89592 472834 252001 108768 89431 68281 58630 61119 57156 39163 33444 29625 32436 11990 57377 36409 35636 237661 32525 51743 60242 46592
cat_boundaries=0 1 2
cat_threshold=302391308 17826944
is_linear=0
shrinkage=0.05


Tree=19
num_leaves=31
num_cat=5
split_feature=0 11 0 11 0 0 0 15 0 0 0 9 11 0 9 11 13 6 13 7 7 15 3 0 3 0 15 15 15 6
split_gain=4524.58 2404.93 665.636 571.394 521.451 1195.6 425.891 231.556 210.21 538.401 208.169 254.339 157.478 151.724 148.46 141.113 118.63 113.799 106.448 103.756 101.339 99.215 88.5329 85.3371 81.5607 95.987 80.0788 78.6118 77.4458 92.2713
threshold=64.389019012451186 0.019456315289648626 15.533378601074221 0.059747823860727092 15.533378601074221 2.5052192211151127 0.30071853101253515 0 2.5052192211151127 15.533378601074221 2.5052192211151127 -2.4506504535675044 0.0054659498207885312 0.54933226108551036 -3.2645375728607173 0.0093887192212254254 2.8932549953460698 2.8938932418823247 5.1231706142425546 2.5000000000000004 4.5000000000000009 1 23.250000000000004 93.227191925048842 27.749999999999993 1.0350248217582705 2 3 4 5.8369121551513681
decision_type=2 2 2 2 2 2 2 9 2 2 2 8 2 2 8 2 2 2 2 2 2 9 2 2 2 2 9 9 9 2
left_child=1 2 10 4 5 6 -3 -6 17 27 11 -1 -4 -13 -8 -15 -14 -5 -9 -16 23 -21 -19 -2 25 -23 -11 -10 -24 -30
right_child=20 3 12 8 7 -7 14 18 9 26 -12 13 16 15 19 -17 -18 22 -20 21 -22 24 28 -25 -26 -27 -28 -29 29 -31
leaf_value=0.017757971695750715 0.055122894930297123 -0.021430538970406147 -0.029621341179515665 0.049142728604279019 -0.0057833449541068735 -0.039489616260586613 0.041426657499600596 0.047491175880071367 -0.0034538542905065404 0.045080219532862453 -0.048360567137366785 -0.043187727478575327 0.042737665284543404 -0.037575299850813565 -0.032236816761859861 -0.0076602218444615528 -0.0004790102991664911 0.02827133376784622 0.017693926396065169 0.033989551637608251 0.064816285511445179 -0.0020116483280904203 -0.0022004258209571185 0.024752293517206821 -0.018018346461429961 0.021803258724993235 0.017646017290088949 -0.032117368008057263 0.067004754239465697 0.0056389037688104604
leaf_weight=258.95044207945466 728.7469134926796 1141.6018828228116 420.08162420243025 435.64992486126721 1065.6604974847287 2456.5681954640895 436.14019831828773 366.89686700515449 388.32856241520494 337.97626886889338 2657.4473204584792 1885.5104058180004 184.15793246217072 765.78064534906298 138.4166272347793 812.43890625983477 1152.9131633862853 1592.9261093363166 1637.1643150951713 423.63738986104727 1856.7723254710436 745.79369454830885 576.1183584947139 338.84307715296745 270.78712356835604 977.90889074653387 1428.5538711566478 666.14853887632489 107.12209273688495 143.06940209306777
leaf_count=11608 2946 55857 19144 6835 30441 172620 7697 5044 22711 4093 220904 141028 2658 56822 5908 42188 39442 25848 32443 9686 7627 25121 13249 1435 9282 26760 26741 42082 1158 2172
internal_value=-0.000888792 -0.00819508 -0.0301662 0.00346246 -0.00393514 -0.011863 0.00455264 0.0130863 0.0160534 0.00637351 -0.037671 -0.0300403 -0.00291674 -0.0336137 0.0144643 -0.0221756 0.00547332 0.0256185 0.0230342 0.00986458 0.0577585 0.0122745 0.0213823 0.0454836 0.00745436 0.0114993 0.0232499 -0.0218989 0.00810197 0.0306868
internal_weight=26398.1 23473.7 8137.28 15336.5 9660.58 6590.85 4134.29 3069.72 5675.89 2821.01 6380.13 3722.68 1757.15 3463.73 2992.68 1578.22 1337.07 2854.89 2004.06 2556.54 2924.36 2418.13 2419.24 1067.59 1994.49 1723.7 1766.53 1054.48 826.31 250.191
internal_count=1071550 1059542 533794 525748 380859 312931 140311 67928 144889 95627 472550 251646 61244 240038 84454 99010 42100 49262 37487 76757 12008 70849 42427 4381 61163 51881 30834 64793 16579 3330
cat_boundaries=0 1 2 3 4 5
cat_threshold=34383916 286263552 38277521 34603426 306217344
is_linear=0
shrinkage=0.05


Tree=20
num_leaves=31
num_cat=5
split_feature=0 11 0 0 0 0 0 0 0 9 11 15 11 15 9 8 9 7 15 9 10 15 7 2 2 11 13 1 15 0
split_gain=4081.39 2199.42 636.21 470.493 1612.64 419.39 290.536 282.821 278.101 208.383 204.161 179.073 151.944 131.196 129.329 113.224 104.031 100.926 99.7815 103.73 99.1376 96.983 93.5939 92.4027 89.4606 89.0766 74.6826 69.957 68.0723 66.3488
threshold=47.537469863891609 0.023777521761392733 15.533378601074221 2.5052192211151127 15.533378601074221 0.052361298352479942 2.5052192211151127 64.389019012451186 0.79915687441825878 -0.42593789100646967 0.0061106133014735171 0 0.0056267806267806279 1 -5.8290898799896231 9.5000000000000018 -4.3763375282287589 2.5000000000000004 2 -19.724313735961911 -0.62660217285156239 3 2.5000000000000004 1006.7943420410157 1002.272918701172 0.014614898989898992 5.3145437240600595 17.232894897460941 4 1.1680889725685122
decision_type=2 2 2 2 2 2 2 2 2 10 2 9 2 9 8 2 8 2 9 8 10 9 2 2 2 2 2 2 9 2
left_child=1 2 6 5 18 -3 8 -2 25 16 -10 27 -4 24 -12 21 -7 -16 19 -5 26 -14 -9 28 -11 -1 -13 -6 -19 -26
right_child=7 3 12 4 11 9 -8 22 10 13 14 20 15 -15 17 -17 -18 23 -20 -21 -22 -23 -24 -25 29 -27 -28 -29 -30 -31
leaf_value=-0.044015228372214388 0.021676148096338842 -0.024846530355544291 -0.030521886048653031 0.041148212713168153 -0.042402599788924772 0.044258847142667194 -0.04774919668799156 0.035251306113886473 -0.039055644046535526 0.022878933847966455 0.069104884942614575 0.063831209355477939 0.014543379797957915 -0.013748730966380397 -0.036119370418514152 0.094167087266981156 0.021457207289979588 -0.009382457665496946 -0.043315673947044504 -0.026786353172469076 0.013690487550792852 -0.010968455649394228 0.059083811598821034 -0.014394307670838741 -0.0083833115228016519 -0.023154228715525353 0.026874885007414896 -0.00064541623446137827 0.029709187196383213 0.017298784600002608
leaf_weight=1699.4801855655387 820.59184246882796 656.95431256573647 394.61301980540156 58.118083133362234 125.1925387904048 618.22312861867249 2865.4006118196994 498.27944429218769 469.15679916087538 1084.6809793133289 63.908119199797511 156.87745841220021 760.87795918062329 588.56735867168754 200.96659340150654 34.275671288371086 2621.0172892510891 161.99278977233917 1314.4667077632621 1694.2772474195808 2090.3194748479873 711.45683063752949 2377.8272791802883 416.70093603990972 603.05436715297401 732.18599363416433 1063.0815485492349 504.48535067215562 338.92845102958381 431.37778996117413
leaf_count=133302 12290 31660 19528 3440 5677 8330 248085 2056 36154 24703 1807 1448 20972 20534 13592 464 53338 6873 95386 111327 39592 27377 9829 22687 17550 45840 16229 16698 14729 10138
internal_value=-0.00111579 -0.0091284 -0.028532 0.00348822 -0.00553674 0.0130639 -0.0355444 0.0475677 -0.0269798 0.0172518 -0.0111471 0.0156264 -0.00290276 0.00701468 -7.43169e-05 0.00433127 0.025809 -0.00402672 -0.0327247 -0.0243941 0.0202397 0.00223991 0.0549549 0.00300183 0.0127861 -0.0377339 0.0316272 -0.0088077 0.0174731 0.00232661
internal_weight=26157.3 22460.6 8849.94 13610.7 7006.82 6603.88 6948.72 3696.7 4083.32 5946.92 1651.65 3939.96 1901.22 2707.68 1182.5 1506.61 3239.24 1118.59 3066.86 1752.4 3310.28 1472.33 2876.11 917.622 2119.11 2431.67 1219.96 629.678 500.921 1034.43
internal_count=1071635 1047460 591410 456050 289797 166253 523069 24175 274984 134593 95842 79644 68341 72925 59688 48813 61668 57881 210153 114767 57269 48349 11885 44289 52391 179142 17677 22375 21602 27688
cat_boundaries=0 1 2 3 4 5
cat_threshold=270348 342984994 3769010 158353307 505717644
is_linear=0
shrinkage=0.05


Tree=21
num_leaves=31
num_cat=1
split_feature=0 11 0 0 0 0 0 0 0 9 12 11 15 9 3 7 11 7 13 9 9 3 9 11 6 4 7 4 4 3
split_gain=3760.61 2075.89 546.414 1560.03 442.897 408.753 396.759 210.938 227.668 197.976 189.719 189.135 164.232 138.441 132.651 124.038 117.157 112.479 100.642 96.7935 96.019 91.1955 80.6604 78.139 72.1424 68.2659 67.622 65.923 62.46 61.1097
threshold=38.738130569458015 0.019456315289648626 2.5052192211151127 15.533378601074221 64.389019012451186 0.078953903168439879 15.533378601074221 2.5052192211151127 0.54933226108551036 -0.42593789100646967 0.12182933553901297 0.0059912854030501105 0 0.48038834333419805 27.749999999999993 5.5000000000000009 0.0051761831275720172 2.5000000000000004 2.8932549953460698 -2.9258446693420406 -19.724313735961911 27.749999999999993 -7.6540274620056143 0.078370554177005808 1.0000000180025095e-35 80.250000000000014 3.5000000000000004 72.750000000000014 72.750000000000014 15.749999999999996
decision_type=2 2 2 2 2 2 2 2 2 10 2 2 9 10 2 2 2 2 2 8 8 2 8 2 2 2 2 2 2 2
left_child=1 6 5 20 -2 27 7 8 -1 14 12 -10 -5 15 22 -11 -8 -6 -18 -13 -4 26 -7 28 -12 -17 -14 -3 -22 -24
right_child=4 2 3 10 17 9 16 -9 11 13 24 19 21 -15 -16 25 18 -19 -20 -21 23 -23 29 -25 -26 -27 -28 -29 -30 -31
leaf_value=-0.041461178375515099 0.019186825058440729 -0.044358173724733135 0.016403846425894191 0.033955927826083317 0.031308475869943696 0.049630483101700137 -0.035464410589519817 -0.048096401252174438 -0.040032360915200418 -0.015952940821793177 -0.00064745834289251555 0.034024059803237798 -0.016721863522540677 0.025581530498321983 -0.0087307178481595693 0.0014145999113876881 0.035597518612154065 0.057482071519812487 -0.0063049792929376139 -0.0099634945737179896 -0.0096295312541347169 -0.035137763009117119 -0.002169804299842325 -0.013540375030285932 0.033582497409259275 0.025357221983193998 0.007386143581544268 -0.012819506863785191 -0.039613285889198033 0.026123400375175156
leaf_weight=1779.114251980558 1464.8936598449945 228.70782481506467 94.383843860588968 412.71117760054767 496.07685422897339 346.10338180884719 295.12191710062325 2413.5313255721703 556.02917578537017 786.89247530791909 177.90626700781286 142.25139675568789 357.45908906497061 691.89412467926741 285.58140184171498 951.36174272373319 168.16204432584345 2378.7424727231264 969.16309077199548 1034.9776526773348 185.94009686075151 171.71411288529634 205.95030392799526 381.94764137547463 1142.0738592613488 433.31406715326011 1561.5557135213166 601.30219634156674 2635.9608664521948 2602.4336584024131
leaf_count=142884 24760 13361 5813 6298 2045 4023 15916 220384 44702 26703 3789 4946 12386 15983 8260 29001 2457 9922 36613 58880 12832 6855 6502 24255 15967 8873 35124 28391 195343 48401
internal_value=-0.000911845 -0.00944031 0.0016927 -0.0081046 0.0415634 0.0114737 -0.0310081 -0.0367163 -0.0288965 0.0158168 0.0136304 -0.0159995 0.00554293 0.00610446 0.0239011 -0.000101223 -0.00739345 0.0529656 -0.000109381 -0.00464822 -0.0333006 -0.000227139 0.0268553 -0.0347648 0.028969 0.00890709 0.00289549 -0.0215099 -0.0376376 0.0240485
internal_weight=25953.3 21613.5 14255.2 7121.65 4339.71 7133.54 7358.35 5925.9 3512.37 6303.53 3823.42 1733.26 2503.44 2863.46 3440.07 2171.57 1432.45 2874.82 1137.33 1177.23 3298.23 2090.73 3154.49 3203.85 1319.98 1384.68 1919.01 830.01 2821.9 2808.38
internal_count=1071669 1034942 508160 318662 36727 189498 526782 471796 251412 147746 80419 108528 60663 80560 67186 64577 54986 11967 39070 63826 238243 54365 58926 232430 19756 37874 47510 41752 208175 54903
cat_boundaries=0 1
cat_threshold=16513
is_linear=0
shrinkage=0.05


Tree=22
num_leaves=31
num_cat=0
split_feature=0 11 0 2 11 0 0 0 0 0 11 6 11 0 0 9 7 13 0 0 13 7 8 6 8 2 4 6 7 13
split_gain=3485.63 1916.14 571.504 411.075 296.14 234.22 250.417 228.945 695.43 291.046 217.971 156.217 131.152 130.293 254.972 122.811 110.51 109.521 107.109 314.294 103.422 101.345 99.9665 98.3989 132.964 112.064 92.1712 91.5685 90.0452 88.8632
threshold=64.389019012451186 0.019456315289648626 15.533378601074221 1004.9467163085939 0.059747823860727092 2.5052192211151127 0.48157300055027014 15.533378601074221 2.5052192211151127 0.30071853101253515 0.0059912854030501105 -4.8906784057617179 0.0028256704980842919 15.533378601074221 2.5052192211151127 -1.0932811498641966 2.5000000000000004 6.3314363956451425 2.5052192211151127 15.533378601074221 4.3444221019744882 3.5000000000000004 7.5000000000000009 6.1314916610717782 8.5000000000000018 1000.0948791503907 74.250000000000014 2.8938932418823247 4.5000000000000009 2.663575410842896
decision_type=2 2 2 2 2 2 2 2 2 2 2 2 2 2 2 10 2 2 2 2 2 2 2 2 2 2 2 2 2 2
left_child=1 2 5 4 7 6 -1 8 9 -3 -8 -5 -4 14 15 -13 -11 -15 27 22 -9 -2 -20 24 25 26 -18 -6 -12 -14
right_child=21 3 12 11 18 -7 10 20 -10 16 28 13 29 17 -16 -17 23 -19 19 -21 -22 -23 -24 -25 -26 -27 -28 -29 -30 -31
leaf_value=-0.041694847180818645 0.036058276813787211 -0.017883692192132809 -0.039783263624953852 -0.035986641022667097 0.04793417050043302 -0.04808641199086576 -0.040221348845273647 0.053402859603856469 -0.036201669683018051 -0.028129515406006285 -0.01906210597995105 0.015547858181290709 0.035341559347813557 0.036140406352336306 -0.037933307590936098 -0.014419818856053529 -0.0057244310285407352 -0.0022108806167735278 -0.031910421224970016 0.021422711414026407 0.010490811337951 0.057136626287655534 0.0027353452612058874 0.0055359375275507213 0.067509930266521953 0.0096190795677082441 0.055662677632933179 0.019787916565781286 0.0084906369700389409 -0.0023236946137239838
leaf_weight=1624.2987171951681 788.7263819873333 850.96427074819803 213.68239515647292 567.73350974638015 330.42129039205611 2307.1298803202808 567.63184629939497 150.73879994265735 1349.5195772657171 130.02105168160051 500.9567532716319 592.15517126303166 177.0778060304001 251.71685845404863 746.4211542904377 808.88329849671572 76.585270272567868 714.74231981113553 455.75660216715187 1670.8859726414084 2049.0056645721197 2058.7692057192326 383.32240835856646 789.20582026056945 182.50309292320162 707.00709724146873 303.35406422056258 2303.1442689355463 726.66860992647707 1353.8604783741757
leaf_count=136231 3244 43571 11000 33807 4117 220809 47642 1482 102800 5270 31752 15734 2936 5471 58952 29922 2295 17255 30968 26942 40635 8710 23809 20759 3775 16123 4912 37427 36084 47438
internal_value=-0.00087103 -0.00736214 -0.0281431 0.00271052 0.00728455 -0.0357758 -0.02747 0.000265986 -0.0063322 0.00692904 -0.0145998 -0.0118657 -0.00308877 -0.00746792 -0.0143292 -0.00175385 0.0165763 0.00777781 0.0162754 0.0088846 0.0134314 0.0512981 -0.016083 0.0193999 0.0280189 0.0213882 0.0432887 0.0233193 -0.0027528 0.0020329
internal_weight=25732.9 22885.4 7471.31 15414.1 11732.4 5726.69 3419.56 6588.9 4389.16 3039.64 1795.26 3681.65 1744.62 3113.92 2147.46 1401.04 2188.68 966.459 5143.53 2509.96 2199.74 2847.5 839.079 2058.66 1269.45 1086.95 379.939 2633.57 1227.63 1530.94
internal_count=1071872 1059918 533892 526026 364885 472518 251709 241622 199505 96705 115478 161141 61374 127334 104608 45656 53134 22726 123263 81719 42117 11954 54777 47864 27105 23330 7207 41544 67836 50374
is_linear=0
shrinkage=0.05


Tree=23
num_leaves=31
num_cat=3
split_feature=0 11 11 0 0 0 0 2 0 0 0 15 0 0 9 11 15 3 15 6 3 9 13 12 8 5 8 9 9 5
split_gain=3129.95 1901.6 481.207 358.749 843.336 353.71 302.864 232.517 226.298 163.846 424.624 128.95 125.141 163.596 124.047 118.755 111.985 111.221 106.911 97.5655 94.0732 82.7084 82.0152 77.8036 76.3826 75.4531 73.9448 73.0352 71.9171 70.8225
threshold=47.537469863891609 0.016335814722911502 0.049415406436279306 15.533378601074221 2.5052192211151127 15.533378601074221 0.26655103266239172 1005.739715576172 64.389019012451186 2.5052192211151127 15.533378601074221 0 2.5052192211151127 0.79915687441825878 -0.42593789100646967 0.0074618736383442281 1 23.250000000000004 2 2.9278659820556645 27.749999999999993 -7.6540274620056143 10.840909957885744 0.20778441988119409 7.5000000000000009 -4.8303039073944083 7.5000000000000009 0.62286433577537548 -5.8290898799896231 85.954242706298842
decision_type=2 2 2 2 2 2 2 2 2 2 2 9 2 2 10 2 9 2 9 2 2 8 2 2 2 2 2 10 8 2
left_child=1 5 3 4 6 12 23 9 -2 17 26 -5 13 -1 20 -15 -7 -4 29 22 21 -8 -19 -3 -13 -21 -11 -16 -17 -10
right_child=8 2 7 11 -6 16 14 -9 18 10 -12 24 -14 15 27 28 -18 19 -20 25 -22 -23 -24 -25 -26 -27 -28 -29 -30 -31
leaf_value=-0.041649081720993852 0.019243562440152576 -0.030077240160010468 0.027352653087981654 0.021795403630457941 -0.039298955581268807 0.0052747696730709474 0.05784437589534791 -0.016993849246095698 0.045180807945017623 -0.032161897142797206 0.01890149371095769 -0.013608106044016424 -0.048404872994586345 -0.035712485535252442 -0.0087547586708059486 0.070526712573954917 -0.02425843836175607 0.13876141573813924 0.057153888412503163 -0.0047439938531916017 -0.013359010735051158 0.018281641425858274 0.024675352548592405 0.0034814621879109935 0.009449353200921112 0.021803111746575288 -0.0063761512518645163 0.018290871606324803 -0.0065439661919666188 0.019335182377244589
leaf_weight=1669.0193887138739 850.79970970749855 839.40077609010041 2263.5762981325388 1080.6625886335969 2093.5283306576312 672.90255776885897 148.62265226431191 697.93377837818116 753.38506875932217 575.81093166489154 1974.8817519750446 656.39637260977179 1902.7668414236978 476.6366403568536 1104.4947497164831 31.876898298040032 601.93374619353563 25.044352456927299 1655.4086045473814 718.60849603638053 209.45242691785097 1188.6007829457521 42.462920987978578 217.45893480535597 793.24019722733647 426.52850187383592 537.6103724045679 322.50668512564152 599.97022565361112 408.92262694239616
leaf_count=144675 12262 49462 34271 17191 176641 23333 2107 27525 3183 40878 33431 20183 191892 40629 42181 983 27022 373 7056 16750 6805 30926 561 11927 21565 7207 34954 9837 34395 1702
internal_value=-0.000895765 -0.00806424 0.000953597 -0.00701042 -0.013554 -0.0321671 -0.000181604 0.010444 0.0418431 0.0133611 0.00498046 0.00882691 -0.0385269 -0.0317598 0.00798938 -0.0168698 -0.0088187 0.0208066 0.048667 0.00858747 0.0177985 0.0226788 0.0669999 -0.0231722 -0.000984289 0.00514399 -0.0197114 -0.00264236 -0.00265572 0.03578
internal_weight=25540.4 21871.9 15916.8 8654.36 6124.07 5955.11 4030.54 7262.46 3668.52 6564.52 3088.3 2530.3 4680.27 2777.5 2973.68 1108.48 1274.84 3476.22 2817.72 1212.64 1546.68 1337.22 67.5073 1056.86 1449.64 1145.14 1113.42 1427 631.847 1162.31
internal_count=1071907 1047704 584775 388825 329886 462929 153245 195950 24203 168425 109263 58939 412574 220682 91856 76007 50355 59162 11941 24891 39838 33033 934 61389 41748 23957 75832 52018 35378 4885
cat_boundaries=0 1 2 3
cat_threshold=224412547 32610179 2836252
is_linear=0
shrinkage=0.05


Tree=24
num_leaves=31
num_cat=0
split_feature=0 11 0 0 0 0 0 2 8 7 7 0 0 6 11 6 11 7 11 9 13 8 0 2 8 1 2 5 10 9
split_gain=2856.56 1744.41 457.135 1341.51 438.09 387.555 278.147 215.348 214.457 188.966 151.013 128.417 164.809 113.217 109.281 105.646 98.7241 94.3598 90.8156 79.4873 76.4606 75.0102 73.6148 72.1105 87.7439 72.2399 121.712 80.5469 71.2084 65.1045
threshold=36.54767036437989 0.016335814722911502 2.5052192211151127 15.533378601074221 0.052361298352479942 64.389019012451186 15.533378601074221 1006.6261596679689 9.5000000000000018 5.5000000000000009 5.5000000000000009 2.5052192211151127 0.82475242018699657 -0.13863468170166013 0.0059912854030501105 5.9812517166137704 0.064900153609831049 3.5000000000000004 0.0051761831275720172 -0.72493982315063465 2.6939234733581547 7.5000000000000009 1.0040581822395327 998.44796752929699 7.5000000000000009 24.491806030273441 1003.6290283203126 -2.4703916311264034 -0.56434631347656239 -6.3437910079956046
decision_type=2 2 2 2 2 2 2 2 2 2 2 2 2 2 2 2 2 2 2 10 2 2 2 2 2 2 2 2 10 8
left_child=1 6 4 16 -3 -2 11 8 10 -5 22 12 -1 -11 -14 23 -4 -7 -8 -9 -20 -18 -6 -12 -25 27 -27 -26 -15 -16
right_child=5 2 3 9 7 17 18 19 -10 13 15 -13 14 28 29 -17 21 -19 20 -21 -22 -23 -24 24 25 26 -28 -29 -30 -31
leaf_value=-0.040952223394493663 0.016691956684544554 -0.026156996822620855 -0.037136209411268759 -0.0062744304048021962 -0.0093328163162835747 0.031944929442675407 -0.03545751361956339 0.0049924887076133956 0.20946047021735825 -0.0054127468157849686 0.047891902738340479 -0.048141458808037413 -0.036830675780457817 0.03153670131844491 0.067075799520561627 0.010113142784242794 -0.030727088901086493 0.052529595220843772 0.039042673710431533 -0.024480619984549597 -0.0075094934856048947 0.0014157027422634293 0.011806744366485808 0.012466692353500399 0.046865757716280487 0.037653242170848117 0.0029820390488476457 0.17025937998194024 0.014194317936895988 -0.0069980327588907562
leaf_weight=1629.8945549875498 1724.5310178194195 812.3421630654484 2547.843151172623 1177.1818305514753 718.58253841660917 768.85561180114746 267.30456625856459 449.47340978402644 14.289946865290402 452.21925620920956 336.53314490336925 1814.8959035556763 389.21521065104753 1060.8773105386645 31.08234051335603 1605.0196739472449 405.05756244249642 2017.7955701202154 99.901643175631762 465.8719586879015 753.43139721825719 328.87730678543448 964.70586788933724 1076.9198155337945 310.28052509669214 708.88797824364156 393.70872843638062 13.814034247770904 1338.9778510518372 649.80898487567902
leaf_count=146712 29140 46484 216501 33731 24749 3176 15501 14587 390 12355 5022 191910 34858 14712 911 41470 29556 8755 1323 20944 29536 20245 23398 19656 5196 9819 8482 256 23991 38764
internal_value=-0.000749338 -0.00856609 0.000252435 -0.0087497 0.00861473 0.0353213 -0.0323221 0.0126167 0.0159881 0.0105798 0.015537 -0.0378563 -0.0309427 0.0175363 -0.0156971 0.0203669 -0.0324817 0.0468501 -0.0100259 -0.0100081 -0.00205953 -0.0163239 0.00278243 0.0261615 0.0232405 0.0313729 0.0252731 0.0521252 0.0218607 -0.0036166
internal_weight=25328.2 20817 15181.5 7311.03 7870.43 4511.18 5635.53 7058.09 6142.74 4029.26 6128.45 4514.9 2700 2852.07 1070.11 4445.16 3281.78 2786.65 1120.64 915.345 853.333 733.935 1683.29 2840.14 2503.61 1426.69 1102.6 324.095 2399.86 680.891
internal_count=1072130 1031059 571544 351091 220453 41071 459515 173969 138438 84789 138048 413155 221245 51058 74533 89901 266302 11931 46360 35531 30859 49801 48147 48431 43409 23753 18301 5452 38703 39675
is_linear=0
shrinkage=0.05


Tree=25
num_leaves=31
num_cat=7
split_feature=5 11 7 5 2 5 6 1 11 15 15 11 15 15 2 11 5 5 4 15 15 5 5 15 8 2 5 5 14 7
split_gain=2521.02 1556.88 432.367 390.505 341.834 209.493 161.731 156.79 111.094 109.139 107.141 106.59 93.5291 80.5999 91.6571 105.863 91.165 82.471 81.6909 78.6729 74.9764 74.1517 72.7101 71.9213 79.987 128.549 78.9489 172.658 87.1441 67.6133
threshold=26.218592643737797 0.016335814722911502 3.5000000000000004 57.328527450561531 1004.7211303710939 8.1477231979370135 8.697390556335451 18.884536743164066 0.0074618736383442281 0 1 0.067898745519713269 2 3 1011.9603576660157 0.030414030414030419 -4.0977611541748038 8.3733782768249529 83.250000000000014 4 5 -1.4203674793243406 -1.8472970128059385 6 7.5000000000000009 1000.228240966797 9.3773798942565936 -1.7809163331985471 1.5477830171585085 5.5000000000000009
decision_type=2 2 2 2 2 2 2 2 2 9 9 2 9 9 2 2 2 2 2 9 9 2 2 9 2 2 2 2 2 2
left_child=1 5 12 19 6 8 11 -6 -1 -7 29 23 -3 14 17 -16 -15 22 -17 -2 -13 -10 -9 24 25 -4 27 -25 -28 -5
right_child=3 2 4 10 7 9 -8 13 21 -11 -12 20 -14 16 15 18 -18 -19 -20 -21 -22 -23 -24 26 -26 -27 28 -29 -30 -31
leaf_value=-0.045078160869059233 0.0063137822329699805 0.010727779831035227 0.016446452729150372 0.018465979273690526 -0.035847138115794257 0.0021389089680268606 -0.013859962240920591 0.0067215282594612034 -0.023207797923459283 -0.029164711103209447 0.052174245209258611 0.026276749622195408 -0.029759882080999431 0.0057744259320656605 -0.0060951144970084799 0.075837493259355154 -0.017589211372934292 0.024039650186347804 0.33797392740193755 0.02560425874155365 0.010561226515317714 -0.043614675501899743 -0.030639500913227969 0.00319090004816509 0.01821261426810716 -0.0090679304552694195 -0.017697315318719362 -0.034863442548745099 0.021096259239397668 0.042660372619246878
leaf_weight=2056.3458290984854 1171.9182403655723 159.26092956215143 934.95397384744138 546.61385544389486 524.9283754825592 606.61418204847723 814.50868821516633 331.63589695654809 1588.6858969982713 507.99316710513085 1618.6087962016463 1234.1276400666684 1351.220040474087 564.98805802222341 11.089757895097138 5.8652925416827184 1599.7645880803466 319.29833586141467 6.0251293443143368 987.59298897441477 2087.2157338419929 618.43952695839107 214.42600193154067 903.19684112165123 1523.4968617158011 1045.955229354091 196.40237723384053 444.88998934067786 550.58690163679421 612.14821851998568
leaf_count=212281 24319 7602 30501 2340 34385 24696 39285 13931 124204 27857 7196 25273 78420 17747 711 241 73596 8592 264 14378 52292 67068 18804 25821 47966 37890 5008 36771 9817 2721
internal_value=-0.000798754 -0.00862613 -0.00026558 0.0312312 0.00261069 -0.0316707 0.00746783 -0.0106049 -0.0367164 -0.0123705 0.0436311 0.00941514 -0.025617 -0.00626497 0.0063991 0.105028 -0.0114386 0.0038539 0.208668 0.0152836 0.0165116 -0.0289258 -0.00794929 0.00520584 0.00957171 0.00297441 -0.0021324 -0.00936764 0.0108964 0.03098
internal_weight=25138.8 20201.9 14823.8 4936.88 13313.4 5378.08 9735.33 3578.02 4263.47 1114.61 2777.37 8920.83 1510.48 3053.09 888.34 22.9802 2164.75 865.36 11.8904 2159.51 3321.34 2207.13 546.062 5599.48 3504.41 1980.91 2095.08 1348.09 746.989 1158.76
internal_count=1071977 1021023 564917 50954 478895 456106 310624 168271 403553 52553 12257 271339 86022 133886 42543 1216 91343 41327 505 38697 77565 191272 32735 193774 116357 68391 77417 62592 14825 5061
cat_boundaries=0 1 2 3 4 5 6 7
cat_threshold=166827905 2836252 2 253775669 321173551 35133730 22125698
is_linear=0
shrinkage=0.05


Tree=26
num_leaves=31
num_cat=0
split_feature=0 11 11 0 0 0 0 2 3 5 0 4 2 8 0 7 3 14 0 0 8 7 7 4 5 11 5 4 4 8
split_gain=2338.57 1561.11 421.475 396.22 635.365 326.113 275.41 181.694 129.882 120.554 206.285 131.545 116.725 114.615 103.215 98.0816 97.5428 99.3141 91.6546 133.445 91.2628 90.8949 90.735 89.185 86.9766 84.7154 83.2237 80.4173 78.8802 76.4121
threshold=64.389019012451186 0.014066951566951568 0.043033154121863808 15.533378601074221 2.5052192211151127 15.533378601074221 0.37582892179489141 1004.665496826172 21.75 12.145058631896974 2.5052192211151127 77.250000000000014 1006.7943420410157 9.5000000000000018 15.533378601074221 1.5000000000000002 11.249999999999995 1.7775442600250246 2.5052192211151127 0.85421219468116771 7.5000000000000009 3.5000000000000004 2.5000000000000004 71.250000000000014 -4.140293836593627 0.0028256704980842919 9.6351442337036151 72.750000000000014 72.750000000000014 8.5000000000000018
decision_type=2 2 2 2 2 2 2 2 2 2 2 2 2 2 2 2 2 2 2 2 2 2 2 2 2 2 2 2 2 2
left_child=1 5 3 4 6 18 28 8 20 10 23 -12 13 22 -13 -2 26 27 19 -1 -4 -21 -8 -10 -9 -7 -5 -18 -3 -26
right_child=15 2 7 16 -6 25 12 24 9 -11 11 14 -14 -15 -16 -17 17 -19 -20 21 -22 -23 -24 -25 29 -27 -28 -29 -30 -31
leaf_value=-0.042140310615367021 0.011632161535147583 -0.044271399690696295 0.0095444750870814013 0.19182104995339733 -0.039625045907476356 -0.038526024742382245 -0.024571929479710791 0.01370315279776985 -0.013430390171674605 0.017285526179170226 0.017182041635758965 -0.037825479745414496 -0.013255483569627037 0.16124118748569677 -0.0016571420809827907 0.045546456132227485 0.03436089236879411 0.021754206933859183 -0.048393797926671082 -0.035326324347409385 0.028043781865997819 -0.0022528190684693861 0.014462796763452503 0.013847174972830828 -0.022686585874467653 -0.0026378779642329819 0.039209481296147534 -0.0036742356469012653 -0.015353327646719796 0.0040246950508724963
leaf_weight=1335.1816667346284 233.10521322488785 323.34715253394097 1195.5388884712011 9.6450011897832137 1808.4995096269995 197.42836625128984 162.98888451699167 369.62882707547396 356.19896394200623 1658.5591557677835 225.88161217421293 582.93073355592787 597.1572621660307 12.79441386181861 298.14058388769627 2495.0432852059603 152.34495084546506 719.9965397529304 1490.291735692881 369.6622648825869 1507.1409974936396 474.25938457250595 1718.8142627337947 1887.6555208079517 821.9034525975585 984.03856086637825 121.06544321030378 1582.8678812421858 871.09361155331135 397.09562496002764
leaf_count=132046 963 22929 29629 324 173110 11044 8044 8631 10296 25283 11657 44797 26603 271 5727 10970 2072 13359 172618 32969 31722 32189 50068 33427 33792 35163 3295 41658 53001 14153
internal_value=-0.00104081 -0.00640203 0.000597433 -0.00775571 -0.0153511 -0.031482 -0.00344201 0.00785482 0.0110266 0.00626053 0.000803453 -0.0168594 0.00602037 0.0120959 -0.0255867 0.0426487 0.00838342 0.00614279 -0.0388383 -0.0323033 0.0198606 -0.01674 0.0110819 0.00951702 -0.00754293 -0.00863495 0.0504705 -0.000334899 -0.0231817 -0.0139852
internal_weight=24960.3 22232.2 17381.3 8080.61 5494.7 4850.86 3686.2 9300.67 7712.05 5009.37 3350.81 1106.95 2491.75 1894.6 881.071 2728.15 2585.92 2455.21 3669.4 2179.1 2702.68 843.922 1881.8 2243.85 1588.63 1181.47 130.71 1735.21 1194.44 1219
internal_count=1071810 1059877 643848 394734 334026 416029 160916 249114 192538 131187 105904 62181 84986 58383 50524 11933 60708 57089 369822 197204 61351 65158 58112 43723 56576 46207 3619 43730 75930 47945
is_linear=0
shrinkage=0.05


Tree=27
num_leaves=31
num_cat=5
split_feature=0 11 11 0 0 0 0 2 15 3 15 15 5 0 15 0 5 8 6 15 8 2 12 3 2 3 8 0 5 13
split_gain=2184.98 1423.62 394.485 385.72 600.045 287.315 244.559 177.564 129.071 119.23 107.794 106.879 100.217 208.753 97.464 97.2449 104.972 103.275 86.0198 140.705 83.6944 93.211 82.5947 115.323 79.4941 90.6572 81.0567 78.3038 74.1631 73.1109
threshold=64.389019012451186 0.012849650349650351 0.041773504273504278 15.533378601074221 2.5052192211151127 15.533378601074221 0.37582892179489141 1004.0300598144532 0 21.75 1 2 11.11069440841675 2.5052192211151127 3 2.5052192211151127 10.792249202728273 8.5000000000000018 5.8740606307983407 4 7.5000000000000009 999.38424682617199 0.066090629800307235 20.249999999999996 1001.3215332031251 26.249999999999996 7.5000000000000009 15.287225246429445 85.954242706298842 4.3914921283721933
decision_type=2 2 2 2 2 2 2 2 9 2 9 9 2 2 9 2 2 2 2 9 2 2 2 2 2 2 2 2 2 2
left_child=1 5 3 4 6 -1 -3 9 -5 20 24 22 13 18 -14 -9 -17 -18 19 -11 21 -4 23 -2 25 -8 -26 -15 -25 -10
right_child=11 2 7 8 -6 -7 10 15 29 12 -12 -13 14 27 -16 16 17 -19 -20 -21 -22 -23 -24 28 26 -27 -28 -29 -30 -31
leaf_value=-0.039419664243525526 -0.04775030986945953 -0.022877209959681431 0.030609289936217018 -0.0093803084769343119 -0.039848762521874054 -0.0095201270039038006 0.042774290187837183 0.0045488024815572119 0.034034751385057051 0.042835621677064992 -0.0096974797486926844 0.049859489172364914 0.050179900232436014 -0.027771274342261811 0.011145426172103907 -0.033737086630052274 -0.01423056346308601 0.034116335538495773 -0.0024315956524141665 0.0062056455722304601 0.027224456510534907 0.00066882897805619365 0.043887359797266545 0.037909036672276505 -0.016233927748662919 0.0027080789009814353 0.013749732779395099 0.0049464342747671261 0.00081662647488558104 0.0096903032574440582
leaf_weight=3249.3070587450638 62.288340166211128 1191.4624122912064 368.10877143125981 774.53201814554632 1757.8200145997107 1067.4147001812235 357.27665108814836 1122.9283306105062 394.85756994783878 370.98293678089976 844.32483647949994 1575.7204919457436 171.48347707465291 700.12496212869883 1585.9975203527138 485.0241336170584 453.28035171143711 146.04791080392897 959.52940747980028 878.49422815814614 1410.4032546794042 884.72018205933273 509.40187032520771 356.43423701822758 335.68288636393845 233.42691013496369 686.10901020281017 247.53309579752386 216.68050792813301 1408.5970060732216
leaf_count=344523 266 80952 7704 24547 177868 43287 9035 25122 5340 5248 34088 7063 1413 53913 24859 36963 11340 1831 23853 14125 29167 23432 2276 1530 12105 7372 25933 5025 895 31655
internal_value=-0.00106287 -0.00627108 -1.4137e-05 -0.00826154 -0.0158507 -0.0320263 -0.00428787 0.00671558 0.00765305 0.0103509 0.00472723 0.0412179 0.00573367 0.000405864 0.0153031 -0.00576417 -0.016444 -0.0024491 0.00882756 0.017474 0.0188706 0.009466 0.0286378 0.0168629 0.0122643 0.0269414 0.00389939 -0.0192252 0.0238853 0.0149376
internal_weight=24806 22085.5 17768.7 7984.09 5406.1 4316.72 3648.28 9784.66 2577.99 7577.38 2456.82 2720.53 4914.15 3156.66 1757.48 2207.28 1084.35 599.328 2209.01 1249.48 2663.23 1252.83 1144.8 635.403 1612.5 590.704 1021.79 947.658 573.115 1803.45
internal_count=1072730 1060700 672890 408895 347353 387810 169485 263995 61542 188739 88533 12030 128436 102164 26272 75256 50134 13171 43226 19373 60303 31136 4967 2691 54445 16407 38038 58938 2425 36995
cat_boundaries=0 1 2 3 4 5
cat_threshold=302819364 357834035 2836252 655744 72353808
is_linear=0
shrinkage=0.05


Tree=28
num_leaves=31
num_cat=6
split_feature=0 7 2 0 0 0 0 0 15 0 0 4 15 9 15 2 8 4 15 15 9 15 9 9 3 13 2 3 14 8
split_gain=1991.69 949.552 607.742 520.795 356.914 345.501 339.428 941.861 177.944 157.313 156.158 161.285 126.991 124.426 104.261 97.7659 95.3653 94.4723 91.2332 79.4226 80.7802 79.0982 76.8076 70.389 67.5335 70.2563 108.797 66.2033 81.4414 65.265
threshold=64.389019012451186 3.5000000000000004 1006.7943420410157 28.310295104980472 0.013200879096984865 15.533378601074221 2.5052192211151127 15.533378601074221 0 2.5052192211151127 1.0040581822395327 72.750000000000014 1 -0.65805545449256886 2 1000.2981872558595 7.5000000000000009 80.250000000000014 3 4 -5.8290898799896231 5 9.2651872634887713 -22.790141105651852 21.75 1.6126238107681277 1001.5077209472657 26.249999999999996 2.1590207815170293 8.5000000000000018
decision_type=2 2 2 2 2 2 2 2 9 2 2 2 9 10 9 2 2 2 9 9 8 9 10 8 2 2 2 2 2 2
left_child=1 3 4 18 -3 9 10 12 -7 13 11 -6 23 19 -2 21 -17 -9 -1 -4 -21 -13 -20 -8 -12 26 -26 28 -18 -10
right_child=14 2 5 -5 6 8 7 17 29 -11 24 15 -14 -15 -16 16 27 -19 22 20 -22 -23 -24 -25 25 -27 -28 -29 -30 -31
leaf_value=-0.013703490442191782 0.051070362061005764 -0.033969292747716123 -0.014869472630671463 0.014046214535066505 -0.020775758672870615 0.036127215367496128 0.049561969889263376 0.017968356519991409 -0.024599651380413434 -0.044517322382822397 0.02813478235256724 0.043442438451640329 -0.039825737677726944 -0.030976015164458439 0.030114493592796384 -0.011066043554278902 0.016410994639123329 0.0038087379086663591 -0.040006478203864937 0.11595596776867284 0.012405954940563912 0.012050722159196231 0.00052828584631813371 -0.018490025421152873 0.24242470510852596 0.013358416835943833 -0.028532854504795108 -0.020493541536832884 0.17240529219537143 0.008402158729554474
leaf_weight=476.66329432884231 1206.0733475089073 601.47035666462034 439.09566176682711 639.03152497671545 496.02879946585745 321.45344794448465 39.313642985187471 2272.2360283862799 328.21496182959527 991.90928174927831 1644.9671321790665 315.8190807485953 1167.9935838771053 927.49094455130398 1459.9419937133789 690.96351821254939 875.78091217484325 2446.1287363898009 2896.2467617508955 20.74954064656049 204.02318205405027 594.29444774705917 121.78020832547918 1135.6254055071622 8.3351264148950559 1848.1635562647134 6.6687412317842236 128.60127432085574 8.4476648690178973 275.61268271878362
leaf_count=33724 5517 43020 21494 16645 22872 7643 2373 32001 11289 111280 29564 7489 117864 68323 6425 26129 22759 50579 262933 569 10316 19451 5268 87035 350 34564 382 6540 351 7499
internal_value=-0.000907281 -0.00586966 -0.000853531 -0.0274564 0.00372721 -0.0194985 0.0053847 -0.0022402 0.00671824 -0.0288889 0.0135203 0.00536291 -0.0281543 -0.0191476 0.0398992 0.0103231 0.00325575 0.0106276 -0.0350455 -0.00262203 0.0210294 0.0235537 -0.0382441 -0.0160762 0.0207517 0.0142332 0.121993 0.0130262 0.0179013 -0.00938086
internal_weight=24589.1 21923.1 17789.4 4133.72 14280.8 3508.55 13679.4 7061.3 925.281 2583.27 6618.07 3109.94 2342.93 1591.36 2666.02 2613.91 1703.79 4718.36 3494.69 663.868 224.773 910.114 3018.03 1174.94 3508.13 1863.17 15.0039 1012.83 884.229 603.828
internal_count=1072248 1060306 741736 318570 503323 238413 460303 289852 26431 211982 170451 105591 207272 100702 11942 82719 55779 82580 301925 32379 10885 26940 268201 89408 64860 35296 732 29650 23110 18788
cat_boundaries=0 1 2 3 4 5 6
cat_threshold=104875539 9544354 240433187 1048578 160663087 269550994
is_linear=0
shrinkage=0.05


Tree=29
num_leaves=31
num_cat=3
split_feature=5 11 7 1 5 9 5 7 5 5 9 2 7 3 9 15 2 5 15 11 13 6 13 5 2 6 13 11 15 5
split_gain=1771.57 1284.88 385.754 260.972 178.662 139.741 137.623 137.491 123.557 371.993 131.465 110.792 102.875 96.33 87.3809 80.4006 80.0243 78.2217 75.2464 72.0657 70.7119 69.1626 66.1934 65.7862 64.9978 64.2175 55.701 55.578 57.3279 53.4482
threshold=37.037260055541999 0.012361111111111113 5.5000000000000009 18.884536743164066 57.328527450561531 -27.269364356994625 8.1477231979370135 2.5000000000000004 7.7064509391784677 -1.9140627384185789 -0.23828697204589841 1006.9575500488282 3.5000000000000004 23.250000000000004 0.030009321868419651 0 1012.495819091797 9.9159755706787127 1 0.0074618736383442281 6.2913086414337167 -1.8161363601684568 6.3314363956451425 85.954242706298842 1002.8072204589845 5.358957290649415 1.9581406712532046 0.12897727272727275 2 22.567795753479007
decision_type=2 2 2 2 2 8 2 2 2 2 10 2 2 2 10 9 2 2 9 2 2 2 2 2 2 2 2 2 9 2
left_child=1 6 5 -4 27 -3 19 29 9 10 16 13 23 24 -12 -11 -5 -15 -8 -1 -19 -14 25 -6 -9 -10 -16 28 -2 -7
right_child=4 2 3 8 12 7 18 11 22 15 14 -13 21 17 26 -17 -18 20 -20 -21 -22 -23 -24 -25 -26 -27 -28 -29 -30 -31
leaf_value=-0.044615397298787579 -0.011843371110181 0.044378072022420778 -0.027928627082573168 0.012959306403221233 0.032568017357295267 -0.036033142369606933 -0.0032187673068896534 0.0085355978323761583 0.01841672485021037 -0.0095925417891952938 -0.012891816630243134 -0.031990460633662225 0.029452231939476978 -0.023796245125769191 0.070015677804561041 -0.034138782718477777 0.16411751336533767 0.030923154672367 -0.032045190313933138 -0.028362244544669804 -0.011534934987171784 0.050101105331348442 0.009744593960230391 0.0016948865537593492 -0.0097542141186475213 0.050667690517514574 0.0047433674890176745 0.073724213358834487 0.017198612387278982 0.00074181653223377231
leaf_weight=1762.8572914586402 202.46556588821113 106.09708582656458 599.48497307160869 3887.6915610413998 505.33971578627825 778.91807770077139 522.17066277656704 1134.7513855295256 688.14089845353737 756.98229683469981 994.25189380859956 487.16619357233867 586.91677410155535 1032.5089359832928 33.421634115278721 627.29911718098447 8.7756218407303077 137.50860900338739 402.98896019859239 1112.3661070340313 341.86802852340043 1312.1405546590686 2489.8701702961698 262.0151277333498 849.33745843777433 198.98229782748967 1482.3910533464514 37.752959717065096 930.41268700361252 113.15614225063473
leaf_count=212435 3235 3336 40864 95692 2205 58173 22656 41089 10354 60060 47331 33548 2666 61232 1846 63126 298 2630 23665 114686 8957 6330 51050 1103 37325 3154 45177 531 13175 3702
internal_value=-0.000859527 -0.006683 -0.000727339 0.00420974 0.0303276 -0.0123901 -0.0329301 -0.0136256 0.00593492 0.00247239 0.00755102 -0.00965182 0.0374765 -0.00653892 -0.00137293 -0.0210318 0.0132997 -0.0160469 -0.0161564 -0.0383274 0.000644117 0.0437194 0.0139231 0.0220263 0.000706199 0.0256506 0.00618253 0.0140444 0.0120556 -0.0313684
internal_weight=24386 20549 16748.6 11767.3 3837.04 4981.31 3800.38 4875.21 11167.8 7790.81 6406.53 3983.14 2666.41 3495.97 2510.06 1384.28 3896.47 1511.89 925.16 2875.22 479.377 1899.06 3376.99 767.355 1984.09 887.123 1515.81 1170.63 1132.88 892.074
internal_count=1071631 1042386 668944 418952 29245 249992 373442 246656 378088 313530 190344 184781 12304 151233 94354 123186 95990 72819 46321 327121 11587 8996 64558 3308 78414 13508 47023 16941 16410 61875
cat_boundaries=0 1 2 3
cat_threshold=1148594 165713795 33851393
is_linear=0
shrinkage=0.05


Tree=30
num_leaves=31
num_cat=3
split_feature=0 11 0 0 0 0 2 15 7 8 10 2 1 8 15 15 1 13 11 11 0 0 11 13 7 12 3 0 5 1
split_gain=1707.14 1183.04 320.886 1213.73 373.905 259.322 175.511 138.258 134.655 133.395 116.045 115.491 152.42 103.962 102.696 100.197 92.8757 84.2398 76.8264 76.439 72.3547 106.145 79.5631 72.624 70.5784 67.5492 94.2684 66.4102 65.7503 64.5808
threshold=64.389019012451186 0.012361111111111113 15.533378601074221 2.5052192211151127 0.031749041751027114 15.533378601074221 1006.0752868652345 0 5.5000000000000009 9.5000000000000018 -0.60942077636718739 1000.1608276367189 28.603759765625004 7.5000000000000009 1 2 18.440246582031254 5.157163381576539 0.052262253875157108 0.0028256704980842919 2.5052192211151127 0.85421219468116771 0.0056267806267806279 1.284075975418091 5.5000000000000009 0.066090629800307235 20.249999999999996 0.71942013502120983 85.954242706298842 23.712905883789066
decision_type=2 2 2 2 2 2 2 9 2 2 10 2 2 2 9 9 2 2 2 2 2 2 2 2 2 2 2 2 2 2
left_child=1 5 3 4 -3 20 7 8 -6 11 17 -9 13 -13 25 18 -12 -4 -5 -7 21 -1 -23 -24 -8 26 -2 -26 -28 -15
right_child=14 2 10 15 6 19 24 9 -10 -11 16 12 -14 29 -16 -17 -18 -19 -20 -21 -22 22 23 -25 27 -27 28 -29 -30 -31
leaf_value=-0.041890353973579597 -0.046943388562789533 -0.02907184217697294 0.042001560309880795 -0.032228843300925597 -0.013915294309077789 -0.038009099655937996 -0.030057470051549962 0.033671552475763276 0.0098666656382657165 0.14869474973500615 -0.024555734293175084 0.0054417873505254576 -0.0034261691991146204 0.061229005699026652 0.046174010567836987 -0.041722084306811583 0.0063640036547424469 0.01451206920522698 -0.011168011165187357 -0.0022130279345680486 -0.048177154518745532 -0.034959701253567295 0.13821378036696391 -0.0037617928210843597 -0.019424806860528099 0.038838938457228245 0.033981556410825675 0.0072590113928273766 -0.0018358222801263824 0.026041597530606104
leaf_weight=1028.4001579862088 57.388445138931274 742.71881089825183 333.58395789377391 1013.6983198877424 808.57533434592187 182.60125020332634 298.01193464361131 836.45967353601009 2255.5631444565952 19.479573478922248 259.40938983485103 627.24359641876072 968.61364878714085 152.90002237912267 1489.7865268290043 1376.0911928764544 3808.7876566965133 1693.6289978995919 755.90382517129183 813.77279322315007 1138.8907305342145 303.05039505381137 9.2491501588374359 344.41653004661202 364.81801751814783 502.4924064874649 338.65785411000252 646.17645009979606 206.11118404567242 886.01807332504541
leaf_count=119629 246 50801 3682 102035 31239 10956 15984 12472 53560 421 9453 14448 22651 2790 6985 147862 79270 26802 52525 30506 155662 33410 555 24928 19081 2332 1493 23738 855 15561
internal_value=-0.000862821 -0.00545214 -4.68164e-05 -0.00487513 0.00483921 -0.0307042 0.00804201 0.0113801 0.00357932 0.0181652 0.00926242 0.0174851 0.0123464 0.0215157 0.037466 -0.0314534 0.0043924 0.0190355 -0.0231019 -0.00877322 -0.038442 -0.0318624 -0.0161589 -4.88134e-05 -0.0086733 0.0250769 0.0140092 -0.00236986 0.0204302 0.0312202
internal_weight=24262.5 21668.1 17847.7 11752.3 8606.58 3820.38 7863.86 6554.85 3064.14 3490.71 6095.41 3471.24 2634.78 1666.16 2594.44 3145.69 4068.2 2027.21 1769.6 996.374 2824.01 1685.12 656.716 353.666 1309.01 1104.65 602.157 1010.99 544.769 1038.92
internal_count=1071932 1060021 684375 565168 262746 375646 211945 153142 84799 68343 119207 67922 55450 32799 11911 302422 88723 30484 154560 41462 334184 178522 58893 25483 58803 4926 2594 42819 2348 18351
cat_boundaries=0 1 2 3
cat_threshold=241861516 2836252 3253938
is_linear=0
shrinkage=0.05


Tree=31
num_leaves=31
num_cat=1
split_feature=11 9 9 9 11 11 2 9 9 1 3 9 2 9 9 9 13 2 12 10 1 6 2 11 8 15 13 6 10 11
split_gain=1400.45 581.086 373.32 264.766 196.873 123.846 96.3696 92.9966 87.325 81.8027 78.7861 67.739 67.7174 62.0293 59.9693 84.0904 73.3023 58.913 48.8714 47.5821 46.6272 42.7945 42.0225 41.3814 39.5267 38.9105 38.7961 38.6982 38.195 37.187
threshold=0.013454436841533617 14.427822113037111 -5.8290898799896231 7.4665589332580575 0.045435227854582698 0.0051761831275720172 1004.9467163085939 7.110826015472413 50.050086975097663 12.538391113281252 21.75 -22.790141105651852 997.56521606445324 -8.5348868370056135 -0.33486086130142206 0.042440924793481834 1.9581406712532046 1003.9734497070314 0.033416046319272134 -3.0804290771484371 29.061645507812504 -10.658500671386717 1002.6927795410157 0.0028256704980842919 7.5000000000000009 0 1.5903199315071108 7.8910369873046884 -1.4929046630859373 0.043584656084656094
decision_type=2 10 10 10 2 2 2 10 10 2 2 8 2 8 10 10 2 2 2 10 2 2 2 2 2 9 2 2 10 2
left_child=3 2 11 5 7 -1 10 9 19 -4 12 -2 -6 -7 -11 -16 28 29 -14 -3 24 -8 -22 -5 -20 -19 -25 -26 -17 -13
right_child=1 8 4 23 6 13 21 -9 -10 14 -12 17 18 -15 15 16 -18 25 20 -21 22 -23 -24 26 27 -27 -28 -29 -30 -31
leaf_value=-0.043147751204026211 0.02610008657621788 0.070944754026302265 -0.041283242491979226 -0.029205832268483358 0.050849859321930035 0.0059028123147983926 -0.045732666160832408 0.0082071230339040707 0.042853248803543069 -0.0035789014766907249 0.00053931811548652898 0.0049633765654481538 -0.0064433276123845619 -0.026650796873395211 -0.02664572576194368 0.13919554162715109 -0.010755945154335375 -0.0034376147320345318 0.0067018832929676107 0.020317181530640542 0.010901611193401696 -0.0089332793911382682 -0.024926283574756659 0.073818932970051085 0.026543322350857563 0.01265103822341861 0.007643185064580474 0.12547165195164953 0.028800414481809936 0.016777649803924204
leaf_weight=1439.4785202285275 724.68294198578224 47.54395473562181 231.46886993385851 74.453716188669205 115.69254690036178 157.26044883672148 88.947746898047626 622.63634613761678 632.14582445472479 1811.0909106149338 2833.3066548630595 915.9006697293371 315.85881317872554 2105.6777743524872 1043.065720921848 10.221117774490265 2228.0395185756497 1100.0860251849517 320.65794989839196 1945.3781502302736 303.21068964060396 706.66202607844025 112.1008134605363 23.285064703784883 667.89857550244778 558.87666846811771 453.46654136339203 10.033797167241572 33.564200872089714 2441.8252347186208
leaf_count=175938 13337 455 20346 3570 2514 7968 7253 16937 3219 91310 81509 33342 7944 203216 70344 518 126962 43922 9638 20610 5377 23518 2295 385 13758 20736 11684 206 1944 50298
internal_value=-0.000836848 0.00474968 0.00140475 -0.0268688 -0.00381103 -0.031682 0.0030401 -0.0100828 0.0266611 -0.0122084 0.00577573 0.0118106 0.0138152 -0.0243885 -0.0108955 -0.014893 -0.00949689 0.00974645 0.0113381 0.021525 0.0153104 -0.0130474 0.00123095 0.00546135 0.0211661 0.00203792 0.0108753 0.0280075 0.0545707 0.013555
internal_weight=24074.5 19820.9 17195.8 4253.62 11454.5 3702.42 5474.37 5980.09 2625.07 5357.45 4678.76 5741.37 1845.45 2262.94 5125.98 3314.89 2271.82 5016.69 1729.76 1992.92 1413.9 795.61 415.312 551.205 998.59 1658.96 476.752 677.932 43.7853 3357.73
internal_count=1071053 668292 644008 402761 482373 387122 154012 328361 24284 311424 123241 161635 41732 211184 291078 199768 129424 148298 39218 21065 31274 30771 7672 15639 23602 64658 12069 13964 2462 83640
cat_boundaries=0 1
cat_threshold=185537679
is_linear=0
shrinkage=0.05


Tree=32
num_leaves=31
num_cat=5
split_feature=5 11 7 1 5 5 7 15 11 5 5 6 9 9 5 2 11 15 11 15 13 15 5 2 9 2 8 14 15 5
split_gain=1364.35 1048.39 338.039 234.167 215.22 143.428 114.303 113.626 96.505 95.6991 240.995 107.873 80.0879 91.6588 77.4415 77.0535 86.3017 66.3414 66.3196 59.8807 54.4013 51.836 51.4176 50.0498 49.3853 49.0442 56.5268 89.1571 56.4162 47.4038
threshold=29.629031181335453 0.013090728715728717 4.5000000000000009 18.884536743164066 57.328527450561531 8.3733782768249529 5.5000000000000009 0 0.051845658367397504 8.3733782768249529 -1.641604423522949 6.773329734802247 -7.3080618381500235 9.8451232910156268 85.954242706298842 1012.2023925781251 0.030414030414030419 1 0.0059912854030501105 2 6.3314363956451425 3 -3.2142448425292964 1003.8590698242189 -0.6248180866241454 1002.7501220703126 8.5000000000000018 1.6000397801399233 4 -1.8472970128059385
decision_type=2 2 2 2 2 2 2 9 2 2 2 2 8 10 2 2 2 9 2 9 2 9 2 2 10 2 2 2 9 2
left_child=1 5 7 -4 -2 18 14 22 9 10 11 15 -9 -14 -6 25 -17 -7 -1 -16 21 -11 24 -10 -3 26 -5 -28 -27 -20
right_child=4 2 3 8 6 17 -8 12 23 20 -12 -13 13 -15 19 16 -18 -19 29 -21 -22 -23 -24 -25 -26 28 27 -29 -30 -31
leaf_value=-0.044602982404381104 0.011322353189290658 0.038465520810777559 -0.028821265898930651 0.011817353374439468 0.031799902907179801 -0.00074654581208708859 0.043841039487274067 0.0053604140585053351 0.010611517482750382 0.035411412861896259 -0.028165321968089005 -0.010184833663076725 -0.027893634889569759 0.0087019504419850215 -0.022136971108871611 -0.011982307844551426 0.21340747647297909 -0.029021012983741663 -0.022640885255539853 0.017442812356258133 0.0010797701107778316 0.009030304972659494 -0.014429866032263936 -0.00065838185668811659 0.0010413749783799097 0.024489600501236441 0.13488478264096457 0.023103087721619252 -0.0037403666205175637 -0.042473094880559302
leaf_weight=1325.264626129996 1877.2366363266483 134.24900668300688 570.38282098388299 851.36141369026154 822.84578432142735 489.32626834465191 1321.9626295417547 250.11748775839806 4951.7359189195558 286.02359650004655 860.87006439315155 1292.7500627981499 1892.5465230564587 188.10942962020636 127.65002350509167 7.6379780033603337 9.5665545249357802 357.24471059208736 945.16369385737926 306.81654593348503 968.94004499167204 567.45572151476517 271.57399653922766 1229.8250718265772 256.72971659433097 200.84802835062146 24.483167324215174 65.726164571475238 1092.4066124558449 442.31348382914439
leaf_count=182108 29913 3293 42365 27159 3810 21877 6578 11508 116428 4976 90025 65114 124907 5120 541 421 243 22857 96926 1351 24371 8045 18140 35587 9292 6418 735 2324 47205 61968
internal_value=-0.000761664 -0.00645729 -0.000989208 0.00250376 0.024202 -0.0309967 0.033576 -0.0161358 0.00394355 -0.000449212 -0.00443548 0.00132745 -0.0212803 -0.0245851 0.0227831 0.00793593 0.113345 -0.0130297 -0.0366037 0.00570589 0.00918748 0.018392 0.00224894 0.00836936 0.0138916 0.00712445 0.0158052 0.0534411 0.000804311 -0.0289632
internal_weight=23989.2 19532.7 15973.3 12980 4456.51 3559.31 2579.27 2993.33 12409.6 6228.07 4405.65 3544.78 2330.77 2080.66 1257.31 2252.03 17.2045 846.571 2712.74 434.467 1822.42 853.479 662.553 6181.56 390.979 2234.83 941.571 90.2093 1293.25 1387.48
internal_count=1071605 1029412 643676 471416 42193 385736 12280 172260 429051 277036 239644 149619 141535 130027 5702 84505 664 44734 341002 1892 37392 13021 30725 152015 12585 83841 30218 3059 53623 158894
cat_boundaries=0 1 2 3 4 5
cat_threshold=1050626 166762371 590356 237092865 3148856
is_linear=0
shrinkage=0.05


Tree=33
num_leaves=31
num_cat=6
split_feature=0 11 1 0 7 0 5 0 0 0 0 0 15 15 15 0 9 9 0 15 12 3 3 6 15 9 11 15 7 11
split_gain=1384.59 995.644 265.944 246.896 241.789 231.537 149.59 224.611 190.094 125.814 658.749 103.352 119.258 98.3905 80.4337 78.1455 119.232 75.1602 71.272 68.1818 63.2682 86.1477 63.2506 63.0584 61.6367 60.6713 55.9178 54.0518 53.6413 52.9138
threshold=64.389019012451186 0.012361111111111113 18.440246582031254 0.013200879096984865 6.5000000000000009 15.533378601074221 18.184522628784183 2.5052192211151127 13.892355442047121 2.5052192211151127 15.533378601074221 1.2005882859230044 0 1 2 2.5052192211151127 -1.8914017677307127 -10.338522911071776 0.79915687441825878 3 0.066090629800307235 20.249999999999996 15.749999999999996 5.5246181488037118 4 11.335347175598146 0.0059912854030501105 5 1.5000000000000002 0.08982974910394266
decision_type=2 2 2 2 2 2 2 2 2 2 2 2 9 9 9 2 8 8 2 9 2 2 2 2 9 10 2 9 2 2
left_child=1 5 -3 -4 6 15 7 11 17 22 29 12 -5 20 -8 16 -1 -9 -18 -7 21 -2 -6 24 -24 -10 -20 -12 -13 -11
right_child=13 2 3 4 9 19 14 8 25 10 27 28 -14 -15 -16 -17 18 -19 26 -21 -22 -23 23 -25 -26 -27 -28 -29 -30 -31
leaf_value=0.015073321215520295 -0.045710534061321778 -0.028136838730230179 -0.031578590749724758 0.0056350726284081264 -0.0046712457057979228 0.0047208249340479728 -0.0040915286443118787 0.0104921127387994 -0.010676811583777691 -0.029805062537570221 0.0199351640202995 -0.051128827205161924 -0.021053929382221118 0.043180112948919394 0.020122269199437909 -0.047960733725899415 -0.043194186220721797 -0.037418305453753381 -0.037284369712688004 -0.021822553357673781 0.036006735770322554 0.01794027194390797 0.028709582684452506 0.008264375313088641 0.012325132965353333 0.020352388410530775 -0.0047540346413250363 0.0070270567714397188 0.01176373103557227 -0.00095419904198509149
leaf_weight=133.56619829172269 58.935254409909248 809.45600891998038 555.75770453270525 813.99966411385685 445.00829717703164 492.63863406982273 598.11742161400616 88.297882220707834 1023.0184481171891 1279.8644906659611 1790.1575387585908 34.744599619880319 848.20133707858622 1416.3900521397591 793.9037344828248 1012.8384779840708 868.32847803551704 1122.6097814803943 247.72154681058601 463.66830420028418 482.68536804616451 542.37251761555672 1173.2184529500082 1875.0309877675027 1228.2611437533051 186.21218690369278 283.04140181001276 1545.6951937098056 1400.0159404836595 181.45652583055198
leaf_count=10500 254 58310 40327 25829 18092 17673 11495 7692 35490 121300 21755 2106 38808 6913 15944 155981 114247 120608 31455 23561 2318 2378 16843 48075 23056 3581 22841 28036 33771 12296
internal_value=-0.000800247 -0.00493312 -0.000136827 0.00119769 0.00230652 -0.0293036 -0.00481341 -0.00850894 -0.0199214 0.0074745 0.00177163 0.000409352 -0.00807677 0.0343979 0.00983335 -0.037184 -0.0300623 -0.0339247 -0.0343712 -0.00832764 0.0223185 0.0117017 0.0132688 0.0151356 0.0205005 -0.00589855 -0.0199368 0.0140349 0.0102407 -0.0262226
internal_weight=23795.2 21294.8 17793 16983.6 16427.8 3501.8 6909.12 5517.1 2420.14 9518.69 4797.17 3096.96 1662.2 2500.38 1392.02 2545.5 1532.66 1210.91 1399.09 956.307 1083.99 601.308 4721.52 4276.51 2401.48 1209.23 530.763 3335.85 1434.76 1461.32
internal_count=1071535 1059672 683414 625104 584777 376258 295324 267885 167371 289453 183387 100514 64637 11863 27439 335024 179043 128300 168543 41234 4950 2632 106066 87974 39899 39071 54296 49791 35877 133596
cat_boundaries=0 1 2 3 4 5 6
cat_threshold=353636114 2836252 40147243 232851331 342886458 208328067
is_linear=0
shrinkage=0.05


Tree=34
num_leaves=31
num_cat=4
split_feature=0 11 1 0 0 0 0 9 0 15 15 4 2 4 14 9 5 15 15 5 12 0 12 9 13 4 2 13 5 5
split_gain=1199.38 919.852 300.601 268.565 242.029 1097.53 171.086 155.427 114.296 100.04 93.4521 89.842 142.794 88.8571 94.1392 70.9112 67.5677 67.3921 62.5012 73.8332 62.3655 61.8426 60.485 59.3436 59.0618 60.6721 79.8124 58.9171 75.1948 122.101
threshold=64.389019012451186 0.0098886328725038414 18.440246582031254 0.031749041751027114 2.5052192211151127 15.533378601074221 15.533378601074221 -0.65805545449256886 1.0040581822395327 0 1 72.750000000000014 1000.0948791503907 72.750000000000014 1.7427115440368655 -10.338522911071776 8.3733782768249529 2 3 -5.5164868831634513 0.20778441988119409 93.227191925048842 0.033416046319272134 -48.952966690063469 12.564965248107912 74.250000000000014 1002.7501220703126 1.9041270017623904 -5.8759839534759513 -7.4282400608062735
decision_type=2 2 2 2 2 2 2 10 2 9 9 2 2 2 2 8 2 9 9 2 2 2 2 8 2 2 2 2 2 2
left_child=1 6 -3 20 7 9 -1 23 11 15 21 -9 18 -7 17 -6 -16 -15 19 -13 -4 -2 -10 -5 25 26 -17 28 29 -20
right_child=10 2 3 4 5 13 -8 8 22 -11 -12 12 -14 14 16 24 -18 -19 27 -21 -22 -23 -24 -25 -26 -27 -28 -29 -30 -31
leaf_value=-0.040000607446147612 0.03080505882507413 -0.028431558620509279 -0.037846926878413047 0.091263019961277017 0.015051564773433231 0.029490188751456949 -0.010737784487844324 -0.028634292292834415 -0.010217395284205746 -0.039974503390556221 0.042102678655154963 0.075404701505587257 -0.010638840921302751 0.012280905353524945 0.11227407715943381 0.024384021578976491 0.014478640867027846 -0.0025121423353518593 -0.051105319314608967 0.0030904366665334623 -0.0050734651073403338 0.0077980136661632811 0.0141098156943677 0.01509388792950115 0.0064881563887965264 -0.032208227711987857 -0.030440402655189755 0.0024853006806167498 -0.012069465652817815 0.31395633329056749
leaf_weight=1907.9659508075565 776.03449086844921 916.35982876177877 526.84319959674031 25.738817874342203 128.34894982073456 464.65712340921164 676.61481436900795 377.35156341409311 302.660475586541 1222.4738340736367 1245.2333672940731 99.847415713593364 1218.6584334946238 1090.1987924166024 17.817066731862724 121.22951609455049 2030.4294503340498 2558.2393737966195 3.5140743954107165 54.599043068941683 200.36180483875796 468.36533652245998 1640.0028891833499 3933.0480651566759 146.44916702061892 1083.6632219948806 146.73326731054112 291.81747427443042 8.9780394034460169 6.5780326370149869
leaf_count=272012 3670 70531 43261 258 9505 4711 31741 20907 11165 147082 6209 2597 49207 25667 390 10116 30115 54939 195 1380 12220 2090 40151 78473 9336 105957 14773 11298 543 441
internal_value=-0.000533302 -0.00438849 -0.000507934 0.000937701 0.00221254 -0.00340037 -0.0323399 0.00856378 0.00161779 -0.0290635 0.0322966 -0.00658313 -0.00164187 0.00846581 0.00675093 -0.0204906 0.0153293 0.00193498 0.0219202 0.0468098 -0.0288171 0.0219692 0.0103197 0.0155891 -0.0236725 -0.0269405 -0.00563719 0.00779875 0.0931963 0.186842
internal_weight=23690.8 21201.2 18616.6 17700.2 16973 9010.24 2584.58 7962.79 4004.01 2848.9 2489.63 2061.34 1683.99 6161.34 5696.68 1626.42 2048.25 3648.44 465.334 154.446 727.205 1244.4 1942.66 3958.79 1498.08 1351.63 267.963 310.888 19.0701 10.0921
internal_count=1070940 1058971 755218 684687 629206 412591 303753 216615 137884 296769 11969 86568 65661 115822 111111 149687 30505 80606 16454 3977 55481 5760 51316 78731 140182 130846 24889 12477 1179 636
cat_boundaries=0 1 2 3 4
cat_threshold=3245746 2836380 154813205 1117602
is_linear=0
shrinkage=0.05


Tree=35
num_leaves=31
num_cat=5
split_feature=0 11 7 0 0 6 0 0 0 15 4 0 7 3 6 15 5 8 15 5 6 15 8 5 0 15 14 12 14 10
split_gain=1092.42 866.252 292.297 300.842 237.278 237.566 197.757 822.073 129.766 122.006 115.449 113.072 101.959 89.5059 87.3435 80.895 64.8867 121.676 130.107 90.2848 86.4749 128.795 82.8437 138.928 95.4634 79.9387 62.6644 60.9903 59.21 56.6663
threshold=64.389019012451186 0.0081861075635022013 3.5000000000000004 30.492725372314457 0.0074553845915943393 -6.0043888092041007 2.5052192211151127 15.533378601074221 1.0350248217582705 0 72.750000000000014 15.533378601074221 3.5000000000000004 15.749999999999996 4.6449718475341806 1 -5.7982015609741202 6.5000000000000009 2 -7.6105449199676505 6.9272766113281259 3 7.5000000000000009 -5.11468482017517 0.5961444377899171 4 1.00732958316803 0.062912416138222599 2.1876481771469121 -0.14390563964843747
decision_type=2 2 2 2 2 2 2 2 2 9 2 2 2 2 2 9 2 2 9 2 2 9 2 2 2 9 2 2 2 8
left_child=1 11 3 15 -4 -6 8 9 10 27 -7 -1 -2 -12 -9 -3 17 18 -15 -20 21 22 23 -18 -25 -19 -5 -8 -16 -21
right_child=12 2 4 26 5 6 7 14 -10 -11 13 -13 -14 16 28 -17 20 25 19 29 -22 -23 -24 24 -26 -27 -28 -29 -30 -31
leaf_value=-0.041684046449309786 0.015457149853468464 -0.004675517733406377 -0.032715638907249711 0.11374021851341019 -0.02809152804634639 -0.018524956672413603 -3.7588329743997034e-05 0.0057504110693455297 0.015769947074710189 -0.03853909140570768 -0.014933394423986932 -0.01479302325863233 0.037734389254528031 0.0022257762047925992 0.019785853756525973 -0.030921614435433953 0.018976029631105427 -0.016031196494417473 -0.041002496422190421 0.14783565791319161 -0.013140134626768227 0.0042854747231730597 0.026307404926724648 0.26892636572989875 0.099607664035004317 0.021189808425802634 0.01461395578288666 -0.023107758387797425 0.097324889509708745 0.075246325611372858
leaf_weight=1546.8806463931687 732.20348164439201 381.32139481883496 490.85461175907403 16.499674309045076 607.86173441214487 544.45893039787188 424.56021138373762 4429.769652784802 3973.860195945017 1091.7841662727296 423.31805142713711 523.10790432244539 1720.5016348659992 101.52667770301923 1057.8402316533029 1551.3992708008736 31.738023737445474 206.64212617790326 13.44907229579985 36.774716956540942 507.97994131222367 1092.2434800155461 125.92545767920092 13.291404339484869 22.27755435090512 432.57983496505767 472.97195677179843 880.88146217120811 25.207014350220561 99.978939759545028
leaf_count=234678 3203 25104 40097 403 51681 26703 30076 77817 75238 135269 23273 26434 8742 3398 15856 128804 560 4431 629 1639 17904 27261 3607 245 323 10969 10188 84337 197 3447
internal_value=-0.00050182 -0.00416873 -0.000831927 -0.0170597 0.001531 0.00257227 0.00377201 -0.00176692 0.00951721 -0.0262107 0.00271375 -0.0348884 0.031084 0.00643467 0.00886235 -0.0259275 0.00980431 0.0208335 0.050278 0.0774532 0.00432526 0.011227 0.0477702 0.0950226 0.162879 0.00923803 0.0179554 -0.0154862 0.0215905 0.0947665
internal_weight=23579.7 21127 19057 2422.19 16634.8 16143.9 15536.1 7910.04 7626.04 2397.23 3652.18 2069.99 2452.71 3107.73 5512.82 1932.72 2684.41 890.951 251.729 150.203 1793.46 1285.48 193.232 67.307 35.569 639.222 489.472 1305.44 1083.05 136.754
internal_count=1072513 1060568 799456 164499 634957 594860 543179 343552 199627 249682 124389 261112 11945 97686 93870 153908 74413 24513 9113 5715 49900 31996 4735 1128 568 15400 10591 114413 16053 5086
cat_boundaries=0 1 2 3 4 5
cat_threshold=1148594 17828098 369168898 67111184 69240360
is_linear=0
shrinkage=0.05


Tree=36
num_leaves=31
num_cat=6
split_feature=11 5 5 1 7 5 7 7 15 2 6 9 2 3 15 11 13 15 8 11 15 9 15 10 1 1 5 15 3 11
split_gain=963.34 726.447 253.18 245.761 190.21 214.667 135.091 89.6443 84.4006 82.8776 76.3451 71.2553 68.7815 65.7702 65.5861 64.3486 66.2981 62.6744 61.9305 55.3386 54.863 52.8006 52.137 45.607 46.4893 45.4902 49.8672 45.4871 49.7594 44.3521
threshold=0.011651234567901236 57.328527450561531 8.3733782768249529 18.440246582031254 5.5000000000000009 21.545857429504398 2.5000000000000004 4.5000000000000009 0 1003.7488403320314 10.024360656738283 9.8451232910156268 1001.0069580078126 20.249999999999996 1 0.0012509663363553308 1.5373896956443789 2 8.5000000000000018 0.0059912854030501105 3 -3.6400799751281734 4 2.2831573486328129 28.250717163085941 29.525100708007816 37.037260055541999 5 15.749999999999996 0.097535842293906827
decision_type=2 2 2 2 2 2 2 2 9 2 2 10 2 2 9 2 2 9 2 2 9 10 9 10 2 2 2 9 2 2
left_child=2 3 19 20 5 6 -5 22 12 10 27 21 13 18 -7 -4 -17 23 -8 -1 -2 -10 -3 24 -11 26 -18 28 -6 -29
right_child=1 7 15 4 9 14 8 -9 11 17 -12 -13 -14 -15 -16 16 25 -19 -20 -21 -22 -23 -24 -25 -26 -27 -28 29 -30 -31
leaf_value=-0.043601536704713652 -0.038001045966329125 0.031985838266291339 -0.046750791583494544 -0.03223144907911115 -0.01299206092918067 -0.002042375497271941 0.036023148118470405 0.037573201813750796 0.0004941406631891773 0.0090377659054239074 -0.013345355231202794 0.02026828510032154 -0.0054415543660536114 0.0010502088879149822 0.025853603275190817 0.069788005722906263 -0.013162482293123494 -0.0061293190314959112 0.18040881233280379 -0.027459849460778531 -0.010000502685665198 -0.019025099064585445 0.0064453295055359686 0.12593201335229265 -0.021188145494826456 0.085700598237875347 0.012931545826180866 0.0046037167817510969 0.016413456591706753 0.019353339671170745
leaf_weight=1124.009563899599 465.15835024882108 338.64223530143499 88.617058349773288 664.75205794908106 153.67994874436408 342.75806297082454 180.24600800359622 1447.8512570112944 429.75481617171317 1361.882719529327 411.18237714609131 150.88378382800147 713.04053357383236 205.5385167254135 551.75659477245063 30.933712469879538 664.26752910902724 2432.3359063277021 7.7458586231805375 1006.3665601327084 316.29806671384722 1787.539014083799 509.15635149925947 7.9976255386136463 140.32107789395377 13.735767285339533 252.76268397271633 4793.585322630126 2252.8132271491922 570.3121247375384
leaf_count=182196 38262 1622 6781 55572 5245 6875 5309 7653 18869 55986 24475 3197 30498 8298 10351 705 34455 103021 447 131602 23355 106200 2276 148 6181 535 2599 131868 56341 10871
internal_value=-0.000491546 0.00352924 -0.0260714 0.000140293 0.00138922 -0.00678073 -0.0115804 0.0300125 -0.00762971 0.00478144 0.00765112 -0.0129249 0.00378503 0.0205989 0.0154307 -0.00598081 -0.00222401 -0.00117373 0.0419723 -0.0359764 -0.027282 -0.0152419 0.0171005 0.0068033 0.00621436 -0.00461731 -0.00597014 0.00876218 0.0144755 0.00616047
internal_weight=23415.9 20235.2 3180.69 17939.6 17158.1 5034.02 4139.5 2295.65 3474.75 12124.1 8181.57 2368.18 1106.57 393.53 894.515 1050.32 961.7 3942.54 187.992 2130.38 781.456 2217.29 847.799 1510.2 1502.2 930.766 917.03 7770.39 2406.49 5363.9
internal_count=1071793 712920 358873 701369 639752 245616 228390 11551 172818 394136 228800 128266 44552 14054 17226 45075 38294 165336 5756 313798 61617 125069 3898 62315 62167 37589 37054 204325 61586 142739
cat_boundaries=0 1 2 3 4 5 6
cat_threshold=17827874 309102857 204522037 268435476 106211362 17372298
is_linear=0
shrinkage=0.05


Tree=37
num_leaves=31
num_cat=2
split_feature=5 11 1 7 5 5 2 6 15 5 5 1 2 15 8 5 8 3 3 8 2 5 5 4 13 4 5 10 1 1
split_gain=955.345 764.311 262.689 213.036 169.18 120.439 108.682 114.696 84.9192 82.9629 159.806 108.513 78.9022 79.7762 89.6003 88.7558 73.4523 91.4181 72.5876 101.35 86.376 76.1074 134.634 115.584 113.338 75.8619 71.3931 69.8519 66.1385 65.4311
threshold=49.967004776000984 0.0093887192212254254 18.440246582031254 3.5000000000000004 23.74189376831055 8.3733782768249529 1004.0300598144532 8.8239107131958026 0 7.9231438636779794 -1.262766361236572 24.722839355468754 1007.0105285644532 1 8.5000000000000018 -2.9204764366149898 8.5000000000000018 11.249999999999995 21.75 7.5000000000000009 1000.1608276367189 7.9231438636779794 -2.1113222837448116 75.750000000000014 7.3699340820312509 78.750000000000014 -5.5501158237457267 1.9862213134765627 22.304275512695316 30.126190185546879
decision_type=2 2 2 2 2 2 2 2 9 2 2 2 2 9 2 2 2 2 2 2 2 2 2 2 2 2 2 10 2 2
left_child=1 5 -3 4 8 -1 7 18 -4 10 11 12 13 -8 -15 -16 17 -11 19 20 26 22 -20 24 -24 -23 -5 -13 -17 -7
right_child=-2 2 3 6 -6 29 9 -9 -10 16 -12 27 -14 14 15 28 -18 -19 21 -21 -22 25 23 -25 -26 -27 -28 -29 -30 -31
leaf_value=-0.039422340780404463 0.026763138818946181 -0.028598956036740744 0.0086213351644323279 0.049573140900170197 0.015697571105000047 -0.015052934644662161 -0.029490073347974752 -0.013432171070241042 -0.02621837319139575 0.031771351483298793 -0.031985261602603898 -0.013234553306325697 -0.0061814667064808261 0.01545270406679897 0.040495464580949464 0.29520474309522526 0.018678921314503688 -0.010185677166315422 0.0029077405850525912 0.021106542512593997 -0.0039628417492046627 0.020337871485677634 -0.014232363287601494 -0.031625029393669998 0.097454011185224829 0.0030858042932016818 0.010049664864329485 0.0646807703385711 0.10304495638563566 0.13748871976131449
leaf_weight=1599.0883488180116 2789.8518262207508 827.24556742049754 199.47237003408372 143.7235965509899 363.02990074921399 600.11056937091053 60.798922961577773 783.45081826671958 1426.8018663106486 154.74419781379402 602.51786532765254 1488.8130225171335 444.06598176620901 348.49816328193992 108.87201935146004 5.3106129551306358 616.83903152914718 806.24285287316889 3069.8536700750701 1675.6837672600523 1192.6191881615669 1025.8530448181555 60.399057846050709 532.21286284038797 36.407109146937728 1681.9529262268916 557.30899372743443 29.332265896722674 28.555610619485378 7.1131997662596396
leaf_count=257261 16532 71457 12326 2273 8072 34134 3236 45282 115218 4696 75383 66480 22914 9432 3657 192 14675 22012 84753 36184 38611 11035 6966 57153 2534 32195 13627 699 1240 269
internal_value=-0.00068569 -0.00442542 -0.00106859 0.000237032 -0.0151641 -0.0322236 0.00221952 0.00498921 -0.0220533 -0.00412828 -0.00885751 -0.00331515 0.00950852 0.0221298 0.028538 0.0624854 0.00521362 -0.00342949 0.0064359 0.01215 0.00422434 0.00325244 -0.0014103 -0.022484 0.0277709 0.00962175 0.0181526 -0.0117291 0.133178 -0.013266
internal_weight=23266.8 20476.9 18270.6 17443.4 1989.3 2206.31 15454.1 10759.5 1626.27 4694.59 3116.76 2514.25 996.101 552.035 491.236 142.738 1577.83 960.987 9976.01 3569.34 1893.65 6406.68 3698.87 629.019 96.8062 2707.81 701.033 1518.15 33.8662 607.224
internal_count=1070498 1053966 762302 690845 135616 291664 555229 330613 127544 224616 183233 107850 40671 17757 14521 5089 41383 26708 285331 90695 54511 194636 151406 66653 9500 43230 15900 67179 1432 34403
cat_boundaries=0 1 2
cat_threshold=16777218 201983900
is_linear=0
shrinkage=0.05


Tree=38
num_leaves=31
num_cat=6
split_feature=11 0 11 0 0 0 0 9 6 12 15 2 2 15 15 15 15 2 12 15 6 11 0 10 0 0 0 2 6 13
split_gain=838.57 694.037 231.748 210.965 565.791 249.096 198.393 105.793 100.25 96.3786 109.096 94.9682 84.8954 93.4759 76.6552 73.7392 66.3665 76.1274 65.6696 59.4268 58.3948 54.9307 54.8606 53.0249 49.7565 49.0901 143.966 84.1624 73.4034 69.3312
threshold=0.0093887192212254254 64.389019012451186 0.04220292252550318 15.533378601074221 2.5052192211151127 0.2827668190002442 15.533378601074221 -2.4506504535675044 4.9389314651489267 0.058030678998420938 0 1004.090057373047 1006.9038696289064 1 2 3 4 1008.0279846191407 0.22353300294476769 5 -13.931004524230955 0.0012509663363553308 93.227191925048842 -2.1311950683593746 0.0074553845915943393 2.5052192211151127 15.287225246429445 999.88827514648449 2.7889642715454106 12.564965248107912
decision_type=2 2 2 2 2 2 2 8 2 2 9 2 2 9 9 9 9 2 2 9 2 2 2 8 2 2 2 2 2 2
left_child=6 2 3 4 5 18 -1 -7 14 10 -3 19 13 -9 -5 -13 -10 -18 -2 -4 -16 -8 -12 -23 -21 28 29 -28 -26 -27
right_child=1 9 11 8 -6 7 21 12 16 -11 22 15 -14 -15 20 -17 17 -19 -20 24 -22 23 -24 -25 25 26 27 -29 -30 -31
leaf_value=-0.039154750836963549 -0.028651600407331557 -0.030281561837420531 0.013541326797559814 -0.0084345513335750636 -0.037429701507837206 0.025740096443088896 -0.046963017991307081 0.029108765862210135 0.038699177406916536 0.038468093720164145 0.032308712404478412 -0.020758006570803275 -0.01493914694157427 0.00060636718122981503 0.12490813433605644 0.00078709776572988754 -0.0084225224989437093 0.053452737101266204 0.005225017692017526 -0.030671780487974528 0.0079070177798295383 0.098531122896399231 0.0070229172655856213 -0.0044768309631017834 0.038383181514454939 -0.027777106267443591 -0.0016655911218566182 0.018059790610112366 0.0074617005917748712 0.009374543188333721
leaf_weight=1571.76772941323 870.83647117111832 100.0581189095974 2507.2981044710614 1367.3180202906951 1598.0116644655354 524.87164166755974 77.645987590774894 354.33442069590092 294.98381658364087 1216.4047207832336 593.50098572671413 529.9701091395691 621.46306366799399 1381.0855711847544 10.762722679413853 1506.2190825589933 230.92057137470692 63.34716740809381 171.17481401562691 100.26296451687813 1166.8000636612996 12.751221028156577 335.92286911606789 617.73643982689828 210.2615058645606 541.40736678941175 1260.9054778777063 946.83006890304387 2201.0133421402425 163.50123939383775
leaf_count=263048 77897 446 53606 41066 222011 11659 5572 14969 5071 6549 2865 25716 38835 54706 177 45589 5415 1230 12181 5179 22855 231 1525 24703 2185 50489 17865 15759 31778 10841
internal_value=-0.000462938 0.00268244 -0.000483978 -0.0064693 -0.0123501 -0.00213609 -0.0292547 0.00543938 0.00389166 0.0289393 0.0176804 0.00471366 0.000918461 0.00659715 -0.000411335 -0.00491864 0.0224756 0.00473644 -0.0230866 0.00718649 0.0089008 -0.00728055 0.022923 -0.00239356 0.00421627 0.00488122 0.000512737 0.00679402 0.010158 -0.0191599
internal_weight=23149.4 20869.5 18623.6 8655.91 5521.78 3923.77 2279.9 2881.75 3134.13 2245.89 1029.48 9967.67 2356.88 1735.42 2544.88 2036.19 589.252 294.268 1042.01 7931.48 1177.56 708.134 929.424 630.488 5424.18 5323.92 2912.64 2207.74 2411.27 704.909
internal_count=1072018 778464 767079 508072 432258 210247 293554 120169 75814 11385 4836 259007 108510 69675 64098 71305 11716 6645 90078 187702 23032 30506 4390 24934 134096 128917 94954 33624 33963 61330
cat_boundaries=0 1 2 3 4 5 6
cat_threshold=65552 17849601 369997860 307105932 341922176 725394
is_linear=0
shrinkage=0.05


Tree=39
num_leaves=31
num_cat=4
split_feature=0 7 5 1 0 0 0 15 0 4 15 7 9 15 1 13 0 9 8 5 9 5 0 1 6 15 12 5 12 4
split_gain=778.116 534.518 381.681 292.58 245.855 175.202 766.626 136.088 135.977 99.612 95.8334 89.4638 87.2546 81.9282 79.0868 72.9996 70.6789 64.1812 63.0944 59.6447 58.7235 57.2491 55.6266 54.5988 54.0565 52.1084 51.8731 50.974 49.8038 48.4904
threshold=64.389019012451186 3.5000000000000004 18.184522628784183 18.440246582031254 0.013200879096984865 2.5052192211151127 15.533378601074221 0 1.0350248217582705 72.750000000000014 1 5.5000000000000009 -7.3080618381500235 2 30.412216186523441 1.7562074661254885 93.227191925048842 9.2651872634887713 9.5000000000000018 -4.140293836593627 -0.83900415897369374 9.1146039962768572 2.5052192211151127 25.574645996093754 -1.3339500427246092 3 0.20778441988119409 -6.0224449634551993 0.072748655913978513 96.750000000000014
decision_type=2 2 2 2 2 2 2 9 2 2 9 2 8 9 2 2 2 10 2 2 8 2 2 2 2 9 2 2 2 2
left_child=1 2 10 -3 26 8 7 -7 9 20 22 16 -9 -11 18 -10 -2 -12 21 -15 -6 -8 -1 -17 -13 -18 -5 -28 -14 -23
right_child=11 3 -4 4 5 6 14 12 15 13 17 24 28 19 -16 23 25 -19 -20 -21 -22 29 -24 -25 -26 -27 27 -29 -30 -31
leaf_value=0.0073361401682076974 0.026321763458640408 -0.027423551633305971 0.0087497913168693136 -0.041242899024921349 0.028444966085626872 -0.042610855768480824 0.037820280915520907 0.015571859701745613 0.084898486134464435 0.016856163301145591 -0.037220106705760501 0.02225452469763407 -0.0092810385625928301 0.0031276654497568663 0.058212482933200797 0.023008639253364362 -0.025708122369674787 0.0084584062162769286 0.050546089728124612 -0.018054638128618749 -0.02473787279026228 0.0048115588280948224 -0.030064172330743918 0.010132491323287383 0.044901642127151781 0.01212716619732661 0.030819814294756161 -0.027041876605978583 -0.028822599786356526 0.040321134849242261
leaf_weight=236.98326857155189 763.29839347302914 914.06055123358965 783.69879445899278 384.02395699033514 58.313602967187762 821.75510970037431 140.211415277794 179.46673572715372 36.353011594153941 934.19885698100552 2056.9789898134768 406.07918503880501 522.53013817826286 1831.4399838885292 76.184987388551235 1142.6023554536514 121.31696632504463 79.886057777795941 81.685498472303152 405.99758286727592 472.29617602657527 5285.3022704776376 171.27176442136988 2945.9576202183962 750.38050304353237 286.46615460515022 56.253428956959397 117.71195347979665 867.11447912082076 97.921353776007891
leaf_count=14870 3686 92040 22704 38681 2026 121467 3432 14877 2489 31359 258309 2067 44940 59539 786 24794 520 3846 1155 19347 25383 90400 18493 56503 4299 1317 3557 9122 95870 2619
internal_value=-0.000324877 -0.00340684 -0.0217611 0.000110316 0.00163958 0.00278445 -0.00238397 -0.0261367 0.00811465 0.0011584 -0.031156 0.0270849 -0.0171283 0.00451299 0.00761189 0.0143581 0.0173436 -0.035347 0.00692413 -0.000712815 -0.0188931 0.00627901 -0.00815436 0.0137309 0.0369493 0.000537986 -0.0309821 -0.00833173 -0.0214746 0.00545748
internal_weight=23027.7 20700.2 3328.82 17371.4 16457.3 15899.3 8072.17 2390.87 7827.16 3702.25 2545.12 2327.54 1569.11 3171.64 5681.31 4124.91 1171.08 2136.87 5605.12 2237.44 530.61 5523.44 408.255 4088.56 1156.46 407.783 557.989 173.965 1389.64 5383.22
internal_count=1070497 1058608 318222 740386 648346 596986 375546 277154 221440 137654 295518 11889 155687 110245 98392 83786 5523 262155 97606 78886 27409 96451 33363 81297 6366 1837 51360 12679 140810 93019
cat_boundaries=0 1 2 3 4
cat_threshold=292444429 1048578 407899536 590356
is_linear=0
shrinkage=0.05


Tree=40
num_leaves=31
num_cat=5
split_feature=0 11 0 2 0 0 15 7 0 15 8 6 2 15 0 0 0 2 8 15 6 8 15 2 13 0 11 12 2 6
split_gain=741.875 662.276 223.13 218.628 200.31 594.384 181.733 108.537 108.342 106.018 102.683 99.3423 88.2276 85.2768 82.3909 79.3709 85.123 79.2523 88.6887 87.1219 93.6728 82.1771 75.8441 83.9996 76.141 75.497 69.2974 66.9806 66.8948 66.1411
threshold=64.389019012451186 0.0072472330536846674 0.0074553845915943393 1006.9575500488282 2.5052192211151127 15.533378601074221 0 2.5000000000000004 15.533378601074221 1 9.5000000000000018 5.5246181488037118 997.83972167968761 2 2.5052192211151127 15.287225246429445 2.5052192211151127 997.56521606445324 8.5000000000000018 3 4.1523408889770517 7.5000000000000009 4 1002.8072204589845 1.9041270017623904 15.533378601074221 0.023777521761392733 0.10892266335814725 1002.867401123047 2.7889642715454106
decision_type=2 2 2 2 2 2 9 2 2 9 2 2 2 9 2 2 2 2 2 9 2 2 9 2 2 2 2 2 2 2
left_child=1 25 -3 4 7 9 8 -4 14 12 11 17 -6 -2 -5 16 -8 21 29 20 -20 -9 24 -24 -13 -1 -12 -17 -21 -19
right_child=13 2 3 6 5 -7 15 10 -10 -11 26 22 -14 -15 -16 27 -18 18 19 28 -22 -23 23 -25 -26 -27 -28 -29 -30 -31
leaf_value=-0.041478958757052098 0.037316182196993952 -0.034083635775325347 -0.023187487285474841 0.0097905882959405388 0.057769717885208398 0.0050811586455254965 -0.018746853149256205 0.063550474051725106 0.032643706027954654 -0.030061704962167271 0.024066189724789702 0.043205357874252948 -0.010693147612081542 0.017356960669326699 -0.032744701133445929 -0.019565675794827247 -0.04533408123770679 0.022025165087897869 0.12629282534875488 0.080756502285128873 0.04053755413562779 0.0040386428668132439 0.021286892513866094 -0.0047907529407678106 -0.0063559156949380665 -0.016704722304608725 0.15508002129552312 0.012816541993952282 0.0064006516884815906 0.0056276846886043601
leaf_weight=1141.8984493324533 1020.283562913537 494.91862799366936 269.02518861973658 296.46533746924251 54.331732665654272 5916.6373829776421 839.1192948021926 154.95513255288824 278.40815355814993 1853.0226580300368 20.471828051377088 80.925223137252033 351.50848742434755 1266.440906971693 184.8201162754558 417.83846647106111 469.49093864439055 801.28491791710258 46.875771251507103 34.526743618771434 99.306827590800822 92.715611295774579 815.97292934311554 496.82370792329311 1828.2331311227754 420.85437065782025 19.908251299522817 258.4717563809827 244.10721266828477 2644.8840338555165
leaf_count=211965 5614 47530 22644 18555 4050 108133 51782 2377 5757 223648 1221 4845 31621 6225 29782 17061 73350 16453 1085 817 2078 1500 17300 17001 62747 23856 312 6013 7809 47914
internal_value=-0.00051949 -0.00351493 -0.000949918 -6.68601e-05 0.00219246 -0.00324901 -0.0130942 0.0080077 0.00771601 -0.0250682 0.00914472 0.00870732 -0.00149097 0.0265014 -0.00654354 -0.020992 -0.0282856 0.0138519 0.0120975 0.0336532 0.0636801 0.0412722 0.0021309 0.0113316 -0.00423295 -0.0348072 0.0886588 -0.00718986 0.0150734 0.00944034
internal_weight=22914.5 20627.8 19065 18570.1 15825.5 8175.5 2744.61 7650.02 759.694 2258.86 7380.99 7340.61 405.84 2286.72 481.285 1984.92 1308.61 4118.66 3870.99 424.817 146.183 247.671 3221.95 1312.8 1909.16 1562.75 40.3801 676.31 278.634 3446.17
internal_count=1071045 1059206 823385 775855 573555 367452 202300 206103 54094 259319 183459 181926 35671 11839 48337 148206 125132 80033 76156 11789 3163 3877 101893 34301 67592 235821 1533 23074 8626 64367
cat_boundaries=0 1 2 3 4 5
cat_threshold=115360657 1057920 507820067 1052706 106992032
is_linear=0
shrinkage=0.05


Tree=41
num_leaves=31
num_cat=3
split_feature=11 0 0 7 2 0 12 9 1 15 0 0 0 15 0 0 11 1 2 11 15 6 12 0 0 0 13 4 6 9
split_gain=687.994 524.785 218.85 186.738 142.885 110.162 107.566 98.3036 96.3777 94.3019 80.2362 77.9767 240.584 78.9671 77.104 123.399 77.8879 70.2364 73.4991 59.6942 58.6127 58.1519 68.4495 56.3621 54.8081 383.413 66.354 54.4063 68.3737 54.3584
threshold=0.011404965211891211 64.389019012451186 15.533378601074221 6.5000000000000009 1006.349334716797 0.0021131278481334452 0.058030678998420938 -8.5348868370056135 18.440246582031254 0 0.06065612472593785 2.5052192211151127 14.330184936523439 1 2.5052192211151127 0.82475242018699657 0.0030366387893269618 28.650405883789066 998.76528930664074 0.0012509663363553308 2 3.3458967208862309 0.15528673835125451 93.227191925048842 2.5052192211151127 15.533378601074221 12.763010501861574 75.750000000000014 2.0432844161987309 -2.7253007888793941
decision_type=2 2 2 2 2 2 2 8 2 9 2 2 2 9 2 2 2 2 2 2 9 2 2 2 2 2 2 2 2 10
left_child=2 3 14 4 7 -5 9 20 -7 -3 -9 13 -13 17 15 -1 -17 -12 -19 -4 -2 22 -15 -11 -10 26 -26 28 -28 -18
right_child=1 6 19 5 -6 8 -8 10 24 23 11 12 -14 21 -16 16 29 18 -20 -21 -22 -23 -24 -25 25 -27 27 -29 -30 -31
leaf_value=-0.039739948604826554 -0.010038448508595185 -0.030300655741076096 -0.047898211097687694 -0.031234491952282079 -0.022959057831775695 -0.018355137702874759 0.036811008771908099 -0.034720257620268369 0.0097238856804746296 0.029080567860376539 0.026902940281822153 -0.032921427910894023 -0.00053516313475329973 0.010823432770365233 -0.046876956192927456 -0.03961279610605712 0.046437867278087658 0.046796360506488811 -0.010816107714849608 -0.000858531076716252 0.023168964058056858 -0.0087637272528004444 0.15269332790784537 0.0031144875268638494 -0.025609008637652694 0.010687986117307686 0.30288927696969259 0.0010073009048965429 0.033503254396199403 -0.0035953101325308726
leaf_weight=652.94645654549822 176.06409200420603 98.852083534002304 72.941926904022694 212.83707620436326 1063.3039558385499 419.96741944737732 1139.813979819417 222.8561050677672 5083.5180325508118 570.88896667957306 491.88941338052973 807.09309967886657 1980.7397582847625 323.46047852234915 698.24487245455384 126.27613867633045 67.778291493654251 66.327869203872979 334.75535594811663 894.8016166780144 505.71929238783196 1371.3975218269043 8.7316772909834963 329.66453374922276 1112.1091516176239 3565.3763788882643 3.3925870074890536 145.67032220819965 7.7052413867786527 272.71305513568223
leaf_count=112521 5460 442 5629 17605 80687 34905 6480 21608 116108 2852 10814 102486 47073 7650 146386 21437 4764 1002 8848 33326 15477 48403 199 1514 125222 50837 231 10428 502 30995
internal_value=-0.000329527 0.0029066 -0.0236123 0.000109842 -0.00600731 0.00437268 0.0263124 -0.00314123 0.00510577 0.0143387 -0.005321 -0.00410419 -0.00991117 0.00213054 -0.0338373 -0.0257059 -0.00607403 0.0140828 -0.00128863 -0.00440406 0.0147861 -0.00419256 0.0145525 0.0193602 0.00609922 0.00228766 -0.0213161 0.00913746 0.115854 0.00636431
internal_weight=22827.8 20042.1 2785.7 17902.9 7352.34 10550.6 2139.22 6289.03 10337.7 999.406 5607.25 5384.4 2787.83 2596.56 1817.96 1119.71 466.767 892.973 401.083 967.744 681.783 1703.59 332.192 900.554 9917.77 4834.25 1268.88 156.768 11.0978 340.491
internal_count=1071891 716833 355058 705545 349707 355838 11288 269020 338233 4808 248083 226475 149559 76916 316103 169717 57196 20664 9850 38955 20937 56252 7849 4366 303328 187220 136383 11161 733 35759
cat_boundaries=0 1 2 3
cat_threshold=65552 17832962 170166529
is_linear=0
shrinkage=0.05


Tree=42
num_leaves=31
num_cat=5
split_feature=0 7 5 2 0 0 0 0 0 15 4 15 7 0 4 0 15 2 1 3 8 15 8 4 3 15 6 0 1 2
split_gain=574.424 402.66 314.591 289.04 206.734 197.996 163.741 488.615 125.789 115.495 97.3843 97.0283 96.2837 95.5734 92.2164 104.932 78.7661 77.5057 175.012 108.879 129.892 96.4556 82.1254 67.9346 68.3122 66.1897 62.5633 62.4373 58.3137 93.678
threshold=64.389019012451186 2.5000000000000004 24.899605751037601 1006.9575500488282 15.533378601074221 0.0074553845915943393 2.5052192211151127 13.892355442047121 2.5052192211151127 0 78.750000000000014 1 3.5000000000000004 0.67048618197441112 72.750000000000014 0.71942013502120983 2 1001.0069580078126 28.603759765625004 26.249999999999996 7.5000000000000009 3 9.5000000000000018 81.750000000000014 23.250000000000004 4 1.0000000180025095e-35 19.056168556213382 25.485198974609379 1002.867401123047
decision_type=2 2 2 2 2 2 2 2 2 9 2 9 2 2 2 2 9 2 2 2 2 9 2 2 2 9 2 2 2 2
left_child=1 2 -1 5 8 -3 14 11 13 27 -9 -8 -2 -5 15 -7 -15 21 19 20 -19 -16 28 -24 -25 -20 -14 -6 -22 -30
right_child=12 3 -4 4 9 6 7 10 -10 -11 -12 -13 26 16 17 -17 -18 18 25 -21 22 -23 23 24 -26 -27 -28 -29 29 -31
leaf_value=-0.035503083471383083 0.0081225730457778721 -0.031972333951036498 0.015541807707676686 -0.031672312835713409 0.050823714537279602 -0.026184514640424202 -0.014360477798786506 0.012679112511857639 -0.04164172751079085 -0.0099742677188292758 -0.00060983387635217871 -0.037736941740637207 0.019487977513501554 0.021939203151560855 0.041662314499304354 0.0064076346422271072 -0.013422570972417747 -0.00015232319114995529 0.01248430209639936 -0.019262800268417507 0.032769634407317769 0.01286020426286362 -0.020115015221971188 0.23426593577774787 0.05448137717344298 -0.017339303509742367 0.039749913776436108 0.009058496504492192 0.038182724859221667 0.0023526457072219099
leaf_weight=1503.930628831964 701.29249931871891 423.76644474035129 377.63576542865485 538.7227049251087 151.41187725495547 395.9797047637403 1082.2353089414537 2315.5140520413406 687.02488000551239 574.22355161560699 3407.2927107601427 802.12445352040231 702.00040619075298 201.97110669268295 329.63598486362025 656.21248301584274 607.31591262621805 861.19197438471019 229.63694601692259 247.56331769842654 727.81152519304305 2372.3480718173087 7.6959586148150292 11.713339421432467 9.6255068038590235 880.39283945318311 833.10133345425129 218.79737577866763 264.75152388773859 586.64565942529589
leaf_count=203358 3195 44417 8825 57881 3642 24033 105131 36059 121960 20358 76856 121320 3704 10066 7356 15620 41400 23895 15062 13587 12883 51756 578 231 281 21400 4965 4870 3007 14295
internal_value=-0.000588295 -0.00321653 -0.0252582 -0.000985793 -0.0152567 0.00173771 0.00267825 -0.00250439 -0.0242291 0.00407661 0.00476703 -0.0245877 0.023472 -0.0153546 0.00787864 -0.00585802 -0.00449221 0.0100924 0.00551494 0.0123493 0.0155184 0.0165758 0.0239099 0.107238 0.153169 -0.0112133 0.0304842 0.0254525 0.0223778 0.0134944
internal_weight=22709.6 20473.2 1881.57 18591.6 2979.47 15612.1 15188.4 7607.17 2035.03 944.433 5722.81 1884.36 2236.39 1348.01 7581.2 1052.19 809.287 6529.01 3827.03 2717 2469.44 2701.98 1608.24 29.0348 21.3388 1110.03 1535.1 370.209 1579.21 851.397
internal_count=1071991 1060127 212183 847944 260177 587767 543350 339366 231307 28870 112915 226451 11864 109347 203984 39653 51466 164331 105219 68757 55170 59112 31275 1090 512 36462 8669 8512 30185 17302
cat_boundaries=0 1 2 3 4 5
cat_threshold=123749907 9561762 342133680 1154 291638537
is_linear=0
shrinkage=0.05


Tree=43
num_leaves=31
num_cat=5
split_feature=11 0 7 5 7 15 0 0 0 0 7 15 0 1 9 0 0 15 15 9 12 11 8 5 3 15 3 9 3 14
split_gain=621.694 453.88 180.081 137.119 194.356 115.702 130.69 103.526 96.3399 120.764 95.2995 85.7889 85.5797 81.8135 76.3921 67.8149 327.377 74.8681 65.5666 59.3688 50.3269 50.1225 50.0719 50.0509 49.6107 52.0526 48.3081 46.8986 45.6822 44.4362
threshold=0.0072472330536846674 64.389019012451186 6.5000000000000009 20.609608650207523 2.5000000000000004 0 0.069450922310352339 15.533378601074221 2.5052192211151127 9.4400191307067889 1.5000000000000002 1 0.0055068337824195632 18.440246582031254 -0.91678190231323231 2.5052192211151127 14.794556617736818 2 3 0.42987588047981268 0.086148007590132844 0.010090827631150214 9.5000000000000018 9.3773798942565936 9.75 4 18.750000000000004 -15.675789356231688 9.75 2.7094049453735356
decision_type=2 2 2 2 2 9 2 2 2 2 2 9 2 2 8 2 2 9 9 10 2 2 2 2 2 9 2 8 2 2
left_child=7 2 3 4 -2 6 -6 -1 14 -10 -3 26 29 -14 21 24 17 -17 -5 -16 -19 -8 23 28 -15 -26 -12 -27 -18 -4
right_child=1 10 12 18 5 -7 8 -9 9 -11 11 -13 13 15 19 16 22 20 -20 -21 -22 -23 -24 -25 25 27 -28 -29 -30 -31
leaf_value=-0.040537158652314581 -0.032209414031773714 -0.010643671524840683 -0.027003909083247391 -0.0029805315578739604 -0.036651052853602123 -0.023051936466819311 0.11506042831451335 -0.012208814227256771 -0.029564946678142884 -0.0012471110990023232 -0.02644917014340973 0.035988233494309518 -0.016487428612573785 -0.029818778786191505 -0.0060456651240508126 -0.037575514493897483 0.16619298467787497 0.0036923691141347889 0.017721336018081763 0.015060505227507685 -0.022114244541346181 0.014870761390637786 0.053721674854938485 0.0063079352518486528 0.031267425703046824 0.03897124242563807 0.017963184399932851 0.0076886634293706069 0.029745278863055932 0.11925896885876508
leaf_weight=1024.0171468602493 827.85162213072181 186.99128134548664 268.1629652986303 787.66372340824455 275.63879421865568 860.39997414359823 12.656115500256417 470.78467765310779 561.72483758628368 1141.7405277970247 66.259489640593529 1099.8989441096783 459.320429448504 80.748527734540403 1471.890125492122 448.02949428278953 6.3998036338016382 315.81872538570315 733.43045308347791 430.66722010122612 470.17361622722819 913.86056920839474 59.58920840267092 3545.8096600077115 257.60764300217852 122.90432826522738 806.37083272635937 4759.457235311158 147.77390632033348 5.2954313070513299
leaf_count=211439 93948 811 24524 16999 29698 77691 919 24039 69991 46187 354 6407 40882 6132 54781 68840 255 24881 12988 11727 51926 16039 655 52231 12853 1081 4079 103265 4842 451
internal_value=-0.000453591 0.00175149 -0.000721701 -0.00641496 -0.00957898 -0.00627398 -0.00321702 -0.0316152 -0.00119088 -0.010585 0.0234707 0.0267047 0.00344797 0.00415559 0.00446561 0.00508387 0.000918184 -0.0214276 0.00709826 -0.00126802 -0.0115974 0.0162393 0.00825284 0.00752055 0.00906833 0.00967924 0.0144256 0.00845882 0.0354093 -0.0241716
internal_weight=22618.9 21124.1 18964.6 8017.52 6496.43 5668.58 4808.18 1494.8 4532.54 1703.47 2159.52 1972.53 10947.1 10673.6 2829.07 10214.3 4993.59 1234.02 1521.09 1902.56 785.992 926.517 3759.57 3699.98 5220.72 5139.97 872.63 4882.36 154.174 273.458
internal_count=1070915 835437 823786 430968 400981 307033 229342 235478 199644 116178 11651 10840 392818 367843 83466 326961 203630 145647 29987 66508 76807 16958 57983 57328 123331 117199 4433 104346 5097 24975
cat_boundaries=0 1 2 3 4 5
cat_threshold=357666226 2819868 521033741 308578605 17048593
is_linear=0
shrinkage=0.05


Tree=44
num_leaves=31
num_cat=3
split_feature=11 0 0 6 0 7 5 7 12 0 0 2 15 15 3 15 9 3 2 3 3 4 12 12 2 11 12 0 12 0
split_gain=560.904 454.504 188.87 162.86 143.162 132.768 135.899 117.866 92.2046 75.7169 342.915 74.133 69.5184 66.3495 64.1279 63.8027 63.6845 62.2061 60.2155 65.9188 68.153 52.1333 69.6962 51.9222 97.7455 50.6522 50.2768 50.0186 49.0105 44.4797
threshold=0.0093887192212254254 64.389019012451186 15.533378601074221 -6.8922386169433585 0.0074553845915943393 5.5000000000000009 24.899605751037601 2.5000000000000004 0.058030678998420938 2.5052192211151127 15.04286575317383 1002.8072204589845 0 1 21.75 2 -22.790141105651852 11.249999999999995 1012.2023925781251 20.249999999999996 26.249999999999996 80.250000000000014 0.23941532258064521 0.065808519437551713 997.04989624023449 0.0013664874551971328 0.030510752688172046 25.624809265136722 0.20778441988119409 93.227191925048842
decision_type=2 2 2 2 2 2 2 2 2 2 2 2 9 9 2 9 8 2 2 2 2 2 2 2 2 2 2 2 2 2
left_child=2 3 -1 -2 28 6 7 -6 13 18 12 14 -11 -3 -9 -8 -13 27 -7 -20 -21 22 -19 24 -14 -4 -17 -12 -5 -15
right_child=1 8 25 4 5 9 15 11 -10 10 17 16 23 29 -16 26 -18 21 19 20 -22 -23 -24 -25 -26 -27 -28 -29 -30 -31
leaf_value=-0.037345865676955484 -0.028053077055544547 -0.024394433046418248 -0.043455517202783817 -0.040987194086417079 -0.028456911851414021 0.0071872972818500282 -0.010589579380285929 0.011317673294353663 0.03368449106199186 -0.034915411374541495 0.051470730129267707 0.076167633070327798 0.1133369473089843 0.025827370936778771 -0.0065943612068842007 0.039355426659308579 -0.016113289136859818 0.0096376962406035677 -0.051845715807989273 0.26394694159019788 0.063616238882400117 6.5090867440595877e-05 0.073731943906948816 -0.021006048341283785 -0.0031067600471599501 0.00011396775720088865 0.010132109350600837 -0.013263685218572852 -0.0037631910822642669 0.0026643609275649946
leaf_weight=1287.851968399249 526.9330765819177 100.71542982757092 75.028183911461383 277.92207172559574 694.64252061629668 6248.064714434091 233.48353946581483 780.57467832090333 1119.0235683619976 563.53962686751038 128.18071583937854 18.950647928752005 19.160944309551269 557.30673514306545 1388.599493694026 220.1615429231897 1391.6906079500914 2089.9650620291941 6.6113547622226205 6.4225944504141834 12.524640734773127 2281.1918141329661 43.292767733801156 608.29032522346824 303.2107703560032 601.49594112299383 443.99223224632442 38.894734155386686 129.69004902709275 329.97229148447514
leaf_count=262614 57118 451 6047 31840 71230 143443 3806 27429 6670 87020 2994 667 1068 2876 70446 4148 86467 26253 307 122 525 42030 323 67748 23874 24388 7976 868 9644 1538
internal_value=-0.000582528 0.001856 -0.0261089 -0.000655661 0.000149546 0.000831011 -0.00589443 -0.00960854 0.0238564 0.00364773 -0.000330635 -0.00595112 -0.0211307 0.0127249 -0.000148737 0.0117918 -0.0148736 0.00645302 0.0075006 0.0840901 0.131523 0.00531957 0.0109384 -0.0122766 0.00381435 -0.00471799 0.0195254 0.0364007 -0.0291436 0.0170214
internal_weight=22527.4 20563 1964.38 18456 17929.1 17521.4 5172.1 4274.46 2107.02 12349.4 6075.73 3579.82 1494.2 987.994 2169.17 897.637 1410.64 4581.53 6273.62 25.5586 18.9472 4414.45 2133.26 930.662 322.372 676.524 664.154 167.075 407.612 887.279
internal_count=1071930 778881 293049 767346 710228 668744 272169 256239 11535 396575 252178 185009 179710 4865 97875 15930 87134 72468 144397 954 647 68606 26576 92690 24942 30435 12124 3862 41484 4414
cat_boundaries=0 1 2 3
cat_threshold=357456141 65552 33851521
is_linear=0
shrinkage=0.05


Tree=45
num_leaves=31
num_cat=0
split_feature=0 7 0 2 0 0 0 0 0 0 7 1 5 2 3 1 3 4 10 8 2 12 6 3 8 4 8 3 13 8
split_gain=468.682 343.906 257.222 249.354 179.123 153.59 125.028 121.965 370.262 102.312 87.8846 83.037 110.871 92.5661 92.991 77.3101 76.2192 92.2373 75.2175 73.1353 78.5093 72.5574 72.4141 72.3241 103.314 72.1165 72.0562 156.593 71.8788 68.2877
threshold=64.389019012451186 2.5000000000000004 31.719656944274906 1006.7943420410157 15.533378601074221 0.013200879096984865 2.5052192211151127 2.5052192211151127 14.794556617736818 0.5961444377899171 2.5000000000000004 25.001846313476566 -3.0460926294326778 1002.3335571289064 32.249999999999993 29.525100708007816 21.75 72.750000000000014 -2.1311950683593746 8.5000000000000018 997.04989624023449 0.2190758390355165 7.089954376220704 11.249999999999995 8.5000000000000018 78.750000000000014 8.5000000000000018 23.250000000000004 6.0153558254241952 6.5000000000000009
decision_type=2 2 2 2 2 2 2 2 2 2 2 2 2 2 2 2 2 2 8 2 2 2 2 2 2 2 2 2 2 2
left_child=1 2 -1 5 6 21 9 11 -9 -5 -2 12 -7 14 16 25 19 26 -6 20 -13 -3 -19 -20 -25 -10 -18 -28 -21 -24
right_child=10 3 -4 4 18 7 -8 8 15 -11 -12 13 -14 -15 -16 -17 17 22 23 28 -22 -23 29 24 -26 -27 27 -29 -30 -31
leaf_value=-0.033800278430974981 0.0024832338096559634 -0.038462936629194755 0.01256896851929705 -0.032090429285176421 0.13432714159570186 0.014242018579144198 -0.040339427802046399 -0.021244387095075437 0.010510722834228275 -0.0035513002250017276 0.027067721097182459 0.069724481694893509 0.064117296212035754 -0.0034216967052376809 0.11154280579087023 0.035128819121809811 -0.016389303667935971 0.015611204445820179 0.029635814566617541 0.16661887600287725 0.01371555922688417 0.0083558254743058176 0.012099345865954687 -0.023768992738078521 0.012053717531930609 -0.0012040643284951774 0.2658401350495081 0.00090780280613492843 0.02775137212904041 -0.018600487344621393
leaf_weight=1372.987366782967 461.1871362477541 335.43880790797994 382.37281636055559 487.31341951433569 10.869060168042777 1090.8944587334991 648.96220458904281 1822.2655357567128 2211.6278216196224 883.20103485556319 1716.590162307024 65.721488106064498 124.10188473341987 2131.790188679006 22.150020115077496 200.99023375287652 611.68977316608652 1413.8774209069088 192.45271296286955 16.166837841272354 1303.6320844786242 109.85347207775339 349.32697259867564 373.46246487414464 436.53087459690869 3235.8687186278403 7.2015345464460578 24.733128538355231 21.997368718497455 376.22345240553841
leaf_count=203729 2070 40751 8548 56365 141 26957 126054 231236 31687 56689 9908 703 2404 67061 1810 2621 23308 23939 5724 472 20515 8454 13248 13889 10822 67876 180 1483 260 13065
internal_value=-0.000179768 -0.00254858 -0.0236996 -0.000542586 -0.0136524 0.00202658 -0.0222599 0.00288395 -0.00164679 -0.0136989 0.0218615 0.0073615 0.0193364 0.00506827 0.0093645 0.00467562 0.00882442 0.00402894 0.00350187 0.0183064 0.0164037 -0.0269128 0.00902158 0.00208339 -0.00446301 0.00355202 -0.0125667 0.0606523 0.0865774 -0.0038196
internal_weight=22441.5 20263.7 1755.36 18508.3 3032.79 15475.6 2019.48 15030.3 7470.75 1370.51 2177.78 7559.51 1215 6344.51 4212.72 5648.49 4190.57 2783.05 1013.32 1407.52 1369.35 445.292 2139.43 1002.45 809.993 5447.5 643.624 31.9347 38.1642 725.55
internal_count=1071969 1059991 212277 847714 269684 578030 239108 528825 333420 113054 11978 195405 29361 166044 98983 102184 97173 75223 30576 21950 21218 49205 50252 30435 24711 99563 24971 1663 732 26313
is_linear=0
shrinkage=0.05


Tree=46
num_leaves=31
num_cat=6
split_feature=11 0 0 7 2 15 0 0 9 0 0 15 0 0 9 11 15 7 1 3 4 0 15 9 2 11 15 10 2 15
split_gain=476.601 341.237 199.425 132.511 106.143 101.135 86.7459 74.9706 72.1803 72.619 204.88 73.2846 69.2752 101.905 61.5428 60.9775 60.951 56.8968 56.1691 54.4186 55.8837 54.8498 52.3653 64.8672 49.0889 68.5692 48.7112 47.5881 52.4975 51.6867
threshold=0.010777578653922742 64.389019012451186 15.533378601074221 6.5000000000000009 1006.6261596679689 0 0.13391963392496112 0.0021131278481334452 -22.790141105651852 2.5052192211151127 13.682498455047609 1 2.5052192211151127 0.54933226108551036 5.7587678432464608 0.0027329749103942656 2 2.5000000000000004 29.811859130859379 27.749999999999993 78.750000000000014 15.533378601074221 3 -7.6540274620056143 1000.9397277832032 0.031420595533498762 4 0.56703186035156261 1002.7501220703126 5
decision_type=2 2 2 2 2 9 2 2 8 2 2 9 2 2 10 2 9 2 2 2 2 2 9 8 2 2 9 10 2 9
left_child=2 3 12 4 6 -3 -2 -5 -8 11 -11 18 13 -1 -6 -15 -12 -13 24 27 21 -21 23 -17 25 -10 -4 28 -9 -30
right_child=1 5 26 7 14 -7 8 19 9 10 16 17 -14 15 -16 22 -18 -19 -20 20 -22 -23 -24 -25 -26 -27 -28 -29 29 -31
leaf_value=-0.042024089123688976 -0.028401986181823574 0.034914186884619336 0.0073030806770582272 -0.027744003954053537 -0.026599750026741087 0.011913501602870413 0.024158862847994511 0.0076011904563382752 0.11949915442808733 -0.030103869561496074 -0.011818259019037179 -0.032553553902222851 -0.046545750217995688 -0.038032188620800378 0.009430101674971365 0.21039907071588571 0.0053099099455111501 0.00084651613127617728 -0.0088315863806235663 -0.0053791358256884787 -0.019501347254338056 0.028519290075861708 -0.013904406427617425 0.019325440208701819 0.01763334655614476 0.031695547850467153 -0.015909352223593198 0.014521983873668163 0.0092310789700348166 -0.0041075007158180013
leaf_weight=431.69025087729096 316.67061404138803 838.48991806805134 509.90608063200489 187.73942085541785 775.93067256361246 1181.2892838418484 261.10069947503507 4484.0226803021505 30.308072669431567 780.34445463912562 773.2214887230657 136.5335108153522 560.82226392952725 130.8743095016107 139.88729034317657 4.5826107272878289 1532.0643252846785 1928.601837569382 148.12507316982374 462.50676163611934 467.51958627346903 160.82694473490119 213.9879950187169 144.60923472139984 378.86089030466974 83.480074116960168 390.74700349429622 1232.4344588518143 988.07871285406873 2657.2308168564923
leaf_count=90876 31031 5174 17212 17731 71676 6169 6472 106443 686 110494 21389 11108 141839 26320 4894 245 37069 49761 4076 28617 31315 1567 26600 17924 9889 689 20402 32629 31222 110036
internal_value=-0.000316417 0.00221058 -0.0214295 1.52793e-05 -0.00518014 0.0216938 -0.00289161 0.00357242 -0.00155692 -0.00271627 -0.00795931 0.00326252 -0.0326782 -0.0242771 -0.0210963 -0.00877038 -0.000463323 -0.00135512 0.0178866 0.0041349 -0.00643393 0.00336703 0.00177431 0.0236119 0.0262831 0.0550825 -0.00286315 0.0053664 0.00397838 -0.000477959
internal_weight=22332.5 19945.3 2387.22 17925.5 7285.13 2019.78 6369.31 10640.4 6052.64 5791.54 3085.63 2705.91 1486.57 925.744 915.818 494.054 2305.29 2065.14 640.774 10452.6 1090.85 623.334 363.18 149.192 492.649 113.788 900.653 9361.77 8129.33 3645.31
internal_count=1071555 730137 341418 718794 359234 11343 282664 359560 251633 245161 168952 76209 303804 161965 76570 71089 58458 60869 15340 341829 61499 30184 44769 18169 11264 1375 37614 280330 247701 141258
cat_boundaries=0 1 2 3 4 5 6
cat_threshold=240433187 16784387 33851931 30328850 224495491 68206628
is_linear=0
shrinkage=0.05


Tree=47
num_leaves=31
num_cat=5
split_feature=11 0 0 9 7 15 2 0 9 12 3 15 0 0 0 15 13 2 12 5 0 13 5 0 9 11 13 15 15 5
split_gain=490.378 314.395 143.698 132.18 145.964 96.6674 95.7932 76.8393 71.2309 64.3813 93.6026 62.5742 57.762 51.9874 313.034 66.7082 56.5442 50.8484 47.1492 44.5008 44.065 44.0379 49.0799 43.461 70.0128 42.3116 47.1528 40.7748 40.7055 81.8915
threshold=0.0095406105990783422 64.389019012451186 15.533378601074221 -15.675789356231688 6.5000000000000009 0 1006.2982482910157 0.052361298352479942 5.7587678432464608 0.066090629800307235 20.249999999999996 1 0.0074553845915943393 2.5052192211151127 15.533378601074221 2 5.3145437240600595 1007.1259765625001 0.086148007590132844 -7.8364450931549063 74.760589599609389 2.0175838470458989 -5.6865670680999747 2.5052192211151127 -2.8301908969879146 0.0013664874551971328 1.5373896956443789 3 4 -3.2142448425292964
decision_type=2 2 2 8 2 9 2 2 10 2 2 9 2 2 2 9 2 2 2 2 2 2 2 2 8 2 2 9 9 2
left_child=2 3 23 -2 6 -3 7 -5 -8 10 -7 21 28 19 15 -15 17 -16 -17 -14 -12 22 -9 24 -1 -4 -27 -10 29 -6
right_child=1 5 25 4 12 9 8 11 27 -11 20 -13 13 14 16 18 -18 -19 -20 -21 -22 -23 -24 -25 -26 26 -28 -29 -30 -31
leaf_value=0.031716592060262408 0.018177284123848132 0.033422267887303771 -0.043650637029379054 -0.0348773714125966 0.0077978008878287035 -0.053062958379375774 -0.026427149085268765 0.12642249723304796 0.036097753722074986 0.026258747802012452 0.027642190507829501 -0.0070999049307949973 -0.031428211810707714 -0.037790754358184617 0.014335873918807316 0.0018689211447961232 0.0041056981852087334 0.054631046426742547 -0.023390785396456643 0.0069383562781789275 -0.00039210901895438631 0.0028349890601172575 0.013517984962963983 -0.047552489474003673 -0.031876910082965192 0.061618884737665074 -0.0056987815537753554 -0.011077225096451773 -0.028790498343215662 0.276646821300571
leaf_weight=46.10582143208012 904.60127917095087 826.25513178110123 70.459991215728223 201.31724949833006 39.169426274020225 69.757821887731552 896.93874412099831 15.205155602656303 66.98608436062932 435.96243883669376 197.58221973478794 3867.7874991246499 76.694705352652818 453.00512231187895 394.46862013451755 307.93406386813149 3140.4059146558866 97.677092332392931 461.76557540777139 5195.6472066803835 482.38784773647785 1869.0911803846247 26.230125964619219 455.23414505366236 706.28508634539321 27.184360422194004 603.66290477989241 106.75134798628278 219.45762025518343 3.0532358111813656
leaf_count=4905 22480 5172 6030 24875 2714 322 87284 1111 2398 2557 1030 176383 2371 76217 3006 25425 50349 1336 56521 125436 2335 76092 1504 122547 140647 465 24804 3729 21883 218
internal_value=-0.000672772 0.00159956 -0.024904 -0.00045832 -0.00142496 0.0203625 -0.00697777 -0.00451159 -0.0207512 0.010888 0.00209529 -0.00345364 0.00234325 0.00294254 -0.000790495 -0.0226734 0.00657522 0.0223333 -0.0131147 0.00638025 0.00775395 0.0039446 0.0549496 -0.0353581 -0.02798 -0.00690239 -0.00279794 0.00855166 -0.0208502 0.0220231
internal_weight=22265.1 20356.1 1908.93 18344.2 17439.6 2011.95 7050.31 5979.63 1070.68 1185.69 749.728 5778.31 10389.3 10127.6 4855.26 1222.7 3632.55 492.146 769.7 5272.34 679.97 1910.53 41.4353 1207.63 752.391 701.307 630.847 173.737 261.68 42.2227
internal_count=1072146 772748 299398 761332 738852 11416 373376 279965 93411 6244 3687 255090 365476 340661 212854 158163 54691 4342 81946 127807 3365 78707 2615 268099 145552 31299 25269 6127 24815 2932
cat_boundaries=0 1 2 3 4 5
cat_threshold=106215459 156400642 424040733 4256531 2165024
is_linear=0
shrinkage=0.05


Tree=48
num_leaves=31
num_cat=1
split_feature=11 0 7 0 5 2 15 0 3 8 2 0 12 0 0 0 9 9 3 0 9 0 12 5 5 8 0 0 3 3
split_gain=430.45 315.145 162.168 145.122 133.603 122.525 89.6924 76.0589 58.9404 106.598 80.7467 55.0485 59.4967 55.2493 52.6591 128.21 68.0241 58.5655 54.4787 71.3431 51.3443 65.9139 50.2178 48.7354 72.7549 70.9722 66.7859 67.0762 50.1116 64.2748
threshold=0.0056267806267806279 57.062005996704109 2.5000000000000004 0.013200879096984865 19.735170364379886 1003.8590698242189 0 28.310295104980472 21.75 7.5000000000000009 999.53042602539074 17.609004020690922 0.080726621049201711 0.39536733925342565 15.533378601074221 2.5618450641632085 -1.8914017677307127 -15.675789356231688 11.249999999999995 19.056168556213382 50.050086975097663 93.227191925048842 0.22016875746714459 -4.5663549900054923 11.11069440841675 8.5000000000000018 2.5052192211151127 1.6668825745582583 15.749999999999996 23.250000000000004
decision_type=2 2 2 2 2 2 9 2 2 2 2 2 2 2 2 2 10 8 2 2 8 2 2 2 2 2 2 2 2 2
left_child=7 2 4 22 -2 8 23 -1 9 10 -5 12 -11 -14 15 16 -8 -17 19 -16 21 -3 -4 28 26 -26 27 -25 -7 -30
right_child=1 20 3 5 -6 6 14 -9 -10 11 -12 -13 13 -15 18 17 -18 -19 -20 -21 -22 -23 -24 24 25 -27 -28 -29 29 -31
leaf_value=-0.036909899349994342 -0.030724899185244944 0.018563889877011321 -0.037819482260873907 0.015903860448216369 0.006507497134204298 -0.02125703466023196 0.019307031285901954 0.0011540766271892272 0.0011125959946376731 0.017921814249556616 -0.0054278378686240221 0.0016846870049281636 0.15191600474749922 0.040400017040741976 0.070627709637312117 0.10555634997295785 -0.0051834247140000551 -0.031094163528435827 0.0056188880694609004 0.0080201506711898192 0.028384362761796428 -0.0047802412851595984 -0.0010813912641426174 -0.02147874918144033 -0.012903032596236229 0.013998100941829177 -0.032133794977882067 0.0056560387027886341 0.018581615238165452 -0.023918781593596672
leaf_weight=919.94932477385737 797.34946155920625 1240.2910047136247 335.15469824057072 636.36118941265158 345.27820592094213 181.28209378593601 486.18660168652423 153.07618502853438 7256.762514015194 1192.1587950983085 1464.7000549568329 421.17407766915858 11.748430958483366 203.39989137020893 83.112113974057138 8.0073232818394882 680.24605247238651 376.98923698673025 671.19103301130235 100.55581588298082 790.61273339763284 399.87699738144875 128.7501248056069 630.79571216320619 679.16687688278034 383.69669153401628 670.10224973829463 356.44148606527597 406.09722567792051 113.91409705602564
leaf_count=197503 107758 8565 43368 14017 9401 8385 14305 4927 239090 25550 50030 5893 453 8039 1796 898 37014 67629 13021 2227 5163 1976 10393 28649 21157 9444 100161 11770 11061 12051
internal_value=-0.000588825 0.000985738 -0.00122461 -3.15488e-05 -0.019474 0.000720767 -0.00515778 -0.0314798 0.00378334 0.00871546 0.00103302 0.0175432 0.0222892 0.0464895 0.00224796 -0.00323323 0.00502456 -0.028252 0.0122217 0.0363509 0.0179178 0.0128725 -0.0276234 -0.0103425 -0.0134026 -0.00319165 -0.019951 -0.0116817 0.00137993 0.00927144
internal_weight=22124.4 21051.4 18620.6 17478 1142.63 17014.1 5827.78 1073.03 11186.3 3929.54 2101.06 1828.48 1407.31 215.148 2406.29 1551.43 1166.43 384.997 854.859 183.668 2430.78 1640.17 463.905 3421.5 2720.2 1062.86 1657.34 987.237 701.293 520.011
internal_count=1071694 869264 853560 736401 117159 682640 339568 202430 343072 103982 64047 39935 34042 8492 136890 119846 51319 68527 17044 4023 15704 10541 53761 202678 171181 30601 140580 40419 31497 23112
cat_boundaries=0 1
cat_threshold=437204110
is_linear=0
shrinkage=0.05


Tree=49
num_leaves=31
num_cat=0
split_feature=11 0 0 1 7 5 7 9 0 7 13 4 0 2 8 0 0 1 2 5 6 2 11 4 10 6 10 4 8 1
split_gain=436.886 283 134.717 132.843 114.743 132.181 83.2697 74.1975 68.2552 68.2184 66.0996 65.9252 63.0557 58.0777 61.1309 60.8702 100.936 85.6093 67.1629 85.3738 75.1356 53.2107 57.4333 50.5459 48.239 46.2249 43.4663 39.448 43.8066 38.2631
threshold=0.0056267806267806279 64.389019012451186 0.0074553845915943393 17.232894897460941 3.5000000000000004 17.468769073486332 4.5000000000000009 -34.609060287475579 93.227191925048842 1.5000000000000002 1.7642099857330324 77.250000000000014 29.398803710937504 1002.8072204589845 8.5000000000000018 15.533378601074221 2.5052192211151127 25.831344604492191 1006.023651123047 -3.2510795593261714 5.801018714904786 1012.495819091797 0.032332735961768229 77.250000000000014 0.41917419433593756 -1.8161363601684568 -0.31956481933593744 96.750000000000014 6.5000000000000009 19.657577514648441
decision_type=2 2 2 2 2 2 2 8 2 2 2 2 2 2 2 2 2 2 2 2 2 2 2 2 8 2 10 2 2 2
left_child=12 2 -2 11 5 9 8 -6 -3 -5 -9 -4 -1 26 27 16 17 18 19 -16 24 -20 -23 -17 -21 -8 -12 -15 -29 -18
right_child=1 6 3 4 7 -7 25 10 -10 -11 13 -13 -14 14 15 23 29 -19 21 20 -22 22 -24 -25 -26 -27 -28 28 -30 -31
leaf_value=-0.037081292613431641 -0.0294800044605695 0.01755166324866091 0.018714053298623762 -0.042825575817512694 0.027828469580394102 0.0078528146060910867 0.013626878664462015 0.033507827020615465 -0.011703422297748588 -0.013953529372951601 0.0079604403200868468 -0.028261372242921343 -0.0018105170590844084 -0.0069884084280007796 0.019821656940787944 0.03379637498215253 0.065531554862279198 -0.0067144160565001266 0.0024725716405510126 0.16477664108630163 0.013291291563407311 -0.0084547002540163972 0.17075979438463987 0.0066981114144276767 0.054012487683524762 0.034359958119831939 0.0009147058280886167 -0.030098266004494573 0.053558327573412307 -0.028269890924726444
leaf_weight=894.6289687664248 401.58547831978649 544.76488569378853 85.784779458073899 247.03241936210543 274.66891478351317 679.05403152573854 408.92221601307392 160.75521188415587 314.46635030210018 1190.8269037879072 3768.3556116847321 577.37647271133028 147.62694755522534 3819.5008502500132 137.96796491695568 248.50594476796687 11.225967256352304 731.90588662913069 366.0349617456086 28.784483942203224 21.78746566735208 8.1079990938305873 9.9648365098983032 559.58830570802093 14.927222897298632 784.75907574594021 5222.8246044076513 22.016562986653298 54.104959628311917 344.58673240873031
leaf_count=198152 51187 2803 9145 36888 5174 17224 2260 10834 1448 119060 97261 65317 4464 161153 3855 3207 2178 29278 16482 512 547 424 163 10549 221 5297 154447 606 1701 59775
internal_value=-0.000486847 0.00107844 -0.000828308 -0.000209224 0.000603905 -0.0103278 0.0187138 0.00206803 0.00684472 -0.0189139 0.00161245 -0.0221848 -0.0320855 0.00127886 -0.00237008 0.00376034 -0.00167636 0.00469683 0.0189111 0.0421375 0.0891439 0.00660776 0.090359 0.0150314 0.126952 0.0272574 0.00386769 -0.0062781 0.0293624 -0.0253104
internal_weight=22082.4 21040.2 18987.3 18585.7 17922.5 2116.91 2052.91 15805.6 859.231 1437.86 15530.9 663.161 1042.26 15370.2 6379.01 2483.39 1675.29 1319.48 587.575 203.467 65.4992 384.108 18.0728 808.094 43.7117 1193.68 8991.18 3895.62 76.1215 355.813
internal_count=1071612 868996 857188 806001 731539 173172 11808 558367 4251 155948 553193 74462 202616 542359 290651 127191 113435 51482 22204 5135 1280 17069 587 13756 733 7557 251708 163460 2307 61953
is_linear=0
shrinkage=0.05


Tree=50
num_leaves=31
num_cat=6
split_feature=11 0 9 7 5 15 0 0 7 9 0 2 15 8 0 0 15 15 5 15 7 9 15 6 10 0 0 3 8 6
split_gain=391.636 256.366 129.459 127.756 106.937 101.513 100.205 95.3911 76.306 75.306 74.9674 74.9521 62.1664 60.463 59.7136 117.556 75.4388 58.2789 55.1574 54.6702 54.3298 50.9246 47.1008 44.7469 44.2031 45.8033 72.7942 45.9956 106.072 109.749
threshold=0.0072472330536846674 64.389019012451186 -15.675789356231688 4.5000000000000009 21.545857429504398 0 15.533378601074221 0.0074553845915943393 5.5000000000000009 8.7498998641967791 2.5052192211151127 1002.8072204589845 1 8.5000000000000018 15.533378601074221 2.5052192211151127 2 3 85.954242706298842 4 2.5000000000000004 -2.7253007888793941 5 -1.1269807815551756 -0.56434631347656239 2.3373982906341557 15.287225246429445 20.249999999999996 8.5000000000000018 4.841271400451661
decision_type=2 2 8 2 2 9 2 2 2 10 2 2 9 2 2 2 9 9 2 9 2 10 9 2 8 2 2 2 2 2
left_child=6 2 -2 4 5 10 -1 -5 18 20 21 22 -6 17 15 -15 -16 -13 -3 -17 -7 -4 -9 -10 -24 -26 27 28 -27 -30
right_child=1 8 3 7 12 9 -8 11 23 -11 -12 13 -14 14 16 19 -18 -19 -20 -21 -22 -23 24 -25 25 26 -28 -29 29 -31
leaf_value=-0.037972691687910051 0.017618853545492186 0.018015754899875121 0.054099909749295995 -0.025885366882849092 -0.0067939769256523154 -0.037196606329715186 -0.0083536071401519585 0.010084321492507152 0.014816170250164799 0.012629759795921153 -0.022463744385607387 -0.01923920141186327 0.021829455352878786 0.0046633265870033103 0.049606174459907448 0.022831796684752326 0.007475735928182372 -0.0036634134080784499 -0.0059204723523759127 -0.035289033669435199 -0.018019792352189364 0.0063791873639157367 0.011646290531215374 0.036772661063077347 0.004768304675552548 -0.00049961836172673229 4.0168511423728283e-05 -0.025706115734653215 0.46227854583404177 0.015620378814950847
leaf_weight=805.34102198248729 942.33163591660559 624.97747488319874 64.532510569319129 330.41289382334799 401.04587739706039 514.63624243088998 442.42206403519958 2553.0080729161855 376.57887673377991 157.23994072386995 219.87957423692569 749.25495468219742 345.9126203795895 1319.0674232407473 119.82222330756485 42.677852980559692 655.61640708707273 2954.1166383246891 391.40360413491726 296.46259939740412 1308.1840731066186 418.18451703060418 945.91409203363582 604.60585337132215 2235.4892653925344 58.54746450134553 1609.7116661556065 510.34662153013051 2.6324244311545035 2.8797612925991416
leaf_count=211674 23223 3384 1433 38906 9206 76500 24225 66948 2165 5646 23607 47773 6665 55617 1535 7269 11383 125464 1865 53853 104431 18615 25565 4232 42480 3641 22389 51260 253 178
internal_value=-0.000264357 0.00137121 -0.000442187 -0.0013975 -0.0100693 -0.0147281 -0.0274706 0.000669848 0.0183997 -0.0204667 0.00171143 0.0012941 0.00666268 -0.00285335 0.00326882 -0.00208707 0.0147219 -0.0068765 0.00879803 -0.0283424 -0.023434 0.0127588 0.00450846 0.0283458 0.00183315 -0.000262972 -0.00541259 -0.0206933 0.0192421 0.228928
internal_weight=22003.2 20755.5 18757.9 17815.6 3429.62 2682.66 1247.76 14386 1997.57 1980.06 702.597 14055.5 746.958 6137.02 2433.65 1658.21 775.439 3703.37 1016.38 339.14 1822.82 482.717 7918.53 981.185 5365.52 4419.61 2184.12 574.406 64.0597 5.51219
internal_count=1071385 835486 823840 800617 246103 230232 235899 554514 11646 186577 43655 515608 15871 302894 129657 116739 12918 173237 5249 61122 180931 20048 212714 6397 145766 120201 77721 55332 4072 431
cat_boundaries=0 1 2 3 4 5 6
cat_threshold=17828098 309106829 201348608 105776276 69206800 17503378
is_linear=0
shrinkage=0.05


Tree=51
num_leaves=31
num_cat=0
split_feature=11 0 1 0 7 5 7 12 0 12 3 0 0 0 0 5 4 8 0 5 0 4 0 5 13 5 3 6 0 10
split_gain=373.702 220.984 122.96 114.464 94.228 98.7759 85.9485 78.0117 68.6468 59.5199 57.5267 63.4069 73.697 68.5356 58.7233 200.127 57.6566 56.4759 52.28 93.9098 82.3462 52.1979 46.0725 43.9492 48.8803 81.926 56.6138 45.4695 42.3546 62.9373
threshold=0.0061106133014735171 64.389019012451186 17.232894897460941 0.013200879096984865 4.5000000000000009 21.545857429504398 1.5000000000000002 0.058030678998420938 15.533378601074221 0.20778441988119409 15.749999999999996 15.04286575317383 2.5052192211151127 21.237674713134769 2.5052192211151127 2.6822853088378911 69.750000000000014 7.5000000000000009 2.5052192211151127 4.2311265468597421 1.0040581822395327 77.250000000000014 74.760589599609389 -7.6105449199676505 2.3369114398956303 -6.5329253673553458 26.249999999999996 7.3895177841186532 0.67048618197441112 -0.18193054199218747
decision_type=2 2 2 2 2 2 2 2 2 2 2 2 2 2 2 2 2 2 2 2 2 2 2 2 2 2 2 2 2 8
left_child=8 2 21 9 5 6 -5 22 -1 -4 11 12 17 -13 16 -16 -12 -6 20 -20 -8 -2 -3 -18 25 26 -25 -26 29 -28
right_child=1 7 3 4 10 -7 18 -9 -10 -11 14 13 -14 -15 15 -17 23 -19 19 -21 -22 -23 -24 24 27 -27 28 -29 -30 -31
leaf_value=-0.039305373572628838 0.013425548169216886 0.02255662365897591 -0.038316867054290576 -0.039346222718777336 -0.026485227304315618 0.0082519434946095125 -0.015799372478479505 0.026213687625781718 -0.011972277102048672 0.0015546507573308917 -0.016416074130299326 0.020805230015381974 -0.040001419511901448 -0.0096071710027012345 -0.021249744961803391 0.0038405371386832643 -0.023433165816465013 0.0030510225657553488 -0.036535822589792287 -0.0061685569315147199 0.0094673708930803624 -0.027816608022303048 -0.00091592763055138929 0.012811801240737145 0.0092400507063695736 0.020494220706096675 0.36970723811463546 -0.0028940438768056197 0.032718502120703936 0.13344268926798628
leaf_weight=679.91074616042897 88.83523710956797 304.7818014472723 292.72118327300996 250.32937260554172 247.19817331433296 833.58285809215158 580.26416794396937 1029.8854782879353 346.92014486901462 137.59855213621631 258.34235972352326 346.63125974917784 224.13420064840466 397.89205946959555 942.12402785569429 5080.954710614169 111.51293553691357 468.71174636948854 384.25096943089738 754.46873037610203 725.82486630184576 562.57098228274845 665.60570104420185 8.5410198690369743 5131.461182480678 183.10374180646613 4.3960526394657791 908.77880085492507 4.1093951566144815 7.8557615536265093
leaf_count=189013 9377 1644 42635 37575 12690 16937 40840 6778 21037 11330 8398 8829 47585 8995 111016 127772 2718 24203 69869 46708 28390 66840 3359 427 87164 11448 264 27507 104 457
internal_value=-0.000620701 0.000823679 -0.00084586 -8.53831e-05 0.000528777 -0.00678997 -0.0114423 0.0166289 -0.0300707 -0.0255676 0.00233153 -0.00634799 -0.0149809 0.00455208 0.00348817 -8.406e-05 0.00673922 -0.00714762 -0.00858516 -0.0164157 -0.00175804 -0.0221922 0.00645639 0.00767982 0.0082351 0.0320664 0.117155 0.00741443 0.171625 0.218216
internal_weight=21963.3 20936.5 18936.2 18284.8 17854.5 3528.72 2695.14 2000.27 1026.83 430.32 14325.7 1684.57 940.044 744.523 12641.2 6023.08 6618.1 715.91 2444.81 1138.72 1306.09 651.406 970.388 6359.76 6248.25 208.006 24.9022 6040.24 16.3612 12.2518
internal_count=1071909 861859 850078 773861 719896 240319 223382 11781 210050 53965 479577 102302 84478 17824 377275 238788 138487 36893 185807 116577 69230 76217 5003 130089 127371 12700 1252 114671 825 721
is_linear=0
shrinkage=0.05


Tree=52
num_leaves=31
num_cat=0
split_feature=5 7 1 7 9 2 6 9 9 7 9 2 3 4 4 2 3 8 2 5 13 2 5 5 9 5 12 2 4 3
split_gain=240.61 371.861 176.574 77.2499 66.8035 61.7533 68.7607 46.9962 46.4017 43.6499 42.3703 42.8299 50.8916 68.4933 70.9045 42.0763 52.5178 104.499 88.5315 62.6158 72.6701 153.647 73.0424 47.2688 43.8166 49.6694 50.1039 76.1008 49.8039 42.9918
threshold=29.629031181335453 2.5000000000000004 20.198593139648441 5.5000000000000009 -7.3080618381500235 1002.8072204589845 8.697390556335451 50.050086975097663 7.110826015472413 1.5000000000000002 10.550557136535646 1012.2023925781251 23.250000000000004 90.750000000000014 81.750000000000014 1004.4353027343751 23.250000000000004 7.5000000000000009 999.38424682617199 8.1477231979370135 5.9944043159484872 1000.6244201660157 -2.4143834114074703 -4.140293836593627 -0.53171280026435841 -5.5164868831634513 0.070615761238784658 998.36624145507824 81.750000000000014 9.75
decision_type=2 2 2 2 8 2 2 8 10 2 10 2 2 2 2 2 2 2 2 2 2 2 2 2 10 2 2 2 2 2
left_child=1 9 -3 4 -4 6 -6 -2 -7 -1 11 15 -13 14 -14 16 17 18 24 20 21 -19 -22 29 -5 26 27 -26 -27 -17
right_child=7 2 3 10 5 8 -8 -9 -10 -11 -12 12 13 -15 -16 23 -18 19 -20 -21 22 -23 -24 -25 25 28 -28 -29 -30 -31
leaf_value=-0.040200508651286153 0.0075507567067327171 -0.022683459187238218 0.013484211593375426 0.0049072266216449245 0.00044649739100378243 -0.018293274020082208 -0.031645657908777811 0.020059087563064456 0.013039918238766719 -0.021100303603957642 0.013209903261546278 -0.016666097520882401 0.011373918828607419 -0.028304808702289599 0.24937823697729891 -0.032496227580813379 -0.00094928412645007448 0.29240134475474927 -0.0065137585694367275 -0.0032225325415692289 0.012628320114157199 0.044600004595849424 0.045431441618889318 -0.0072444311336768907 0.16028617609292739 0.043920669757252319 0.030534694539747376 0.011407420785612719 -0.01065211187022465 0.010602705305410976
leaf_weight=540.23218047106639 3084.0643826825544 882.08929756027646 409.06787533964962 391.66468053823337 1930.8271745573729 1370.8557925655041 182.70385620743036 992.63492262829095 129.30361668555997 670.21030611381866 836.66463944758289 13.83066812600009 4.7142418446019319 6.3752118521369985 9.3075837204232794 63.012426195433363 3736.2040263356175 6.6433092353399834 1550.0154200044926 336.58372132317163 1151.9149064219091 107.1411084854044 199.02102840226144 2277.2716362732463 23.504706142470241 79.548301859991625 54.468497389461845 13.521157236769794 88.118607718031853 707.88115455326624
leaf_count=103091 34212 116265 16506 7710 96981 125414 22073 8055 5143 103064 11140 971 365 656 345 6130 142754 296 47527 5270 14051 5226 14627 147386 332 2182 1598 220 2594 29212
internal_value=-0.000359033 -0.00287199 -0.00091677 0.000307718 -0.00566652 -0.00783438 -0.0023277 0.0105964 -0.0155926 -0.0296249 0.00236932 0.00153112 0.0573739 0.107578 0.169359 0.00135392 0.00331386 0.00729372 -1.56184e-05 0.0162243 0.0206931 0.0590679 0.0174609 -0.00362177 0.0154604 0.0314093 0.0610409 0.105918 0.0152395 0.00707982
internal_weight=21849.4 17772.7 16562.3 15680.2 4022.76 3613.69 2113.53 4076.7 1500.16 1210.44 11657.4 10820.7 34.2277 20.397 14.0218 10786.5 7738.35 4002.15 2200.84 1801.3 1464.72 113.784 1350.94 3048.17 650.826 259.161 91.4944 37.0259 167.667 770.894
internal_count=1071396 1029129 822974 706709 266117 249611 119054 42267 130557 206155 440592 429452 2337 1366 710 427115 244387 101633 62163 39470 34200 5522 28678 182728 14636 6926 2150 552 4776 35342
is_linear=0
shrinkage=0.05


Tree=53
num_leaves=31
num_cat=0
split_feature=11 0 0 6 9 7 5 7 0 0 0 12 14 4 4 9 4 5 9 0 0 0 11 1 6 3 5 4 6 9
split_gain=326.929 210.968 119.448 107.263 80.2193 92.9473 72.1688 108.461 88.9663 129.958 72.6421 66.5594 66.1659 61.9204 58.2603 57.7828 55.8751 54.1598 50.8196 46.937 248.835 66.4545 58.729 48.2619 46.471 42.3327 41.5231 41.4402 40.4707 53.6819
threshold=0.0051761831275720172 64.389019012451186 0.026374782435595993 -6.0043888092041007 -15.675789356231688 5.5000000000000009 21.545857429504398 1.5000000000000002 2.5052192211151127 13.682498455047609 1.1680889725685122 0.20778441988119409 1.5749301910400393 77.250000000000014 96.750000000000014 9.2651872634887713 78.750000000000014 22.567795753479007 -4.9469957351684561 2.5052192211151127 15.533378601074221 17.960517883300785 0.027743314033636616 24.906417846679691 1.8947763442993166 9.75 -6.0224449634551993 74.250000000000014 8.1472797393798846 -0.071922324597835527
decision_type=2 2 2 2 8 2 2 2 2 2 2 2 2 2 2 8 2 2 8 2 2 2 2 2 2 2 2 2 2 8
left_child=17 2 11 13 14 6 7 -6 10 -10 16 -2 18 -4 -5 -11 -9 -1 -3 25 22 23 -21 -22 -24 -7 28 -26 -13 -30
right_child=1 12 3 4 5 19 -8 8 9 15 -12 26 -14 -15 -16 -17 -18 -19 -20 20 21 -23 24 -25 27 -27 -28 -29 29 -31
leaf_value=-0.036789084113765504 -0.03546425180902165 -0.010894804343420298 0.017577232032097038 0.013430406858579137 -0.041324475339618028 -0.029965544275513997 0.00618718893027876 -0.021342537459637517 -0.03287923219824964 -0.011483168507153817 0.0093683886484218631 -0.030055567464226919 0.028247757226319822 -0.029023584354464615 0.12175880932985701 0.015503837855608674 0.0014247325104527024 -0.00024582261893485262 0.014468209082232729 -0.038255104180589208 0.00089268647338023839 0.0018957655813091911 0.008946113332521672 0.026590945006966672 0.0064246349600287321 0.0058000368081112825 -0.015662094930131994 -0.023754104993924465 0.24253077133038969 0.044358935357441592
leaf_weight=689.76625584834255 375.27888072934002 246.84815838187933 84.338917535496876 935.03677874384448 240.56390783330426 83.86120486818254 1008.4458029391244 499.52395025710575 647.81923900474794 728.93534167576581 1054.7450852419715 16.696265010163188 747.2794287353754 460.47954603028484 12.578574262792243 272.49690248118713 585.18602332170121 118.86395420599729 987.95863471925259 325.27605668548495 278.21481623593718 3540.2157240472734 183.297557733953 532.16320979315788 135.81067442521453 6156.360802616924 113.86239434406161 700.35607789689675 3.7466747872531414 38.873336829710752
leaf_count=177667 53502 1277 9461 22607 40939 6821 19891 38376 121661 34683 34887 1269 5114 59552 323 6817 24279 3991 5433 71937 5549 51720 21584 8112 13090 136876 10058 80439 228 2888
internal_value=-0.000220206 0.000981295 -0.000636898 4.60841e-05 0.000710528 -7.99008e-05 -0.00577511 -0.00876904 -0.00670193 -0.0154285 2.51872e-05 -0.0236318 0.0165046 -0.0218097 0.0148683 -0.00413981 -0.00905991 -0.0314174 0.00939793 0.00232391 -0.000958147 0.00485233 -0.0197566 0.0177684 -0.0138543 0.00531939 0.00200905 -0.0188525 0.0359302 0.06178
internal_weight=21804.9 20996.2 19014.2 18465.7 17920.9 16973.3 5037.72 4029.27 3788.71 1649.25 2139.46 548.458 1982.09 544.818 947.615 1001.43 1084.71 808.63 1234.81 11935.6 5695.33 4350.59 1344.74 810.378 1019.46 6240.22 173.179 836.167 59.3163 42.62
internal_count=1071031 889373 877549 809604 740591 717661 321533 301642 260703 163161 97542 67945 11824 69013 22930 41500 62655 181658 6710 396128 252431 65381 187050 13661 115113 143697 14443 93529 4385 3116
is_linear=0
shrinkage=0.05


Tree=54
num_leaves=31
num_cat=3
split_feature=11 0 0 0 15 4 2 0 1 13 15 4 0 13 15 8 11 4 6 14 2 3 6 4 3 4 14 3 0 4
split_gain=291.923 193.493 478.294 165.657 144.042 136.683 95.5444 86.0291 85.9574 79.7507 78.194 65.5507 58.6684 55.6477 53.7395 73.6616 62.2286 51.5116 53.9153 50.626 81.1102 49.4315 47.9666 46.2157 45.8333 67.1762 46.9618 44.8385 44.6628 71.8196
threshold=0.0030366387893269618 15.533378601074221 2.5052192211151127 1.0040581822395327 0 72.750000000000014 1006.569305419922 64.389019012451186 29.734237670898441 12.564965248107912 1 78.750000000000014 6.3538935184478769 1.7562074661254885 2 9.5000000000000018 0.016710758377425045 75.750000000000014 1.9436407089233401 1.2806488275527956 998.44796752929699 26.249999999999996 5.7629375457763681 71.250000000000014 27.749999999999993 96.750000000000014 1.7843072414398196 14.25 74.760589599609389 96.750000000000014
decision_type=2 2 2 2 9 2 2 2 2 2 9 2 2 2 9 2 2 2 2 2 2 2 2 2 2 2 2 2 2 2
left_child=-1 2 3 5 -4 -2 14 8 11 12 -9 -3 -6 21 15 -7 -16 18 -11 20 23 -5 -10 -14 25 -13 -26 -18 -12 -30
right_child=1 7 4 13 9 6 -8 10 22 17 28 24 19 -15 16 -17 27 -19 -20 -21 -22 -23 -24 -25 26 -27 -28 -29 29 -31
leaf_value=-0.037691412274274971 -0.025982316169507219 0.0085777338270916752 -0.041723793831844297 0.12014000217312773 -0.028640899570837444 0.011325231368769055 -0.019684365123774986 0.028777944904104038 0.019738566344624661 0.23970936200488252 0.021772717280069687 -0.00076800259170784109 0.23923677809926716 0.0071882969767174468 -0.027604791002521403 0.12231761668352253 -0.045175384583467537 0.0088197141920138365 0.041165891029781 -0.01498019791118829 -0.00053414211304617825 0.024016190835855575 0.075025666873884456 0.066245701724056985 -0.027966426481005103 0.034582393596719462 0.0093235033614654308 0.0016708920290002226 0.0051187754793139278 -0.055333045002852327
leaf_weight=507.179259294644 685.91003746283241 2892.6083361166529 741.2262026714161 19.811441905098036 744.52804831112735 725.23705629003234 622.6759051582776 695.63738894462585 118.6632869518362 4.9874549368396393 393.96927756071091 3705.4970962037332 4.6536279201973256 4946.3992201436777 214.14738712785766 15.262990388553588 52.283543179742992 149.18775649415329 10.875228111632167 613.11882401141338 110.14456940582022 41.165035497862846 58.607351359911263 22.663118604337797 289.61961460858583 139.44744272017851 119.17260862328112 2216.8258031541482 810.90142031013966 52.300871342420578
leaf_count=126631 58378 48457 169057 1984 109091 29386 61605 4706 1620 289 2323 79013 370 118633 33916 558 1953 10609 784 98539 16345 3322 638 2156 12918 3874 2317 66888 4507 230
internal_value=-0.000203258 0.000692851 -0.00351561 0.00150502 -0.0234605 -0.00542047 -0.00175381 0.0061102 0.00362381 -0.0149649 0.0154349 0.00277066 -0.0186962 0.00777353 0.00170952 0.0134316 -0.00183268 0.017928 0.103591 -0.0088316 0.018593 0.0552471 0.038017 0.0957161 -0.00117824 0.000514076 -0.0170955 0.000591486 0.00776109 0.00145604
internal_weight=21724.7 21217.5 11941.1 9539.72 2401.38 4532.34 3846.43 9276.42 7323.62 1660.16 1952.81 7146.35 1495.11 5007.38 3223.76 740.5 2483.26 165.05 15.8627 750.58 137.461 60.9765 177.271 27.3167 4253.74 3844.94 408.792 2269.11 1257.17 863.202
internal_count=1071097 944466 783863 376623 407240 252684 194306 160603 148837 238183 11766 146579 226501 123939 132701 29944 102757 11682 1073 117410 18871 5306 2258 2526 98122 82887 15235 68841 7060 4737
cat_boundaries=0 1 2 3
cat_threshold=456022029 173324323 286542993
is_linear=0
shrinkage=0.05


Tree=55
num_leaves=31
num_cat=7
split_feature=11 5 7 1 9 10 9 15 5 9 15 9 8 15 15 5 11 9 6 5 14 3 3 5 15 5 15 5 15 5
split_gain=285.064 145.59 151.646 101.795 59.8689 84.812 60.5142 51.024 49.8693 46.5265 46.2905 43.8075 40.5479 40.5758 37.1719 35.3503 49.045 34.6775 33.9151 46.0236 50.2242 55.8988 32.7685 31.6454 47.5325 31.3329 30.5242 28.6722 28.4318 29.4373
threshold=0.0051761831275720172 37.037260055541999 2.5000000000000004 19.299499511718754 -0.42593789100646967 -1.4929046630859373 5.7587678432464608 0 23.74189376831055 -11.981880664825438 1 50.050086975097663 7.5000000000000009 2 3 85.954242706298842 0.064900153609831049 9.8451232910156268 7.0351819992065439 -5.6865670680999747 1.7928038835525515 23.250000000000004 15.749999999999996 15.675562381744387 4 -6.3558948040008536 5 -6.8052523136138907 6 21.545857429504398
decision_type=2 2 2 2 10 10 10 9 2 8 9 8 2 9 9 2 2 10 2 2 2 2 2 2 9 2 9 2 9 2
left_child=8 2 9 14 7 -6 10 27 -1 -2 -7 15 13 22 -4 26 -17 28 -12 20 21 25 -9 24 -8 -20 -3 -5 29 -11
right_child=1 11 3 4 5 6 23 12 -10 17 18 -13 -14 -15 -16 16 -18 -19 19 -21 -22 -23 -24 -25 -26 -27 -28 -29 -30 -31
leaf_value=-0.035652595855283326 0.017122882324984073 -0.00036155141272143227 -0.035024043548541044 0.062159689179786197 0.017463753106305799 -0.0017706262713103685 0.034717970861596788 -0.022544198344721642 0.00025623312780213885 -0.0050666964680503006 -0.0077970262705726202 0.020136761549796628 0.0086851743629780351 0.0088660303843065974 -0.0097040751904562891 -0.01867599211475791 0.018384973916716469 0.00022690064179902629 -0.0017556131485881546 -0.032648242895838821 0.023202682337249744 -0.029383239796752628 -0.00096982193312181533 -0.0012954136476825957 0.0048926040105531296 0.11555377752165114 0.013581709252813377 -0.0075915559386613672 -0.031758351429321242 0.15812770807812371
leaf_weight=653.6609865045175 74.301023359643295 551.13707284256816 231.05224452167749 14.947822271613402 507.27077333512716 2776.3474708243739 165.57704989868216 193.74325322196819 113.47216724045575 84.598357502836734 2039.4250041188207 858.80176629126072 3946.1600785932969 1099.4775940738618 432.96139397076331 271.75410947203636 132.9383235797286 124.59535236703232 12.081330215325581 367.96237492747605 97.56596931675449 185.15041482867673 1922.1275234222412 1144.7845358839259 606.13771609845571 10.763226872542871 1409.4218377685174 1026.1651399477851 636.80214787460864 2.8566051423549643
leaf_count=178351 4689 5143 32493 452 16902 133927 5594 12533 3439 12905 116133 6621 129559 36825 47194 1301 753 4615 812 30791 7378 18619 52829 18377 19669 621 14231 60491 98898 95
internal_value=-0.000405479 0.000691892 -0.00108787 -2.42152e-06 0.000788084 -0.00231469 -0.00366944 0.00378133 -0.0303411 -0.0208175 -0.00634004 0.0104643 0.00528171 0.00112111 -0.0191881 0.00695236 -0.00650175 -0.0241385 -0.0109693 -0.0207377 -0.00639481 -0.0202784 -0.00293146 0.00397977 0.0118051 0.0535148 0.00972952 -0.0065274 -0.0283301 0.000236768
internal_weight=21694 20926.9 17702.9 16779.7 16115.7 7913.07 7405.8 8202.62 767.133 923.153 5489.3 3224.05 7161.51 3215.35 664.014 2365.25 404.692 848.852 2712.95 673.523 305.561 207.995 2115.87 1916.5 771.715 22.8446 1960.56 1041.11 724.257 87.455
internal_count=1072240 890450 862401 741199 661512 368823 351921 292689 181790 121202 308281 28049 231746 102187 79687 21428 2054 116513 174354 58221 27430 20052 65362 43640 25263 1433 19374 60943 111898 13000
cat_boundaries=0 1 2 3 4 5 6 7
cat_threshold=34482953 286592803 286363686 20 52449921 35981475 16793602
is_linear=0
shrinkage=0.05


Tree=56
num_leaves=31
num_cat=1
split_feature=11 0 9 10 6 0 0 0 15 0 9 4 2 13 3 11 6 9 3 4 6 3 2 4 5 1 2 3 13 1
split_gain=281.429 153.21 111.817 94.3952 90.5141 86.8444 81.6263 325.517 70.4867 67.9539 75.0253 62.5125 78.3637 59.096 57.7789 54.2662 50.4527 47.7484 46.4973 45.4099 42.9765 44.4694 67.3431 54.5075 41.689 41.595 62.4665 46.4077 58.5588 45.7798
threshold=0.0051761831275720172 64.389019012451186 -5.1476008892059317 -2.1311950683593746 -6.8922386169433585 0.010101866442710163 2.5052192211151127 15.533378601074221 0 1.0040581822395327 -0.42593789100646967 72.750000000000014 999.60385131835949 1.7562074661254885 11.249999999999995 0.032332735961768229 3.1037731170654301 -48.952966690063469 18.750000000000004 96.750000000000014 7.7378177642822275 26.249999999999996 1001.8076782226564 75.750000000000014 23.74189376831055 25.001846313476566 1003.8029785156251 27.749999999999993 5.796701431274415 28.801681518554691
decision_type=2 2 10 10 2 2 2 2 9 2 10 2 2 2 2 2 2 8 2 2 2 2 2 2 2 2 2 2 2 2
left_child=24 2 17 -4 -5 -6 9 15 -3 10 -7 -12 -13 20 -9 -8 -16 -2 -10 -20 21 23 -23 -11 -1 -15 27 28 29 -27
right_child=1 8 3 4 5 6 7 14 18 13 11 12 -14 25 16 -17 -18 -19 19 -21 -22 22 -24 -25 -26 26 -28 -29 -30 -31
leaf_value=-0.035342619967529208 0.030258100532709539 0.026996164120820162 0.024710711277249133 -0.028520643018485659 -0.030267149048287947 0.0080448937603422917 -0.037101325618937551 0.028224374504644885 -0.026060666603907257 0.099690425141166703 -0.029074126019609233 0.01343283190934973 -0.011636091400945802 0.015987839762326841 -0.0057213367090202119 -0.017906267222941238 0.005159744431491399 0.0045917949488878925 0.012765634299732855 -0.02513259279184471 -0.0069895461163291366 0.24308241193974595 -0.018052898151015743 0.348334767874383 -0.0019021212094222657 0.043360132522381079 -0.011274960836437866 -0.021006942377559391 0.0043611761632480006 0.010235967372318314
leaf_weight=630.43623649026267 187.29213903145865 697.93989082425833 301.98795899399556 353.50105197983794 282.64295760146342 906.06841928442009 681.86613291501999 177.75628002919257 97.621888861060143 5.6151405544951576 333.16455548605882 416.3191015876364 1240.9016240634955 782.75930351880379 2386.366680546198 800.44249338307418 1924.4163384758867 5576.1381820989773 1046.6291314437985 85.497840583324432 11.041306043276562 3.3856898907106361 9.1174742972943914 3.6284277108497918 109.36849510157481 194.88550054933876 601.82857590471394 136.44493451085873 1417.5732613736764 224.43472652556375
leaf_count=178283 3428 4833 9421 54914 44331 27765 165147 5112 539 367 25908 18003 64070 21509 53135 95939 34421 191280 6066 383 431 121 636 339 3481 6912 23473 4381 19247 8149
internal_value=-9.23349e-05 0.000981094 -0.00038436 -0.00292198 -0.00356915 -0.00286581 -0.002234 -0.00642082 0.0144109 0.00174218 -0.00388204 -0.00931145 -0.0053384 0.00654656 0.000288145 -0.026736 -0.000863813 0.00542586 0.00699175 0.00990357 0.0733473 0.114136 0.0526591 0.197292 -0.030399 0.00589429 0.00282621 0.00712679 0.00921657 0.0256309
internal_weight=21627.1 20887.3 18959.6 13196.1 12894.2 12540.7 12258 5970.85 1927.69 6287.17 2896.45 1990.39 1657.22 3390.71 4488.54 1482.31 4310.78 5763.43 1229.75 1132.13 32.788 21.7467 12.5032 9.24357 739.805 3357.93 2575.17 1973.34 1836.89 419.32
internal_count=1072024 890260 878439 683731 674310 619396 575065 353754 11821 221311 135746 107981 82073 85565 92668 261086 87556 194708 6988 6449 1894 1463 757 706 181764 83671 62162 38689 34308 15061
cat_boundaries=0 1
cat_threshold=440711203
is_linear=0
shrinkage=0.05


Tree=57
num_leaves=31
num_cat=3
split_feature=11 0 1 0 9 0 0 15 0 4 2 1 13 15 1 9 9 4 15 3 4 6 2 4 8 2 3 0 4 8
split_gain=268.051 144.905 117.567 98.6949 77.1603 77.2873 407.067 106.074 77.1465 77.4849 88.3552 70.5468 68.7221 67.2519 63.7703 61.3343 61.2775 52.2762 49.6787 60.4812 49.0157 66.5108 59.8148 52.6169 50.5959 84.4702 48.9503 55.2255 49.7813 52.5464
threshold=0.0030366387893269618 64.389019012451186 13.443450927734377 0.0040292521007359037 -19.724313735961911 2.5052192211151127 15.533378601074221 0 1.6668825745582583 72.750000000000014 1000.0948791503907 30.313735961914066 12.564965248107912 1 30.870773315429691 -1.9612814188003538 -0.42593789100646967 74.250000000000014 2 9.75 74.250000000000014 3.2427434921264653 1002.4514770507814 81.750000000000014 8.5000000000000018 1002.0394897460939 11.249999999999995 19.056168556213382 78.750000000000014 9.5000000000000018
decision_type=2 2 2 2 8 2 2 9 2 2 2 2 2 9 2 8 8 2 9 2 2 2 2 2 2 2 2 2 2 2
left_child=-1 2 -2 -4 -5 8 7 -7 9 16 -11 15 20 17 26 -12 -6 -3 19 -17 22 23 -9 -22 -25 -26 27 -8 29 -28
right_child=1 13 3 4 5 6 14 12 -10 10 11 -13 -14 -15 -16 18 -18 -19 -20 -21 21 -23 -24 24 25 -27 28 -29 -30 -31
leaf_value=-0.038219880773236181 -0.026138119412696004 -0.029581503386001448 -0.02864749311276742 0.015729743616045146 0.013216626287418726 -0.040075635098847255 0.048853778852479657 0.02866431855706161 0.010398464228145037 0.011879376734391293 0.015506248814915427 -0.020307612008340133 0.016693939005095106 0.021969795034254006 0.052497172856458746 -0.040275640746366498 -0.020500336472920138 0.0076722529587846117 -0.0077825973497093748 0.0082874615357210364 -0.020288573121575587 -0.033651446237708431 -0.021889364558384031 0.0041373321566047496 0.33408879053260659 0.048425681415864452 0.0055203005502559646 0.003217493733256051 -0.0028573298529156071 0.087819035429302028
leaf_weight=459.48276641825214 451.70835541025735 107.05498922616243 302.59165390674025 761.05411027884111 166.92884459206834 639.43877943279222 114.56203438341618 109.04230149905197 2409.8047523039859 1627.321968061151 567.89654693915509 462.6865212789271 149.58248648419976 1042.2673262134194 62.287906279787421 68.026610573288053 699.14567729202099 782.2855466902256 1746.018290150445 1114.4897321991157 277.19785505323671 648.69772258610465 126.26534837996587 109.90656464686617 2.9899488533847061 19.241581640671939 2559.7671773321927 157.33307755691931 3797.6449534175918 19.543398071080446
leaf_count=126259 75059 592 46972 17202 5948 151294 3053 11260 53448 46004 10819 20918 10561 7010 645 8703 42111 4280 60855 47500 43968 107583 20101 15361 366 3549 40975 4579 84275 145
internal_value=-0.000439479 0.000383134 -0.000932021 -0.000323788 0.000141575 -0.000530353 -0.00385138 -0.023164 0.00276489 -8.6003e-05 0.00207136 -0.00196004 -0.0152859 0.013436 0.00214104 0.000467916 -0.0140017 0.00315236 -0.00244829 0.0054477 -0.0191028 -0.0236931 0.00153737 -0.00791168 0.0180524 0.0868449 0.00166929 0.0224462 0.000783421 0.00614388
internal_weight=21562.3 21102.8 19171.2 18719.5 18416.9 17655.8 8793.5 2082.36 8862.32 6452.51 5586.44 3959.12 1442.92 1931.61 6711.14 3496.43 866.075 889.341 2928.53 1182.52 1293.34 1058.03 235.308 409.336 132.138 22.2315 6648.85 271.895 6376.96 2579.31
internal_count=1071395 945136 933254 858195 811223 794021 497715 364043 296306 242858 194799 148795 212749 11882 133672 127877 48059 4872 117058 56203 202188 170827 31361 63244 19276 3915 133027 7632 125395 41120
cat_boundaries=0 1 2 3
cat_threshold=325998605 2818844 157289499
is_linear=0
shrinkage=0.05


Tree=58
num_leaves=31
num_cat=4
split_feature=11 0 0 1 7 0 13 7 9 10 7 15 15 14 0 15 2 12 0 4 12 2 2 0 7 15 2 0 3 3
split_gain=234.677 138.94 101.585 97.5256 81.1186 106.518 72.9631 71.4665 62.2034 76.4513 62.7084 61.0579 51.1194 49.1359 112.851 40.1989 40.1773 39.8033 39.6146 38.7771 37.3264 36.3735 36.1028 35.7167 35.2106 34.6792 34.3457 39.0371 32.2706 35.1569
threshold=0.0030366387893269618 64.389019012451186 0.0055068337824195632 13.443450927734377 1.5000000000000002 41.181802749633796 1.6126238107681277 6.5000000000000009 -5.1476008892059317 -0.31248474121093744 6.5000000000000009 0 1 1.8742072582244875 16.377279281616214 2 999.75161743164074 0.22016875746714459 0.45970863103866583 96.750000000000014 0.081327543424317625 1002.1004028320314 995.75253295898449 0.06065612472593785 1.5000000000000002 3 1000.877410888672 28.310295104980472 18.750000000000004 21.75
decision_type=2 2 2 2 2 2 2 2 8 10 2 9 9 2 2 9 2 2 2 2 2 2 2 2 2 9 2 2 2 2
left_child=-1 2 17 13 5 -5 23 12 11 21 15 16 28 -4 -15 18 -8 -2 -11 24 -9 -10 -13 -6 -14 -18 -17 -28 -3 -30
right_child=1 7 3 4 6 -7 8 20 9 10 -12 22 19 14 -16 26 25 -19 -20 -21 -22 -23 -24 -25 -26 -27 27 -29 29 -31
leaf_value=-0.036306636368904473 -0.039880759799694493 -0.053809659871555206 -0.033712668684493623 -0.033546831514156716 -0.030915717987210413 0.021757730609843606 -0.012553144122506547 0.013869753216486608 0.0065876859356471008 -0.030658135394545594 0.00042401734264835403 0.043846862565622785 -0.0092769632884610303 -0.014952422581739134 0.13406828007225566 0.0079581763484835866 -0.018702688011500167 -0.0020418532643198938 -0.0099420437693028413 -0.032329965102814807 0.036661153825275621 -0.00084387891660414941 0.012958490302322498 0.044187938800062818 0.017102320235913841 0.011445747375587692 -0.0097923706356283311 0.023702029658703622 0.018817322077137506 -0.029917135505025463
leaf_weight=444.41776115866378 229.27202109456994 47.559708163142204 322.11505501018837 361.09783728560433 17.962145126890391 114.72587307728827 434.93907183874398 345.01433475315571 3693.4068402324338 255.19085150118917 4341.7789821121842 102.91464835731313 151.1935543268919 94.267366438405588 14.683246999047695 572.06282341037877 104.73385837906972 99.731272006873041 2411.524129939964 50.192149639129639 374.79551551491022 2970.9537957890425 1170.9167129874695 133.38110464904457 774.50471102446318 592.39223272702657 1055.7743263582233 94.801901606842875 71.305475682020187 76.934496976435184
leaf_count=126624 43088 234 57627 59193 3149 1718 11883 2225 104821 24069 158500 2244 691 14719 363 24183 6959 9781 130529 220 2971 132637 38055 11461 4651 19150 77148 2200 378 392
internal_value=-0.000349971 0.000408079 -0.000866388 -0.000385884 0.000164023 -0.0202123 0.000704083 0.0133371 0.000410176 -0.000758225 -0.00383652 0.00788685 0.00571947 -0.023895 0.00513106 -0.00805087 -0.00062243 -0.0284106 -0.0118799 0.0103668 0.0257369 0.00327471 0.0153336 0.0352743 0.0127938 0.00681225 -0.00204253 -0.00703259 -0.0170994 -0.00647519
internal_weight=21524.5 21080.1 19188.6 18859.6 18428.6 475.824 17952.7 1891.5 17801.4 15395.5 8731.13 2405.9 1171.69 431.066 108.951 4389.35 1132.07 329.003 2666.71 975.89 719.81 6664.36 1273.83 151.343 925.698 697.126 1722.64 1150.58 195.8 148.24
internal_count=1071863 945239 933477 880608 807899 60911 746988 11762 732378 654087 416629 78291 6566 72709 15082 258129 37992 52869 154598 5562 5196 237458 40299 14610 5342 26109 103531 79348 1004 770
cat_boundaries=0 1 2 3 4
cat_threshold=325364517 590352 107851948 35914241
is_linear=0
shrinkage=0.05


Tree=59
num_leaves=31
num_cat=0
split_feature=11 5 7 2 3 8 2 5 8 2 4 5 14 4 5 5 9 1 2 5 9 1 9 9 10 5 4 1 5 4
split_gain=223.539 125.741 167.539 83.602 70.3742 107.753 114.4 66.1792 85.0711 93.9744 216.925 65.0474 61.123 58.0998 86.8774 60.1323 58.0246 57.2339 57.0221 65.2785 52.1226 49.1203 46.497 43.9747 43.8812 41.0359 43.6721 40.8255 40.2515 40.224
threshold=0.0028256704980842919 37.037260055541999 2.5000000000000004 1004.8325805664064 23.250000000000004 7.5000000000000009 999.38424682617199 9.1146039962768572 8.5000000000000018 1000.2981872558595 71.250000000000014 7.7064509391784677 1.3184496760368349 72.750000000000014 -2.0472677946090694 -4.7168860435485831 5.1085286140441903 25.787460327148441 997.04989624023449 6.2954299449920663 8.2869253158569354 11.608917236328127 -48.952966690063469 -0.255416989326477 -2.1311950683593746 -2.4143834114074703 71.250000000000014 25.179962158203129 -0.93810296058654774 72.750000000000014
decision_type=2 2 2 2 2 2 2 2 2 2 2 2 2 2 2 2 8 2 2 2 10 2 8 10 8 2 2 2 2 2
left_child=-1 2 -2 4 5 6 12 8 25 10 -10 13 18 15 -15 -6 21 28 19 23 -8 -5 -16 -4 -18 26 -7 -14 -11 -28
right_child=1 -3 3 16 11 7 20 -9 9 17 -12 -13 27 14 22 -17 24 -19 -20 -21 -22 -23 -24 -25 -26 -27 29 -29 -30 -31
leaf_value=-0.036736505859762479 -0.021528820127285537 0.0093947720190948464 0.062113975034036831 -0.031539005488008372 -0.030756205671137588 -0.023613813306199605 -0.0087425114534866958 -8.6876461966513193e-05 0.43854602454058533 0.089440414179285568 0.061044880155931104 0.0043908959445007811 -0.023471911564078435 -6.3339904640870004e-06 0.1410148628000997 0.0044571961118809204 0.082750539199049206 0.021223387970618682 0.017853184757832 0.022504266980779029 0.020332388939550056 -0.0081162603143207796 -0.026891821917306609 0.15994570934080751 0.0011741706759210095 0.030158705773903421 0.050795465300819902 0.010482012821058602 0.011139684219722888 0.0094155424318690135
leaf_weight=414.64315475057811 969.14564985362813 3240.4263466177508 24.888422870542854 243.7444130112417 420.14127011713572 96.406807364430279 2178.779826934915 797.29800544679165 4.6529845148324993 59.884422096656635 20.893712297314778 2395.6807094961405 103.31633549579419 2540.8136617299169 4.1667868017684668 170.40928477677517 16.673710703151301 316.78103711199947 200.21717150416225 44.669127425178885 165.88070169417188 2740.1195695886854 393.70588431064971 21.330953698605299 1456.8513956847601 267.73722792416811 61.222583546768874 618.59037407604046 22.61002269340679 1441.3993154363707
leaf_count=123146 144385 28689 699 47722 32085 2073 83262 12488 122 1732 1361 43767 2239 95910 325 9835 466 13321 5107 692 3119 219633 66930 827 71305 20183 1399 15577 2942 20405
internal_value=-0.000380891 0.000335636 -0.00131373 -0.00014958 0.00196576 0.00558105 -0.000619102 0.0123207 0.0166376 0.0368322 0.129802 -0.00196783 0.0134219 -0.00628419 -0.00340832 -0.020595 -0.00602071 0.0308837 0.0327629 0.0656074 -0.00668551 -0.0100296 -0.0251334 0.107265 0.00209725 0.0120419 0.0090085 0.00562267 0.0679798 0.0111015
internal_weight=21453.1 21038.4 17798 16828.9 12371.5 6446.56 3357.67 3088.89 2291.59 424.822 25.5467 5924.92 1013.01 3529.24 2938.69 590.551 4457.39 399.275 291.106 90.8885 2344.66 2983.86 397.873 46.2194 1473.53 1866.77 1599.03 721.907 82.4944 1502.62
internal_count=1071746 948600 919911 775526 436400 187548 111522 76026 63538 19478 1483 248852 25141 205085 163165 41920 339126 17995 7325 2218 86381 267355 67255 1526 71771 44060 23877 17816 4674 21804
is_linear=0
shrinkage=0.05


Tree=60
num_leaves=31
num_cat=3
split_feature=6 0 0 7 5 0 0 15 3 15 3 0 12 3 15 6 0 4 1 7 5 4 3 5 6 8 5 0 1 4
split_gain=151.892 113.829 100.364 89.6131 119.136 78.3631 368.166 79.5741 66.3315 88.8573 69.4982 62.9644 62.2568 61.9654 65.6656 95.9542 54.2254 53.5337 53.1294 51.2036 49.9532 49.5333 57.162 67.8728 47.4495 82.4957 47.774 86.5139 45.1761 44.6677
threshold=-10.658500671386717 64.389019012451186 0.052361298352479942 1.5000000000000002 34.216491699218757 2.5052192211151127 10.396366596221926 0 9.75 1 15.749999999999996 93.227191925048842 0.2190758390355165 27.749999999999993 2 6.6275672912597665 1.8456367254257204 71.250000000000014 30.745895385742191 7.5000000000000009 -5.8372051715850821 74.250000000000014 18.750000000000004 -4.140293836593627 5.5246181488037118 7.5000000000000009 -5.3481998443603507 1.3057221174240115 29.525100708007816 96.750000000000014
decision_type=2 2 2 2 2 2 2 9 2 9 2 2 2 2 9 2 2 2 2 2 2 2 2 2 2 2 2 2 2 2
left_child=-1 2 12 4 -4 8 7 -7 -5 -10 -11 -3 -2 14 15 21 -16 -8 29 -13 28 -12 23 -23 25 26 -24 -28 -14 -19
right_child=1 11 3 5 -6 6 17 -9 9 10 13 19 20 -15 16 -17 -18 18 -20 -21 -22 22 24 -25 -26 -27 27 -29 -30 -31
leaf_value=-0.027771296409764452 -0.028583409787187548 0.01891906017049725 -0.033185762656907973 -0.034548526120853511 0.021096776277576043 -0.043433261537172502 0.024874384730622107 -0.01756285622857125 0.020659728150872563 -0.014122661678570193 -0.0050900111103362768 -0.0081793183749375008 -0.03523515013007962 -0.012508514630458973 -0.001280901846209534 -0.0039802913483606454 0.011463244212903699 -7.9625978080110621e-05 0.043007071968553467 0.02192383567970865 -0.015716990273004838 0.023201080502100971 0.031419164651184869 -0.0084208652830004543 0.01843755539198497 0.03263840327870049 0.20051186753798611 0.071141160553757105 0.061323872830348826 0.028652763705374798
leaf_weight=497.83800258859992 510.54945657518692 1184.4744011759758 419.7357692704536 111.646053659264 133.14256141707301 425.41041944478638 240.33278719289228 1137.8580076214857 742.02185774222016 572.10595147567801 184.82909518992528 514.67019400000572 15.704634349094702 528.00076793832704 3414.3750333583448 629.38866033405066 1104.7524712155573 7140.04702621256 74.136736938497052 194.69682134687901 103.88596214493737 653.68818797916174 22.002003693021834 229.18523034243844 204.86885340302251 189.66454565012828 20.369204570772126 35.348929014289752 52.97059004381299 137.87846378842369
leaf_count=102008 80548 7768 86059 13927 2157 116006 2343 161890 40243 30746 6725 2747 956 22572 83447 23772 17836 221537 1957 1386 10011 12281 539 5833 4421 3293 305 468 3527 4355
internal_value=-0.000475938 0.000173376 -0.000989794 -0.000289286 -0.0201136 0.000326541 -0.00289683 -0.0249931 0.0037414 0.00424253 0.00264853 0.0118637 -0.0198079 0.00398178 0.00528356 0.0124112 0.0018305 0.00165279 0.000893691 8.29609e-05 0.00615568 0.0191911 0.0225029 0.0149923 0.0365438 0.0504167 0.0938021 0.118436 0.0392428 0.000464702
internal_weight=21425.6 20927.7 19033.9 18350.8 552.878 17797.9 9155.66 1563.27 8642.25 8530.6 7788.58 1893.84 683.111 7216.47 6688.47 2169.34 4519.13 7592.4 7352.06 709.367 172.561 1539.96 1355.13 882.873 472.254 267.385 77.7201 55.7181 68.6752 7277.93
internal_count=1071663 969655 957754 862712 88216 774496 508088 277896 266408 252481 212238 11901 95042 181492 158920 57637 101283 230192 227849 4133 14494 33865 27140 18114 9026 4605 1312 773 4483 225892
cat_boundaries=0 1 2 3
cat_threshold=453933069 150998033 71307266
is_linear=0
shrinkage=0.05


Tree=61
num_leaves=31
num_cat=4
split_feature=1 0 7 0 0 0 0 15 0 9 9 9 9 10 6 0 12 6 15 13 0 7 7 6 15 15 5 14 8 13
split_gain=136.289 117.105 93.1361 130.201 77.1139 77.0009 290.928 112.26 67.5995 64.5168 63.8015 62.8588 58.6107 58.0316 55.5054 50.6287 50.2255 43.654 42.3067 45.7061 37.7981 37.0989 36.2459 35.951 38.3494 35.0029 35.0498 34.5406 34.1185 45.6518
threshold=12.538391113281252 64.389019012451186 1.5000000000000002 24.141930580139164 0.013200879096984865 2.5052192211151127 12.327661514282228 0 1.6668825745582583 -0.42593789100646967 -4.9469957351684561 -10.338522911071776 15.913686752319338 -0.29826354980468744 4.9073286056518564 93.227191925048842 0.20778441988119409 2.4798974990844731 1 5.2310259342193612 6.3538935184478769 7.5000000000000009 2.5000000000000004 1.5667266845703127 2 3 -6.0224449634551993 1.1060949563980105 8.5000000000000018 5.796701431274415
decision_type=2 2 2 2 2 2 2 9 2 8 8 8 10 10 2 2 2 2 9 2 2 2 2 2 9 9 2 2 2 2
left_child=12 2 3 -2 16 8 7 11 9 -6 -3 27 -1 25 -8 -12 -4 -10 19 -16 -13 -15 -17 28 -25 26 -11 -7 -22 -30
right_child=1 10 4 -5 5 6 14 -9 17 13 15 20 -14 21 18 22 -18 -19 -20 -21 23 -23 -24 24 -26 -27 -28 -29 29 -31
leaf_value=-0.030115052312661442 -0.041151416612039173 -0.007313878538568068 -0.035024338587390479 0.0077873193609491083 0.0079285686254155063 0.17576392729762963 -0.00048864873452630344 -0.041266680549938428 0.026215771189361105 0.034349734061395479 0.023848404316292711 -0.024534162064064099 0.06568177188850588 -0.012904636436273514 0.047378738279091892 -0.018910399795606499 0.0023068267789591356 0.0078246419253621899 0.0036659879504409307 0.013130332791796524 0.014243053929152672 0.0009516475767186093 0.011563913935074568 0.014264499484628948 -0.020400017833834896 -0.0016083532844270545 0.0068090618145029607 0.016977387019866518 0.0039676720610123213 0.25395507526764155
leaf_weight=455.36408974975348 327.61463158228435 338.04692249000072 257.65013990434818 232.26089216815308 2180.4164445176721 3.5305874375626436 6162.218511067098 493.56007061083801 381.4027707115747 142.35428094421513 945.45436258614063 649.09028382459655 16.546870224177837 1463.8604384211358 138.66217699181288 123.50369925796986 138.54932634904981 2095.0102737152483 763.36696526524611 327.50219840137288 71.909758741268888 720.99215142754838 464.72874308377504 100.36419374053366 310.64264613436535 1313.1784337754361 612.97212033369578 114.36270529381 3.691227691480889 3.6146049946546555
leaf_count=99071 88398 1959 51400 7696 54407 307 157058 138159 10427 4958 6361 93636 285 89415 2742 543 13109 43557 22610 6776 11566 25734 2977 11389 53853 43252 18370 10102 952 562
internal_value=-0.000184495 0.000416037 -0.000758947 -0.0208495 -0.000149252 0.000329639 -0.00289408 -0.021221 0.00363742 0.000935467 0.0123488 -0.0129204 -0.0267561 -0.00264944 0.00144673 0.0166828 -0.0219698 0.0106571 0.0111465 0.0228279 -0.0166196 -0.00833212 0.00516561 -0.00614011 -0.0120845 0.00335288 0.0118428 0.0217326 0.0247023 0.12765
internal_weight=21352.4 20880.5 19008.8 559.876 18448.9 18052.7 9142.52 1750.77 8910.19 6433.77 1871.73 1257.21 471.911 4253.36 7391.75 1533.69 396.199 2476.41 1229.53 466.164 1139.31 2184.85 588.232 490.222 411.007 2068.5 755.326 117.893 79.2156 7.30583
internal_count=1071631 972275 960435 96094 864341 799832 509712 320526 290120 236136 11840 182367 99356 181729 189186 9881 64509 53984 32128 9518 171958 115149 3520 78322 65242 66580 23328 10409 13080 1514
cat_boundaries=0 1 2 3 4
cat_threshold=72459954 341938432 1049728 420523577
is_linear=0
shrinkage=0.05


Tree=62
num_leaves=31
num_cat=2
split_feature=11 0 0 4 3 15 4 9 10 7 5 7 9 9 0 0 4 5 12 12 5 4 3 0 5 10 0 15 14 1
split_gain=191.923 94.6946 84.4264 78.228 85.2666 64.7576 62.654 60.8023 59.5049 57.4529 77.4866 47.45 43.258 68.7045 49.6146 75.2739 53.4002 61.7113 63.2987 54.1967 44.5384 42.3571 40.0551 38.4947 94.8276 34.7746 34.7017 34.3614 33.4571 39.1804
threshold=0.0028256704980842919 64.389019012451186 0.0040292521007359037 86.250000000000014 27.749999999999993 0 96.750000000000014 -48.952966690063469 -1.8961639404296873 1.5000000000000002 34.216491699218757 4.5000000000000009 -0.2928320169448852 4.9197826385498056 2.5052192211151127 1.0350248217582705 72.750000000000014 -5.9125170707702628 0.21737863585689673 0.033894500561167239 1.1555070877075198 77.250000000000014 9.75 2.5052192211151127 3.6993381977081303 0.60993957519531261 29.398803710937504 1 1.5968392491340639 19.953704833984379
decision_type=2 2 2 2 2 9 2 8 8 2 2 2 10 10 2 2 2 2 2 2 2 2 2 2 2 8 2 9 2 2
left_child=-1 2 -2 7 6 21 25 -4 -9 10 -10 -7 23 14 15 16 -14 18 19 22 -16 -3 -18 -11 -25 -5 -8 -21 -28 -30
right_child=1 5 3 4 -6 11 26 8 9 12 -12 -13 13 -15 20 -17 17 -19 -20 27 -22 -23 -24 24 -26 -27 28 -29 29 -31
leaf_value=-0.035652241817345914 -0.028178184997507169 0.0087478389475732291 0.030438895981665451 -0.0098786339496866951 -0.032887513763159161 -0.0059574406049331162 -0.0051509306208824927 0.019741592351753393 -0.033952312825021896 0.0058000316089176565 0.022347881322196231 0.013180512331391524 -0.029202098387752114 0.0045992758614018308 -0.02969085277175032 0.0048247937798539167 -0.050368484287277915 -0.013237271144080597 0.070887653580635313 0.019525795004573996 -0.0082658545070988746 0.037242890585656677 0.065084819031883054 -0.018203313016860345 0.0035047076080057696 0.0026376075329473669 0.024954148390279537 -0.012224422749003752 0.029783260525228557 0.14581266432129183
leaf_weight=385.06140034925193 283.12445359164849 220.08257912099361 171.64513589767739 2188.7632129634731 302.29224181687459 584.80466756224632 57.220177464419976 391.95574969588779 254.95296351355501 4793.6656753965653 80.383642386645079 725.90831815451384 301.73218025802635 2323.1907218848355 357.29200572310947 1623.0772473532706 8.8304447268601489 1014.9496146894526 37.316851138602942 109.1208085839171 755.44097312516533 320.09401816129684 50.335586022119969 656.65565517148934 2151.002313448349 743.4481839062646 69.543459788896143 292.11538271442987 14.304923864081504 14.806376223452387
leaf_count=123073 49527 1610 2914 131356 44647 2907 3406 12383 50231 113992 1139 4870 26511 51243 64607 47694 1601 62279 1289 7598 52806 2427 3746 99429 58328 32798 1261 15470 267 331
internal_value=-0.000673546 -2.90392e-05 -0.00107823 -0.000669328 -0.00754401 0.010768 -0.00506314 0.000846756 0.000512632 3.72819e-06 -0.0204566 0.00460653 0.000477733 -0.00239673 -0.00596866 -0.00299813 -0.00999615 -0.00616514 0.00825637 0.00317993 -0.0151453 0.0251673 0.0478536 0.00307693 -0.00157237 -0.0067052 0.0258262 -0.00340761 0.0437931 0.0887973
internal_weight=21283.1 20898.1 19047.2 18764 3390.38 1850.89 3088.09 15373.7 15202 14810.1 335.337 1310.71 14474.7 6873.4 4550.21 3437.48 1814.4 1512.67 497.719 460.402 1112.73 540.177 59.166 7601.32 2807.66 2932.21 155.875 401.236 98.6548 29.1113
internal_count=1071740 948667 936853 887326 214066 11814 169419 673260 670346 657963 51370 7777 606593 334844 283601 166188 118494 91983 29704 28415 117413 4037 5347 271749 157757 164154 5265 23068 1859 598
cat_boundaries=0 1 2
cat_threshold=172292129 5245840
is_linear=0
shrinkage=0.05


Tree=63
num_leaves=31
num_cat=4
split_feature=11 7 0 0 1 13 7 0 2 0 3 15 15 9 8 0 1 9 11 9 15 2 11 1 0 0 15 2 0 12
split_gain=180.489 99.6392 106.91 100.939 77.2158 60.2619 59.0648 71.7806 46.5675 80.689 70.5238 51.1348 50.4566 46.3494 45.9102 57.763 72.1535 42.84 39.6799 37.1793 38.0734 67.6827 69.2703 38.2145 45.4225 39.0307 32.8194 32.5782 44.4338 41.1715
threshold=0.0018837803320561942 6.5000000000000009 64.389019012451186 0.25022028386592871 11.608917236328127 1.410536587238312 1.5000000000000002 24.141930580139164 1002.3335571289064 27.296627998352054 20.249999999999996 0 1 -48.952966690063469 8.5000000000000018 14.794556617736818 28.337646484375004 -3.6400799751281734 0.046663909567135377 9.2651872634887713 2 1010.6493530273439 0.021555157307845484 27.839126586914066 2.5052192211151127 12.327661514282228 3 998.69018554687511 51.750553131103523 0.035573035294948534
decision_type=2 2 2 2 2 2 2 2 2 2 2 9 9 8 2 2 2 10 2 10 9 2 2 2 2 2 9 2 2 2
left_child=-1 3 -3 18 -5 -6 7 -7 10 11 14 -10 -11 -13 27 16 17 -16 -2 20 21 -15 -23 24 -22 -26 -12 28 29 -8
right_child=1 2 -4 4 5 6 8 -9 9 12 26 13 -14 19 15 -17 -18 -19 -20 -21 23 22 -24 -25 25 -27 -28 -29 -30 -31
leaf_value=-0.041138784205970232 -0.03189533233387417 0.0022200066913500671 0.0225972370359931 -0.037348601394181065 0.053786321931036489 -0.038815082291164142 0.082076488313037307 -0.0042317491809831945 -0.028571408165206699 0.032748093548981436 0.0086189695019460288 0.10971439200184896 0.0020429977596662986 0.010763948525079397 0.34935019241938958 0.014343436160449669 0.027373951800036184 0.14373376745195376 8.9461352103645952e-05 0.020958683116490358 -6.2776006210693232e-06 0.028826037649967232 0.47593003805352341 -0.024830756072212856 -0.033157875230368415 -0.0075576402411150385 -0.0027832116838973396 0.0072997707618919164 -0.011624527538431064 0.022968784532731754
leaf_weight=265.34910096414387 416.67462889081798 11111.551119241281 683.2546359822154 153.74108709045686 48.837458144174889 230.05749186337925 51.343545310199261 431.39634690247476 308.9161769360071 152.74198819464073 802.924501300673 8.4723012433387339 780.05316600482911 142.42252129933331 3.4650023307185611 30.383221817668527 11.663730683736501 9.4203316045459378 126.37680341536179 109.23208133573644 884.34205440664664 1.8910875004949039 1.5986334681510925 391.26729008171242 245.37092417257372 378.64120077178814 2811.6600149814039 560.21800188766792 41.885055854916573 69.12528419168666
leaf_count=91766 77201 411167 5204 36129 5968 57854 1283 7815 36041 2899 30983 205 12746 16840 208 618 502 725 4576 3001 36433 372 125 25199 59234 21789 105070 18083 296 1670
internal_value=-0.000159907 0.000357915 0.00340043 -0.00354097 -0.00222985 -0.0015952 -0.00191496 -0.01626 -0.000698007 -0.00508662 0.00270425 -0.00981461 0.00744383 -0.00697179 0.0163652 0.0604308 0.117471 0.199026 -0.024452 -0.00746294 -0.00898066 0.0150622 0.233643 -0.0108496 -0.00729481 -0.017624 -0.000234247 0.0130152 0.0327367 0.0481604
internal_weight=21264.3 20998.9 11794.8 9204.12 8661.07 8507.33 8458.49 661.454 7797.04 3404.95 4392.09 2472.15 932.795 2163.24 777.504 54.9323 24.5491 12.8853 543.051 2154.77 2045.53 145.912 3.48972 1899.62 1508.35 624.012 3614.58 722.572 162.354 120.469
internal_count=1072002 980236 416371 563865 482088 445959 439991 65669 374322 214884 159438 199239 15645 163198 23385 2053 1435 933 81777 162993 159992 17337 497 142655 117456 81023 136053 21332 3249 2953
cat_boundaries=0 1 2 3 4
cat_threshold=302915596 469786624 20971536 134677888
is_linear=0
shrinkage=0.05


Tree=64
num_leaves=31
num_cat=6
split_feature=11 0 2 8 5 0 15 15 0 15 6 11 15 1 0 0 15 2 1 5 2 6 14 13 1 2 14 12 1 15
split_gain=186.796 85.8586 80.9062 88.8755 74.6096 97.1924 74.2716 67.8974 67.9553 65.8336 79.9824 64.4286 60.4427 52.3208 45.4953 121.806 44.6725 43.7076 54.4834 44.5762 42.5993 56.1492 48.9669 42.5475 42.0677 41.9455 40.1021 56.5183 40.0094 39.7936
threshold=0.0022246941045606233 0.0040292521007359037 1002.1004028320314 8.5000000000000018 10.193525314331056 2.5052192211151127 0 1 64.389019012451186 2 4.1523408889770517 0.083211143695014672 3 27.979461669921879 2.5052192211151127 10.248638629913332 4 1006.7943420410157 25.662796020507816 -3.451713919639587 999.88827514648449 5.069049835205079 1.1681144237518313 4.2266356945037851 31.576919555664066 1007.7900390625001 2.7094049453735356 0.41232638888888895 29.061645507812504 5
decision_type=2 2 2 2 2 2 9 9 2 9 2 2 9 2 2 2 9 2 2 2 2 2 2 2 2 2 2 2 2 9
left_child=-1 26 7 11 5 9 -6 24 14 10 17 12 25 -13 -9 -16 -7 18 19 -5 21 22 -17 -23 -3 -4 -2 -28 29 -14
right_child=1 2 3 4 6 16 -8 8 -10 -11 -12 13 28 -15 15 20 -18 -19 -20 -21 -22 23 -24 -25 -26 -27 27 -29 -30 -31
leaf_value=-0.040785254486209857 -0.030024849611406008 0.011830819013979303 0.010878899990016172 0.066973484871724429 0.040246450734913619 0.0095129145347128651 0.0078200193698668118 0.0039772991833774375 0.015550825528495436 -0.0028666147702175776 0.01046559738352907 0.010164946008812563 -0.017449078044542127 -0.017428492023999747 -0.027334740160760557 0.028310538996791118 -0.03008927495965585 0.018219062777578204 0.032761945573027883 0.19663987243398826 0.0080419565294825371 0.057735217431726896 -0.0089639403992182714 0.0073086126230496404 -0.0095628281918444802 -0.018013146378540259 0.27472284600895408 -0.050319772867260006 -0.028309856705271925 -0.0063968444551129686
leaf_weight=280.91777955798898 272.28027017530985 2751.339310913696 597.74077477667015 11.461543473415079 203.94248277647421 88.237531238701195 1118.4771871778648 3223.8724120827392 740.8827491402626 1196.7135385870934 422.56253805733286 897.95012286538258 1106.0416854759678 212.43403149442747 491.15829051448964 92.367594838840887 357.18269287759904 29.302263444988057 19.705463547259569 15.717127279611303 987.99862510687672 52.273268244694918 1911.0212005466456 209.39365963009186 250.72349302796647 159.04919168679044 2.6099836817011228 2.7427493317518383 295.35560833092313 3205.4615758851869
leaf_count=99834 51378 77173 42718 340 3236 20793 23756 87552 5239 67806 21580 18576 74902 3375 81675 2239 83606 1993 388 237 27309 1849 42806 6048 11953 21038 155 514 13580 178087
internal_value=-0.000284008 0.000259695 0.000631069 -0.0026183 0.0038467 -0.00192111 0.0131843 0.00364572 0.00115255 0.00353937 0.0185947 -0.00607677 -0.00834626 0.00488589 -0.000376697 -0.00412561 -0.0227061 0.0661231 0.0960628 0.141958 -0.000621409 -0.0044003 -0.00724538 0.0173823 0.0100107 0.00474417 -0.0273605 0.10817 -0.0104842 -0.00928741
internal_weight=21206.9 20926 20648.4 9937.34 3463.3 2140.88 1322.42 10711 7708.97 1695.46 498.749 6474.03 5363.65 1110.38 6968.09 3744.21 445.42 76.1864 46.8841 27.1787 3253.05 2265.06 2003.39 261.667 3002.06 756.79 277.633 5.35273 4606.86 4311.5
internal_count=1071735 971901 919854 576011 223735 196743 26992 343843 254717 92344 24538 352276 330325 21951 249478 161926 104399 2958 965 577 80251 52942 45045 7897 89126 63756 52047 669 266569 252989
cat_boundaries=0 1 2 3 4 5 6
cat_threshold=201348608 988291 25045025 427837952 69227280 102630584
is_linear=0
shrinkage=0.05


Tree=65
num_leaves=31
num_cat=3
split_feature=11 7 0 0 5 15 7 2 3 8 10 9 2 5 9 0 5 11 0 8 4 0 15 0 5 13 3 11 0 15
split_gain=162.47 90.3443 94.6439 91.4133 63.62 119.672 77.9145 50.1967 48.3579 46.3516 48.7956 38.1654 37.1311 38.3824 35.8737 48.8544 35.739 35.5298 42.8079 37.2228 32.6689 31.4583 32.0424 31.1444 34.0598 58.1858 32.1426 32.6447 31.0157 31.001
threshold=0.0030366387893269618 6.5000000000000009 64.389019012451186 0.15981255471706393 21.545857429504398 0 1.5000000000000002 1002.3335571289064 21.75 6.5000000000000009 0.10816955566406251 -12.988829135894774 998.44796752929699 -6.202965021133422 7.8625276088714608 2.5052192211151127 1.575620770454407 0.018618936408310225 2.5052192211151127 7.5000000000000009 75.750000000000014 93.227191925048842 1 1.3424472212791445 -6.2512435913085929 3.9313585758209233 9.75 0.0051761831275720172 0.00073717575287446391 2
decision_type=2 2 2 2 2 9 2 2 2 2 8 8 2 2 10 2 2 2 2 2 2 2 9 2 2 2 2 2 2 9
left_child=-1 3 28 -2 5 -5 -7 8 12 10 -10 -9 13 -8 15 23 -17 18 19 -14 -15 22 -6 24 25 26 -13 -28 -3 -23
right_child=1 2 -4 4 21 6 7 11 9 -11 -12 14 17 20 -16 16 -18 -19 -20 -21 -22 29 -24 -25 -26 -27 27 -29 -30 -31
leaf_value=-0.033270682969603053 -0.027269875784736511 -0.022650576611570074 0.02161768012082127 -0.02606167706010834 0.012829471714739882 -0.034132479141959153 0.090376998757306634 0.027057588192338645 0.031332820011284547 -0.0057875619210635875 -0.0089187310345332175 -0.050469521528905131 0.043930571331008972 0.09409390746729622 0.015791584058616331 -0.040218314224421597 -0.01412689113447998 0.0034651177457633931 -0.0010377738305379384 0.14784749248549384 0.016074917511927505 -0.024754127470096803 0.0010239242798889233 0.0035707273795601065 -0.015442808591044539 -0.0042180268911969684 -0.017732650840422814 0.16457644596219004 0.0025065534465743703 0.0022497783661002595
leaf_weight=363.71281416970305 381.62099482025951 123.89965943223797 666.99707675725222 606.18124910607003 1029.3881773278117 190.80439372290857 23.784803667105734 78.084117592312396 189.15099965804256 1517.6119325610343 125.08367281663232 3.0467208758927908 32.647065238561481 14.653108619619159 141.45992658426985 184.25753412337508 456.18830945983063 777.74354794528335 37.834251152351499 11.707747366745023 159.13056111545302 163.37380078434944 1304.3244050838985 604.03126041498035 660.21602470334619 60.570874705445021 3.0821815566159776 12.076318130828438 10984.391615519999 276.99216863512993
leaf_count=126555 63398 17728 5185 86190 16625 45353 315 3114 11103 74458 6502 521 2661 442 4509 46599 46791 24566 4954 510 5452 776 18627 22956 38837 2281 946 1416 390674 1505
internal_value=-0.000141032 0.000437714 0.00332438 -0.00332029 -0.00226532 -0.005206 -0.0027585 -0.00158837 0.0027463 -0.00216843 0.0153104 -0.00727349 0.0112598 0.0308064 -0.00853505 -0.01027 -0.0216334 0.00676899 0.0380331 0.0713601 0.0226533 0.00397772 0.00629065 -0.00485114 -0.0117349 0.0193405 0.0977223 0.127507 0.00222596 -0.00827959
internal_weight=21184 20820.3 11775.3 9045.05 8663.43 5889.35 5283.17 5092.36 2889.35 1831.85 314.235 2203.01 1057.5 197.568 2124.93 1983.47 640.446 859.933 82.1891 44.3548 173.784 2774.08 2333.71 1343.02 738.992 78.7761 18.2052 15.1585 11108.3 440.366
internal_count=1071549 944994 413587 531407 468009 430476 344286 298933 130963 92063 17605 167970 38900 6209 164856 160347 93390 32691 8125 3171 5894 37533 35252 66957 44001 5164 2883 2362 408402 2281
cat_boundaries=0 1 2 3
cat_threshold=170811916 202532398 67699220
is_linear=0
shrinkage=0.05


Tree=66
num_leaves=31
num_cat=3
split_feature=11 9 2 15 0 3 8 2 15 0 12 0 14 0 10 11 2 0 2 5 1 2 5 0 2 15 6 11 3 5
split_gain=155.757 76.494 96.481 75.8304 71.2483 69.4611 84.8512 148.243 83.05 55.9567 86.024 55.065 44.9166 66.2963 42.5996 42.4559 67.6664 41.5464 41.409 81.4022 39.9323 65.2024 43.6958 39.6874 39.1903 44.4292 43.9633 38.5791 38.0928 73.3672
threshold=0.0018837803320561942 9.8451232910156268 1006.514373779297 0 64.389019012451186 23.250000000000004 7.5000000000000009 999.45968627929699 1 28.310295104980472 0.086148007590132844 74.760589599609389 1.7462478280067446 2.4483814239501958 -3.0804290771484371 0.048193050910442223 996.94052124023449 93.227191925048842 1004.4932556152345 -5.0804316997528067 26.149307250976566 1004.4353027343751 -3.451713919639587 64.389019012451186 1002.4514770507814 2 1.0000000180025095e-35 0.019632981397687283 27.749999999999993 -6.6653435230255118
decision_type=2 8 2 9 2 2 2 2 9 2 2 2 2 2 8 2 2 2 2 2 2 2 2 2 2 9 2 2 2 2
left_child=-1 2 5 -4 14 6 7 8 15 10 -7 -11 18 20 -3 -2 -17 -6 -8 27 22 -22 -14 -5 25 26 -12 -20 -27 -30
right_child=1 4 3 23 17 9 12 -9 -10 11 24 -13 13 -15 -16 16 -18 -19 19 -21 21 -23 -24 -25 -26 28 -28 -29 29 -31
leaf_value=-0.040493125712550232 0.023164782219878513 0.03798487960499166 0.0022983276735962736 -0.019582009860527237 0.022983770262235224 -0.017991388414533942 0.010227301396691936 -0.0091138704966173961 0.0050216749946095443 0.013560098089608869 -0.032178979499049076 -0.015557322602220959 0.044725905342398981 0.0030090992332571999 0.0016588510262831189 0.13904912303139536 0.042897996598892242 0.0043872483095772049 0.075135055201959719 -0.012346394814066772 0.061924068973262872 -0.01130171065376403 0.12343546074686923 0.017036525166750326 -0.013028783659310953 0.0030074269163467607 0.072281183646239949 0.014684127063165232 0.036265217892300264 -0.018918059002882435
leaf_weight=237.16889836359769 142.26738719921559 81.869056861381978 698.89556311571505 1451.1096753097372 734.07850910723209 1218.8175844413927 2230.711680145585 2291.890979097574 624.45127410383429 705.80507307546213 13.10196100536268 210.88626040518284 47.890334001276642 175.83972422627266 5684.7887031940045 23.901335468515754 78.051509386161342 508.30159312486649 36.476713960641064 548.45680599322077 64.664885562378913 57.371543527347967 27.908771379152313 77.968714661896229 667.86309901240747 1815.2293375278823 43.558406251599081 95.471242300001904 68.848548472393304 481.26800796133466
leaf_count=91883 5801 902 79006 177622 5317 105542 66372 120176 18707 11819 2018 1160 1035 13141 149431 333 1620 3188 3397 29388 1290 2181 517 434 49748 85529 4732 2378 5687 31821
internal_value=-0.000201412 0.00025564 -0.00189205 -0.0114265 0.00451445 -7.18915e-05 0.00340129 -0.00244725 0.0151419 -0.00435596 -0.00674254 0.00686159 0.00902864 0.025348 0.00217457 0.0392074 0.0654392 0.0153753 0.00693386 -0.00386369 0.0452031 0.0274993 0.0737063 -0.0175997 -0.00230537 0.000651595 0.0409065 0.0313956 -0.000483584 -0.0120117
internal_weight=21144.9 20907.7 13898.7 2227.97 7009.04 11670.7 6445.35 3160.56 868.672 5225.38 4308.69 916.691 3284.79 373.675 5766.66 244.22 101.953 1242.38 2911.12 680.405 197.836 122.036 75.7991 1529.08 3089.87 2422.01 56.6604 131.948 2365.35 550.117
internal_count=1072175 980292 821454 257062 158838 564392 266336 146637 26461 298056 285077 12979 119699 18164 150333 7754 1953 8505 101535 35163 5023 3471 1552 178056 179535 129787 6750 5775 123037 37508
cat_boundaries=0 1 2 3
cat_threshold=383795993 34078850 1032
is_linear=0
shrinkage=0.05


Tree=67
num_leaves=31
num_cat=4
split_feature=11 7 6 5 6 7 5 12 5 15 5 10 9 3 5 15 15 13 11 2 5 10 5 11 5 10 5 7 2 15
split_gain=142.599 75.6162 71.3073 66.3119 56.4275 47.6878 52.835 38.785 37.2077 36.7386 39.8915 43.4872 38.105 37.4337 46.6161 31.5401 30.7354 29.7271 28.3647 26.6803 26.35 26.2222 26.1968 25.9866 24.6452 25.0796 24.6069 24.1698 24.0128 40.2766
threshold=0.0033467741935483877 6.5000000000000009 -10.658500671386717 57.328527450561531 8.697390556335451 1.5000000000000002 16.836125373840336 0.081327543424317625 67.810760498046889 0 26.218592643737797 -0.60942077636718739 -3.6400799751281734 15.749999999999996 -5.2469789981842032 1 2 1.5611391067504885 0.076171140687269726 996.82888793945324 34.216491699218757 -1.4929046630859373 -7.8364450931549063 0.00073121921182266018 31.715740203857425 -0.76390075683593739 -3.7276359796524043 2.5000000000000004 1003.7488403320314 3
decision_type=2 2 2 2 2 2 2 2 2 9 2 8 8 2 2 9 9 2 2 2 2 8 2 2 2 8 2 2 2 9
left_child=23 2 -2 21 5 6 -4 18 20 13 11 17 16 -7 -15 19 -13 26 -5 -14 -8 -3 -23 -1 25 -25 -11 -17 -24 -30
right_child=1 3 4 7 -6 9 8 -9 -10 10 -12 12 15 14 -16 27 -18 -19 -20 -21 -22 22 28 24 -26 -27 -28 -29 29 -31
leaf_value=-0.048141292926688804 -0.036634246719398501 0.014428711003993525 -0.03702536198415244 -0.0084959490544339721 -0.023041824119593695 -0.0095139791054364119 -0.017334994626718819 0.029835992394909847 -0.027206335997826889 0.18618942835694044 0.0038316991283518318 0.01146565055509836 0.095999252072305474 0.031550762519108322 0.0055107641386516913 -0.023623944590771551 -0.0063392362966158038 0.0064953531025632241 0.021123900299842374 -0.02827583379271888 0.014984393874464937 -0.026968208726609252 0.0034564582568100341 0.027727694983497198 0.023056302715885883 -0.032200254062024904 0.037428448415184758 -0.0062187623540452472 0.0044579412841296703 -0.005917364381255427
leaf_weight=137.59918577445205 157.05887202057056 404.58947374299169 191.9127473612316 168.27707795798779 326.51256951817777 251.50350835698191 92.675663601141423 344.31764364987612 133.90251070261002 3.9889474164228877 1937.4232548903674 462.84726576087996 4.3912334691267452 232.91271359915845 655.7466811168706 214.85949633643031 488.76535866630729 561.06216051219963 155.52934020757675 261.79063879267778 197.3906617667526 80.423242702847347 6799.9384366774466 19.209933350444771 28.174885211512446 191.46477869036607 9.1708418400958163 2782.9972723611863 1620.8882330618799 2185.6906234154012
leaf_count=56889 37623 11797 51493 1126 42711 21706 4925 3050 601 385 22135 18847 320 7126 34745 33794 26830 30746 1151 30274 2190 3081 179852 6440 635 71062 606 156349 84486 127797
internal_value=-0.000335645 0.000218273 -0.00324024 0.00285544 -0.00264491 -0.00185986 -0.0152584 0.0181535 -0.00540547 -0.000810986 -0.00221897 -0.00467099 -0.00642931 0.00745063 0.0123357 -0.00899604 0.00237461 0.00823766 0.00573093 -0.0252761 0.00465841 0.00193393 0.0014609 -0.0308333 -0.0208623 -0.0267358 0.0825203 -0.00744139 0.00167646 -0.00150327
internal_weight=21103 20726.6 8966.91 11759.7 8809.85 8483.34 615.882 668.124 423.969 7867.46 6727.3 4789.87 4215.65 1140.16 888.659 3264.04 951.613 574.222 323.806 266.182 290.066 11091.5 10686.9 376.449 238.85 210.675 13.1598 2997.86 10606.5 3806.58
internal_count=1070772 935746 523406 412340 485783 443072 59209 5327 7716 383863 320286 298151 266414 63577 41871 220737 45677 31737 2277 30594 7115 407013 395216 135026 78137 77502 991 190143 392135 212283
cat_boundaries=0 1 2 3 4
cat_threshold=151258370 34234380 5443760 485542449
is_linear=0
shrinkage=0.05


Tree=68
num_leaves=31
num_cat=5
split_feature=11 0 15 9 15 0 2 0 13 5 0 5 2 0 15 15 1 6 2 15 11 3 6 13 5 3 0 6 8 3
split_gain=130.067 67.9699 64.2143 63.5822 61.7841 61.672 52.0652 47.9051 43.6963 46.3866 59.9985 52.0516 43.7135 70.8819 56.6503 50.7507 62.7724 88.5721 91.4775 48.834 47.2258 51.5275 46.7613 45.961 133.943 41.7771 42.4967 39.2769 36.9866 34.533
threshold=0.0018837803320561942 64.389019012451186 0 -3.9084169864654537 1 0.0055068337824195632 997.92825317382824 15.287225246429445 1.8270956277847292 -6.1566197872161856 0.79915687441825878 -7.1547741889953604 1006.6261596679689 13.892355442047121 2 3 23.016662597656254 6.0171918869018564 1008.8531188964845 4 0.021555157307845484 27.749999999999993 -14.771214485168455 8.4237627983093279 -5.0804316997528067 18.750000000000004 74.760589599609389 4.6106777191162118 8.5000000000000018 15.749999999999996
decision_type=2 2 9 10 9 2 2 2 2 2 2 2 2 2 9 9 2 2 2 9 2 2 2 2 2 2 2 2 2 2
left_child=-1 3 -3 -2 6 -6 -5 -8 9 11 -11 -7 19 15 22 16 -14 18 -18 28 -20 -22 -15 -17 -25 -4 -27 -12 -10 -21
right_child=1 2 25 4 5 8 7 -9 12 10 27 -13 13 14 -16 23 17 -19 20 29 21 -23 -24 24 -26 26 -28 -29 -30 -31
leaf_value=-0.038536754289533494 0.0033607371813048959 0.022185425335511468 -0.029141363486645103 0.041073397219363289 -0.02840919094537513 -0.012603610903796121 -0.039806527584838498 -0.011640939978080196 0.013247872514403453 -0.023651450757342776 0.0041952474990105525 0.10376435423944591 -0.016776884416010145 0.16124334932244244 -0.010549268775744672 -0.024709209271898916 0.034157900613780788 -0.002904952012596993 0.058903533261971466 -0.013811352459658754 0.41884995053601692 0.15993982825923705 0.017641208053874563 0.31927902616859116 -0.0059315727786819492 0.020644742020040005 -0.0011426953371287143 0.056665440164443193 0.0697800549209808 -0.00052074189531110761
leaf_weight=219.68875810864847 6312.1976966687944 627.04023584723473 96.266891494393349 38.320212816819549 214.39540981454775 14.284484960837288 200.16304750088602 614.24860638030805 284.77760348527227 85.688608824857511 74.657371547538787 29.363266702624969 75.499731919029728 5.7889345078729084 314.79348512366414 804.0645801697392 11.742274185176941 28.755409358069301 2.7385124887805414 516.83347090589814 4.2033083925489336 3.5401927293278277 273.58363121224102 3.7705202121287611 19.752969509456307 316.37601349502802 764.96552266180515 68.289520984864794 32.204946853104047 8993.8867386350175
leaf_count=91766 226567 4844 545 1938 48128 1973 47787 23705 27730 17238 7904 4167 14012 159 11690 122527 1377 2551 460 29405 257 212 9599 114 1748 2089 4470 7099 3530 356231
internal_value=-0.000265528 0.000138066 0.00941183 -0.000741494 -0.00277794 -0.00183432 -0.0156993 -0.0185634 -0.00134676 0.0184478 0.00943074 0.0656809 -0.00182054 -0.00962948 0.00392725 -0.0180722 0.0112763 0.0550345 0.130001 -0.000590342 0.237367 0.300481 0.0199044 -0.0224229 0.0461956 0.00240149 0.00523181 0.0292616 0.0184106 -0.00124168
internal_weight=21051.9 20832.2 1804.65 19027.5 12715.3 11862.6 852.732 814.412 11648.2 272.283 228.636 43.6478 11375.9 1548.23 594.166 954.067 126.479 50.9797 22.2243 9827.7 10.482 7.7435 279.373 827.588 23.5235 1177.61 1081.34 142.947 316.983 9510.72
internal_count=1071822 980056 11948 968108 741541 668111 73430 71492 619983 38381 32241 6140 581602 164706 21448 143258 18869 4857 2306 416896 929 469 9758 124389 1862 7104 6559 15003 31260 385636
cat_boundaries=0 1 2 3 4 5
cat_threshold=173325347 34340876 155206163 81789712 16790528
is_linear=0
shrinkage=0.05


Tree=69
num_leaves=31
num_cat=5
split_feature=11 6 7 5 5 15 14 5 6 5 12 2 10 10 2 15 15 15 13 5 9 3 15 2 6 2 3 6 8 2
split_gain=126.247 67.9472 56.7653 67.2453 63.966 49.8967 45.3609 85.401 37.3203 45.7249 66.0072 54.8145 42.1737 49.1011 43.3585 46.6664 36.6628 35.6276 33.2397 32.4455 31.9071 30.7431 30.0832 57.1412 46.5619 28.8308 24.9999 31.4415 41.7788 24.6605
threshold=0.0015901506724643546 -10.658500671386717 1.5000000000000002 17.468769073486332 57.328527450561531 0 1.8742072582244875 9.6351442337036151 8.697390556335451 -5.9464006423950186 0.21737863585689673 992.90328979492199 -0.64332580566406239 0.34455871582031256 1007.2356567382814 1 2 3 5.0768933296203622 67.810760498046889 -48.952966690063469 18.750000000000004 4 995.24942016601574 3.0343208312988286 995.05728149414074 27.749999999999993 -4.101146697998046 6.5000000000000009 993.35729980468761
decision_type=2 2 2 2 2 9 2 2 2 2 2 2 8 8 2 9 9 9 2 2 8 2 9 2 2 2 2 2 2 2
left_child=-1 6 3 -3 8 21 -2 -8 12 10 29 -12 18 14 16 -16 -14 -11 -4 -5 -15 -6 23 24 -18 -7 27 28 -24 -10
right_child=1 2 4 19 5 25 7 -9 9 17 11 -13 13 20 15 -17 22 -19 -20 -21 -22 -23 26 -25 -26 -27 -28 -29 -30 -31
leaf_value=-0.041696606608861354 -0.029776927548638102 -0.036251485380926672 0.019073089989583319 0.007247227039027357 -0.030703885968751867 -0.0013581269916108875 -0.010563078509586698 0.11796905696699644 -0.041156984881625877 -0.028729209943233254 -0.039257867832646925 0.062367140403040477 0.013147253132652047 0.030135456133026102 0.020010625645899335 -0.01528196044531455 0.21570078061539141 -0.0035152130598691046 0.0040141011794910661 -0.022541872552158115 0.002810303332437078 0.0050452401355395807 -0.032102790693076498 -0.014044982717014555 0.023395397495953558 0.024613766638576513 -0.016208870923356995 -0.00058811545192673925 0.082471182459830386 -0.00038690862480007928
leaf_weight=180.32330905518029 300.47364240058232 220.91765368054621 489.47881514811888 288.14750403445214 65.036126591265202 128.66524665057659 84.052277924143709 15.271562454756348 45.266854671179317 321.08101101964712 16.391612692270428 69.649726301897317 413.43263583933003 108.63505698880181 96.539180675405078 953.43596691091079 4.71682205190882 263.77814829663839 1457.8322956260527 133.87558424472809 6437.7453001947142 798.70533906295896 11.689166868804021 681.06194699450862 9.4617361872224119 630.32029325515032 257.61690121376887 6314.3337359940633 24.916790241375566 205.33231948351022
leaf_count=79856 71778 65793 28269 7387 387 993 15254 393 5767 32070 887 3345 37662 1862 9120 95356 122 17197 44351 603 224995 4909 256 47660 647 5014 14322 233370 482 20974
internal_value=-3.99996e-05 0.000320309 0.000719443 -0.0139019 0.0011941 0.0107058 -0.0200938 0.00919941 0.000345209 -0.00945874 0.00522178 0.0430067 0.000868608 -1.27213e-05 -0.00245923 -0.011992 -0.00116225 -0.0179087 0.00779935 -0.00220257 0.00326376 0.00232654 -0.00198752 -0.0118069 0.0873702 0.0199481 -0.000938207 -0.000320251 0.0458849 -0.00775139
internal_weight=21028.2 20847.9 20448.1 642.941 19805.1 1622.73 399.797 99.3238 18182.4 921.5 336.641 86.0413 17260.9 15313.6 8767.2 1049.98 7717.23 584.859 1947.31 422.023 6546.38 863.741 7303.8 695.241 14.1786 758.986 6608.56 6350.94 36.606 250.599
internal_count=1071081 991225 903800 73783 830017 11303 87425 15647 818714 80240 30973 4232 738474 665854 438997 104476 334521 49267 72620 7990 226857 5296 296859 48429 769 6007 248430 234108 738 26741
cat_boundaries=0 1 2 3 4 5
cat_threshold=405472028 174064408 151024640 6326688 36569865
is_linear=0
shrinkage=0.05


Tree=70
num_leaves=31
num_cat=7
split_feature=11 0 0 15 9 0 11 12 3 15 13 14 15 2 1 2 3 0 15 1 15 9 2 3 5 15 14 0 15 13
split_gain=120.375 64.4673 319.958 129.508 88.5843 78.6972 83.6876 58.1786 54.6199 63.1458 53.9567 53.7261 48.9453 74.484 45.8588 111.175 59.8525 58.359 61.3309 44.1179 43.0468 53.9087 38.6739 37.123 43.8644 32.7186 32.5327 41.0826 40.2163 39.267
threshold=0.0016993087557603689 15.533378601074221 2.5052192211151127 0 -10.338522911071776 0.078953903168439879 0.026289682539682543 0.2025014934289128 9.75 1 12.564965248107912 1.1120931506156924 2 999.30996704101574 28.250717163085941 1001.3215332031251 32.249999999999993 1.6668825745582583 3 29.734237670898441 4 -0.91678190231323231 995.42089843750011 11.249999999999995 8.8511104583740252 5 1.5608872771263125 64.389019012451186 6 4.8812613487243661
decision_type=2 2 2 9 8 2 2 2 2 9 2 2 9 2 2 2 2 2 9 2 9 8 2 2 2 9 2 2 9 2
left_child=-1 2 5 -4 11 6 -2 19 -7 -10 12 -5 13 -6 17 16 -16 18 -11 23 -8 -22 -21 24 -3 -17 -25 29 -29 -28
right_child=1 7 3 4 10 8 20 -9 9 14 -12 -13 -14 -15 15 25 -18 -19 -20 22 21 -23 -24 26 -26 -27 27 28 -30 -31
leaf_value=-0.039668072941562917 -0.033088776938072204 0.11613050853866028 -0.039763659713201498 0.14765790055186975 0.076650139584647461 -0.034289851427879298 -0.011071526141370077 0.018025943093095832 0.030727800050376425 0.0070156279959554925 0.013415604245223846 0.016911970442414822 -0.022932435589334436 -0.011206179780785391 0.0040875521108305161 -0.02943655208633239 0.10717283715578466 0.013454017927133669 -0.007457072433366168 -0.0033782954963919435 0.13331515602485342 0.014450570577227357 0.045588360054880234 -0.0020085227006223063 0.015346255637491955 -0.0092665218049255357 0.014219278278294972 -0.006747456080151832 0.023054553795663863 -0.00030125063276685137
leaf_weight=191.52903422841337 324.57889732730109 11.229115127352996 589.42787248606328 8.3082175533054379 31.758781493641436 97.609611812280491 281.11548734153621 622.8417500811629 195.3900463830214 2046.636811731034 138.56767161143944 144.74431221163832 1074.8863982894691 100.35720678977668 2374.2695895857178 257.09284482931253 14.164868448628111 1655.3798329675337 1127.346265869448 64.449492215178907 10.220854831393806 142.94346954370849 107.71805595932528 4188.2526141533162 279.96440431894735 977.77304661716335 558.98855575942434 148.15776757895947 469.02017959952354 2786.5354906879365
leaf_count=87158 73440 339 182079 682 2575 11679 23007 7326 16844 58567 10213 13390 202735 12260 59941 7777 902 40875 63870 767 295 6836 1393 78075 8209 31692 14511 976 3867 49452
internal_value=-0.000210222 0.000152593 -0.00233041 -0.0200528 -0.0119551 0.00156302 -0.0138824 0.00326875 0.00290321 0.00332301 -0.0161347 0.0240093 -0.0195272 0.00921567 0.00265004 -0.00159867 0.00469891 0.00584318 0.00187377 0.00220175 0.000472315 0.0210108 0.0272581 0.00169076 0.0192327 -0.0137792 0.00106407 0.00431155 0.0161646 0.00212492
internal_weight=21021.3 20829.7 11592.6 2088.05 1498.62 9504.52 758.859 9237.16 8745.66 8648.05 1345.57 153.053 1207 132.116 8452.66 3623.3 2388.43 4829.36 3173.98 8614.32 434.28 153.164 172.168 8442.15 291.194 1234.87 8150.95 3962.7 617.178 3345.52
internal_count=1071732 984574 819659 423934 241855 395725 103578 164915 292147 280468 227783 14072 217570 14835 263624 100312 60843 163312 122437 157589 30138 7131 2160 155429 8548 39469 146881 68806 4843 63963
cat_boundaries=0 1 2 3 4 5 6 7
cat_threshold=422468621 25427969 128 206735930 71355280 67162144 2753304
is_linear=0
shrinkage=0.05


Tree=71
num_leaves=31
num_cat=0
split_feature=7 0 0 0 4 2 0 0 3 4 4 4 8 7 8 10 9 2 9 9 2 8 2 5 13 5 5 3 5 13
split_gain=87.6134 83.9398 65.0701 57.788 68.0655 135.259 77.8444 67.9892 51.8135 50.4383 49.1409 48.2688 43.7684 39.5643 38.9714 38.7041 37.5876 45.3078 51.7023 35.7426 35.0331 34.0372 35.8942 33.391 37.3016 62.6715 62.6326 60.3784 47.511 34.7299
threshold=1.5000000000000002 24.141930580139164 0.052361298352479942 64.389019012451186 90.750000000000014 996.20184326171886 15.287225246429445 2.5052192211151127 12.749999999999998 96.750000000000014 72.750000000000014 96.750000000000014 6.5000000000000009 5.5000000000000009 6.5000000000000009 -1.8961639404296873 -0.69153317809104908 1007.2356567382814 7.4665589332580575 -17.499093055725094 999.23739624023449 7.5000000000000009 999.53042602539074 -5.9464006423950186 2.2741004228591923 -6.8052523136138907 -7.6105449199676505 27.749999999999993 -7.0640947818756095 7.7423655986785898
decision_type=2 2 2 2 2 2 2 2 2 2 2 2 2 2 2 8 10 2 10 8 2 2 2 2 2 2 2 2 2 2
left_child=1 -1 10 4 15 12 7 -7 -8 19 -2 -10 -6 -12 -13 -4 21 -18 -19 -5 23 -17 -23 24 25 26 -15 -28 -29 -25
right_child=2 -3 3 9 5 6 8 -9 11 -11 13 14 -14 20 -16 16 17 18 -20 -21 -22 22 -24 29 -26 -27 27 28 -30 -31
leaf_value=-0.03928308842201881 -0.041543853814234387 -0.0040851568412312899 0.016232298297088353 -0.010121625539488532 0.15453167175822344 -0.0050731513807562648 0.01583406955446141 -0.045557131952829712 -0.014282028558213403 -0.029172409017384743 -0.035618520812618334 -0.029071201342431515 0.015840882623674158 -0.050669374874559095 0.028946270410106056 -0.00056979215540595282 -0.00050406945528271875 -0.019129334369564474 0.010684008189390914 0.014671252110511488 -0.013542100332905422 -0.0029274272225794967 0.0084291099820517548 -0.029482094395535365 0.018207564265354966 0.01817025201669251 0.068273015521315969 0.49331709957673797 0.18626866748407211 0.069913137656539226
leaf_weight=273.70266382955015 141.90629808441736 444.41848542075604 405.43349913228303 163.07134252041578 16.272189231356609 172.45525275741238 243.98998182686046 260.15762879920658 893.54117279360071 78.341145157814026 101.85220944555476 37.759969409788027 8.7461754799587634 2.2363262554863459 123.98267569346353 3499.0541314170696 7316.8137739915401 670.31074387801345 185.71092455391772 1339.1454385742545 215.36465090373531 876.42623393493704 3375.6781971523305 49.342175852158107 73.544385857880116 13.066471267258747 2.9403142421506363 2.7568308063782743 2.3201498567359531 10.692998298443852
leaf_count=98322 30175 8863 12282 1048 355 12089 7337 89874 33226 360 26946 1424 506 220 4713 122905 305690 107721 4669 9642 25218 24627 130902 4910 5455 1368 293 270 224 435
internal_value=-0.000337079 -0.0175004 0.000270592 0.00077181 -2.9409e-05 -0.00938066 -0.0110481 -0.0294187 -0.00493131 0.00994016 -0.0157311 -0.00973243 0.106047 -0.00800513 0.0154017 0.000976705 0.000588289 -0.00177743 -0.0126614 0.0119799 -0.000450057 0.00308271 0.00608835 0.0175204 0.0356795 0.0907807 0.18331 0.248576 0.352998 -0.0117786
internal_weight=21001 718.121 20282.9 19666.9 18086.3 1756.91 1731.89 432.613 1299.27 1580.56 616.023 1055.28 25.0184 474.117 161.743 16329.4 15924 8172.84 856.022 1502.22 372.264 7751.16 4252.1 156.9 96.8645 23.3201 10.2536 8.01729 5.07698 60.0352
internal_count=1072069 107185 964884 869370 858320 149524 148663 101963 46700 11050 95514 39363 861 65339 6137 708796 696514 418080 112390 10690 38393 278434 155529 13175 7830 2375 1007 787 494 5345
is_linear=0
shrinkage=0.05


Tree=72
num_leaves=31
num_cat=4
split_feature=11 7 6 6 2 15 5 7 10 1 15 5 13 9 12 3 15 9 7 15 7 3 2 5 5 1 6 11 9 14
split_gain=107.716 61.5454 65.2478 55.1818 44.2072 72.7841 65.6882 62.0694 58.8809 41.4062 50.8238 40.8773 36.2705 34.8489 33.0676 31.1376 30.6461 29.1961 28.7392 27.8342 27.0257 27.0068 37.9386 49.3748 37.0602 38.7789 50.6294 57.1905 45.7787 31.2536
threshold=0.0012509663363553308 7.5000000000000009 -10.658500671386717 8.697390556335451 1002.3335571289064 0 20.609608650207523 2.5000000000000004 2.8617095947265629 28.509429931640629 1 57.328527450561531 2.9807792901992802 9.2651872634887713 0.081327543424317625 32.249999999999993 2 -48.952966690063469 4.5000000000000009 3 2.5000000000000004 18.750000000000004 998.10479736328136 49.967004776000984 -4.0977611541748038 30.044540405273441 6.4954423904418954 0.018564470177373404 -0.69153317809104908 1.4091267585754397
decision_type=2 2 2 2 2 9 2 2 10 2 9 2 2 10 2 2 9 8 2 9 2 2 2 2 2 2 2 2 8 2
left_child=-1 2 -2 4 5 20 7 -6 9 10 -9 -3 -11 17 -13 21 -8 -12 -5 -19 -4 22 23 29 25 26 27 28 -24 -7
right_child=1 11 3 18 6 15 16 8 -10 12 13 14 -14 -15 -16 -17 -18 19 -20 -21 -22 -23 24 -25 -26 -27 -28 -29 -30 -31
leaf_value=-0.04510500189933362 -0.029592992660013848 0.0025190166471179697 -0.014972296814213075 -0.037515755167575604 -0.029242026131389705 0.053698153732978399 0.019782033116465647 -0.02293662284798955 0.15429679888900347 0.014581605032717389 0.073873544219015819 0.0037344715470092773 -0.027186855290896803 0.023271890651296492 0.030102261384298404 0.055351941825686202 0.0010297553034393872 0.0047135043559118584 -0.010374120117347495 -0.0071098625529021717 -0.0014508794005433695 0.004648570588847609 0.23537072913370435 -0.045784530419562194 -0.0024369916565282305 -0.0043184890374461894 0.094339751849451217 0.017842156058618587 0.046572113001640582 0.14874921937169458
leaf_weight=131.90049294300843 213.0392307996517 8620.8193003220949 423.15769314812496 139.96135933964979 316.56211047561374 32.247465407359414 264.52238403307274 307.81585415906738 5.7163198268972328 60.922077420749702 12.25710402673576 226.78105366975069 353.91501056554262 132.45495149062481 249.96022848039865 33.93963654700201 1077.9498210647143 711.86203123105224 321.71603923477232 1611.705348171643 2917.0763818105916 2217.3967682413058 5.538198362570256 9.6305924132466298 230.18554621795192 85.500014473218471 31.233758908812888 172.17397343320772 7.6399924402357993 11.817432205541989
leaf_count=65078 60265 310593 36977 32579 78915 679 4934 35799 149 8500 273 1617 17654 3034 2379 4597 18323 49225 27739 119672 100716 73484 289 66 10672 3204 910 2235 723 381
internal_value=-6.33791e-05 0.000222171 -0.00217501 -0.00166686 -0.00095821 0.00184776 -0.00452804 -0.00812296 -0.00603155 -0.00631877 -0.00411703 0.00330718 -0.0210528 -0.00167037 0.0175594 0.00772049 0.00487975 -0.0030919 -0.0186023 -0.0034979 -0.0031544 0.00717137 0.016718 0.0567744 0.0126772 0.0241939 0.0354496 0.025526 0.125916 0.0791892
internal_weight=20937.4 20805.5 11707.9 11494.9 11033.2 6177.54 4855.68 3513.21 3196.65 3190.93 2776.1 9097.56 414.837 2468.28 476.741 2837.3 1342.47 2335.82 461.677 2323.57 3340.23 2803.36 585.967 53.6955 532.271 302.086 216.586 185.352 13.1782 44.0649
internal_count=1071661 1006583 691994 631729 571411 234933 336478 313221 234306 234157 208003 314589 26154 172204 3996 97240 23257 169170 60318 168897 137693 92643 19159 1126 18033 7361 4157 3247 1012 1060
cat_boundaries=0 1 2 3 4
cat_threshold=376211993 302915596 470836736 155189810
is_linear=0
shrinkage=0.05


Tree=73
num_leaves=31
num_cat=4
split_feature=11 6 4 7 5 5 15 9 15 7 6 15 8 5 6 1 4 1 4 12 7 15 5 5 14 5 5 13 3 3
split_gain=99.8982 55.7791 50.1844 42.6436 60.889 44.8022 51.6208 44.3966 44.6825 44.516 39.1279 41.324 38.7149 108.24 56.6282 55.415 38.0885 32.1286 30.4541 82.2085 29.1525 28.0295 27.0362 26.3591 80.9298 25.7364 25.6447 25.3708 27.2524 33.1535
threshold=0.0010035842293906812 -10.658500671386717 77.250000000000014 1.5000000000000002 16.836125373840336 57.328527450561531 0 -4.3763375282287589 1 7.5000000000000009 8.697390556335451 2 6.5000000000000009 -5.0464410781860343 -18.434982299804684 8.8127136230468768 77.250000000000014 33.88136291503907 74.250000000000014 0.079520697167756005 4.5000000000000009 3 67.810760498046889 9.3773798942565936 1.8424764275550845 18.184522628784183 85.954242706298842 2.2406114339828496 15.749999999999996 17.25
decision_type=2 2 2 2 2 2 9 8 9 2 2 9 2 2 2 2 2 2 2 2 2 9 2 2 2 2 2 2 2 2
left_child=-1 2 12 4 -3 7 18 8 16 10 11 17 13 14 -2 -16 -5 -9 19 -7 -10 -20 -6 -4 -25 -14 -23 -13 -29 -30
right_child=1 3 23 5 22 6 -8 9 20 -11 -12 27 25 -15 15 -17 -18 -19 21 -21 -22 26 -24 24 -26 -27 -28 28 29 -31
leaf_value=-0.046312949719844135 0.073775799854870774 -0.035030927078112527 -0.035926440209023434 0.014711411833784372 0.0064865081054651655 -0.089052338215624777 0.018075288408942371 -0.0091975915472867487 0.021967356465193585 0.0016970927812516743 -0.018619822258813905 0.013034391946167102 -0.01575003950274775 -0.01764777929027871 0.56189617846755102 0.19064228189326082 -0.010335503633930624 0.12441360283762454 0.032747401150934073 0.011838378526948396 0.0068368445827430152 0.0080753331383936044 -0.020458484028894088 -0.025479296349652122 0.11542743684247521 0.08790805257264761 -0.011802818805197924 -0.01331037707324915 0.012677355487053014 -0.0016661705916425316
leaf_weight=117.64600422640797 3.2231145810801536 203.71101568534505 236.74815779027995 202.43043965729885 299.15144657366909 33.668980911374092 753.75594004243612 2062.7802502396517 402.92667004780378 7470.9968789594714 414.89963456126861 321.86185128125362 48.144905100110918 11.058397202519698 1.796664841822351 2.2815322935348377 606.66887609183323 4.5091454139910629 62.415398500859737 50.437633976340294 1516.7018668873934 398.58672653511167 135.15603843331337 59.471856229822151 12.297360847936941 6.8385446169413617 273.6382567435503 441.8200491219759 444.25026012037415 4324.3003828217043
leaf_count=60901 675 70300 69531 6572 8116 156 6157 134952 19686 255211 53514 45662 10827 1636 350 399 24864 166 435 345 42713 2697 607 5179 368 85 1415 37845 20846 189794
internal_value=-0.00036821 -0.000108426 -0.0190419 0.000245556 -0.0124774 0.000655807 0.00875314 -4.32695e-05 0.00583733 -0.00107951 -0.00366784 -0.00285153 0.018134 0.0809995 0.230408 0.3542 -0.00401928 -0.00886329 -4.9192e-05 -0.0285495 0.00996082 0.00321305 -0.00189875 -0.0278797 -0.00133551 -0.00285761 -1.60976e-05 -0.000587962 -0.00143059 -0.000329891
internal_weight=20924.2 20806.5 381.861 20424.7 638.019 19786.6 1572.5 18214.1 2728.73 15485.4 8014.42 7599.52 73.3432 18.3597 7.30131 4.0782 809.099 2067.29 818.747 84.1066 1919.63 734.64 434.307 308.517 71.7692 54.9834 672.225 5532.23 5210.37 4768.55
internal_count=1072004 1011103 89050 922053 79023 843030 11205 831825 93835 737990 482779 429265 13972 3060 1424 749 31436 135118 5048 501 62399 4547 8723 75078 5547 10912 4112 294147 248485 210640
cat_boundaries=0 1 2 3 4
cat_threshold=271254300 321170177 305061901 65536
is_linear=0
shrinkage=0.05


Tree=74
num_leaves=31
num_cat=2
split_feature=11 7 0 6 0 13 6 4 15 5 6 6 9 7 5 5 0 0 1 5 10 15 10 6 1 13 1 11 0 11
split_gain=93.4553 63.1579 74.3433 58.1996 56.9549 48.4837 39.6718 36.5402 32.3891 32.2276 38.3373 36.7963 23.9463 28.0068 30.0963 43.8208 23.7803 102.997 38.6002 23.7735 25.0131 25.7421 24.6774 23.6104 28.7972 23.3063 23.2231 22.7043 22.135 21.842
threshold=0.0014128352490421459 6.5000000000000009 0.26655103266239172 -10.658500671386717 64.389019012451186 1.6126238107681277 -1.3339500427246092 80.250000000000014 0 -6.1566197872161856 8.4539079666137713 0.77296924591064464 5.7587678432464608 2.5000000000000004 16.262253761291507 67.810760498046889 2.5052192211151127 10.542552947998049 27.315811157226566 -7.8364450931549063 0.55325317382812511 1 -1.6015777587890623 7.5216350555419931 27.768783569335941 4.1431493759155282 25.702255249023441 0.12284946236559141 64.389019012451186 0.047115384615384621
decision_type=2 2 2 2 2 2 2 2 9 2 2 2 10 2 2 2 2 2 2 2 10 9 8 2 2 2 2 2 2 2
left_child=28 2 7 -4 19 9 -6 -2 16 10 11 -5 13 14 -10 -16 18 -18 -7 -3 22 26 -21 -14 -25 -20 -22 -24 -1 -9
right_child=1 4 3 5 6 8 -8 29 12 -11 -12 -13 23 -15 15 -17 17 -19 25 20 21 -23 27 24 -26 -27 -28 -29 -30 -31
leaf_value=-0.043703518493952313 -0.030192105130857572 -0.025408085152444183 -0.033618045661966078 0.036165686997572249 0.0018927745544657746 0.016895264410984722 0.027797204457100922 -0.016647946193112505 -0.029255658536267631 0.024869467647982531 0.010891708627663046 0.32610372819595157 0.00017332429494837335 -0.0047365648582319416 0.0077104063016736162 -0.042331844738783153 -0.029063033282656966 0.0033386087412814246 0.021118986362710437 0.013784651423090544 0.043681935870812698 0.0040022752166311631 0.00011858379683051626 0.010696664065983869 0.13781534462175868 -0.0028844684190291983 0.013258489648869174 0.013824063840593832 0.069622103494788465 0.021805819448876929
leaf_weight=139.19276454788633 356.97788203659002 79.340759322978556 141.05955999635626 1.7114504401106367 245.71640382707119 582.89790638338309 370.89535792917013 90.656376641010866 262.4040866837604 88.188779293326661 3.9632455675164238 3.0346159155014902 1515.8170818700455 2788.9856897596037 177.36849349807017 58.069181561470032 288.8491126986919 1625.387040614034 116.59900978649966 368.48281719803344 77.812629033345729 1155.3154088382144 8835.3958257182967 12.634941014810467 6.8819028653670093 762.07885328773409 323.51054510404356 312.87579593388364 4.446512132883071 62.308503539301455
leaf_count=75442 72667 3119 42746 179 1681 21101 3525 12111 65851 10630 280 404 30318 162041 5598 265 68494 53591 12028 10262 3214 41472 340606 361 244 15949 9026 6607 18 1573
internal_value=-3.8317e-06 0.000274857 -0.00289182 -0.00177116 0.00268185 -0.00122959 0.0174744 -0.0214308 -0.00164518 0.0339312 0.125689 0.221551 -0.00426958 -0.00668657 -0.0176108 -0.00463219 0.00211003 -0.00155064 0.00691889 0.001864 0.0020594 0.00793516 0.00109831 0.000876885 0.0555204 0.000300748 0.0186915 0.000587319 -0.0401954 -0.000984242
internal_weight=20858.9 20715.2 8945.87 8435.93 11769.3 8294.87 616.612 509.943 8197.97 96.8981 8.70931 4.74607 4822.16 3286.83 497.842 235.438 3375.81 1914.24 1461.58 11152.7 11073.4 1556.64 9516.75 1535.33 19.5168 878.678 401.323 9148.27 143.639 152.965
internal_count=1071403 995943 576431 490080 419512 447334 5206 86351 435841 11493 863 583 264678 233755 71714 5863 171163 122085 49078 414306 411187 53712 357475 30923 605 27977 12240 347213 75460 13684
cat_boundaries=0 1 2
cat_threshold=219172134 134283283
is_linear=0
shrinkage=0.05


Tree=75
num_leaves=31
num_cat=6
split_feature=0 1 9 12 2 15 8 1 15 2 15 5 9 0 1 2 3 5 15 15 1 15 0 4 0 3 5 3 8 2
split_gain=68.3266 65.4387 43.5566 42.9046 37.6155 72.8808 56.1544 50.8421 52.5104 49.8317 44.0927 40.8521 66.3119 61.3364 63.571 55.0593 97.9289 92.5315 53.3609 47.576 46.979 46.2979 40.3191 35.8607 35.6079 34.7694 33.6226 33.1225 44.7206 39.6163
threshold=0.00127588288160041 12.538391113281252 8.2869253158569354 0.1273809523809524 1002.1576232910157 0 8.5000000000000018 29.341247558593754 1 1007.5124816894532 2 11.448842048645021 -48.952966690063469 2.5052192211151127 25.530242919921879 1005.1738586425782 26.249999999999996 -3.333115696907043 3 4 23.660736083984379 5 0.64516702294349682 74.250000000000014 64.389019012451186 24.749999999999996 -5.146573305130004 20.249999999999996 8.5000000000000018 998.19302368164074
decision_type=2 2 10 2 2 9 2 2 9 2 9 2 8 2 2 2 2 2 9 9 2 9 2 2 2 2 2 2 2 2
left_child=-1 2 -2 -4 5 25 7 8 -6 10 -10 12 -8 14 15 16 17 22 -17 -13 -19 -15 23 -14 27 -3 -25 28 29 -7
right_child=1 4 3 -5 6 24 11 -9 9 -11 -12 19 13 21 -16 18 -18 20 -20 -21 -22 -23 -24 26 -26 -27 -28 -29 -30 -31
leaf_value=-0.029723759669383027 -0.026025238064122283 0.0099820835235886075 -0.015009890312178984 0.10411750553363378 -0.019204660564875027 0.033204448618077642 0.12312433128319325 -0.022512082506525033 0.0084970313781312073 -0.014799480340380004 -0.0030534866691295775 -0.007328947264689272 -0.030839561770097751 -0.031144187647503846 -0.0053572609400921144 0.031642868506891367 -0.03141588648649922 0.20303051574051253 -0.0028886125922677102 0.015999718723225035 0.085675500562980414 3.6497036797989182e-05 0.010361813867257463 0.051962269543888343 0.010230141048724347 0.041500972850737942 0.18714927208576573 -0.0013222155787771478 0.064800362878429038 -0.00025627838977559714
leaf_weight=196.02878861501813 340.37766688887496 1681.2502489984035 17.650550893507901 13.218703340971841 487.40060560149141 115.78538294415921 10.715169587638229 382.57581733702682 1076.9309475448681 680.48850777803455 3435.0598101571668 282.75125351583119 4.9615692909574163 257.23940374481026 948.6859886534512 146.80011550651398 35.583796888007782 13.574263783870263 390.5299637389835 918.88954855513293 22.939051548251882 224.60669625177979 56.475325220962986 9.055757658090446 853.3128966242075 92.301176325068809 9.3464262790512258 7750.8184879106702 36.784780702088028 374.81602928531356
leaf_count=46349 95665 45985 894 259 31539 2301 263 21576 65933 67958 139513 6296 539 64697 57869 7940 2068 178 27151 17620 449 46498 1015 352 6376 7967 372 293816 1092 11144
internal_value=-0.000343512 -6.48898e-05 -0.0208676 0.0360023 0.000315557 0.00231328 -0.00200335 -0.00486925 -0.0036809 -0.00218254 -0.000284521 0.00321081 -0.000946957 -0.00157411 0.00303891 0.0145952 0.0411707 0.0633697 0.00708062 0.0105825 0.129304 -0.0172553 0.0332157 0.0884585 0.000504671 0.0115573 0.120623 -0.000497216 0.0116275 0.00764069
internal_weight=20867 20670.9 371.247 30.8693 20299.7 10905.1 9394.61 6062.46 5679.88 5192.48 4511.99 3332.15 2130.51 2119.8 1637.95 689.266 151.936 116.352 537.33 1201.64 36.5133 481.846 79.8391 23.3638 9131.52 1773.55 18.4022 8278.2 527.386 490.601
internal_count=1071674 1025325 96818 1153 928507 368681 559826 326519 304943 273404 205446 233307 209391 209128 97933 40064 4973 2905 35091 23916 627 111195 2278 1263 314729 53952 724 308353 14537 13445
cat_boundaries=0 1 2 3 4 5 6
cat_threshold=726019 101318784 421581312 142082608 285485106 287189167
is_linear=0
shrinkage=0.05


Tree=76
num_leaves=31
num_cat=5
split_feature=11 0 7 0 0 0 0 15 0 9 4 15 5 15 9 9 11 9 10 13 15 14 5 4 14 15 4 1 14 11
split_gain=90.4335 50.0787 47.584 47.1415 45.6988 54.596 234.392 77.3488 55.0988 49.0418 64.4395 48.2889 46.1772 57.2916 45.4986 43.4771 42.9377 44.606 41.7736 41.4495 52.4889 38.9909 43.7263 38.9164 73.9501 38.8266 37.1564 34.2465 33.6493 33.7384
threshold=0.0027329749103942656 0.0021131278481334452 1.5000000000000002 24.141930580139164 64.389019012451186 2.5052192211151127 9.8355283737182635 0 1.6668825745582583 -0.42593789100646967 72.750000000000014 1 -6.0224449634551993 2 -6.3437910079956046 0.5626206398010255 0.0067964222726127491 -6.9575181007385245 -0.44621276855468744 4.3914921283721933 3 2.0776757001876835 -6.880621910095214 74.250000000000014 1.518437445163727 4 77.250000000000014 24.491806030273441 2.3179531097412114 0.020669701754745747
decision_type=2 2 2 2 2 2 2 9 2 8 2 9 2 9 8 10 2 10 8 2 9 2 2 2 2 9 2 2 2 2
left_child=-1 28 3 -3 5 8 7 -7 9 25 -11 23 13 18 -9 -14 17 -10 -12 20 -8 -15 -23 24 -6 -4 -24 -18 -2 -30
right_child=1 2 4 -5 11 6 19 14 16 10 12 -13 15 21 -16 -17 27 -19 -20 -21 -22 22 26 -25 -26 -27 -28 -29 29 -31
leaf_value=-0.02984475515354796 -0.032253328859861888 -0.034489432031998085 -0.00039954679619125396 -0.0041465136412614581 -0.085882343082958459 -0.042285035167211271 0.025099865451825073 0.010801526779800234 0.29951810560534414 -0.017182054057822804 0.06697113010328111 0.01857997306020881 -0.0053742741334292321 -0.0029234220187771029 -0.01894395727670092 0.014503782785170657 0.019848657330380742 0.053897023174869309 0.019212251976719261 -0.00045688367845706391 -0.00054302640581294851 -0.020283137680751608 0.17257005491531741 0.0044107353588962927 0.0098000331800940747 0.012824706404626997 0.047145969630837052 0.0054971577368802815 -0.039090969817029586 0.088707440287399519
leaf_weight=253.45238941896241 173.88693792070262 183.84971583727747 1069.2427786666667 421.41720985574648 35.786322996020317 338.72053408971988 367.8255088761216 151.09092677873559 1.9994862445164496 645.98818716139067 56.952132892445661 711.02389921993017 2518.3679508061614 554.11390842183027 861.98541119322181 308.80643983650953 522.81397419469431 24.466687160544097 233.53088564495556 6940.9049976759125 431.20344733586535 16.867367962375283 8.0027568913064915 730.41604439169168 46.345982894301414 1153.3490600941004 22.525482558179647 2028.5878496915102 8.9632610470289382 12.184742776211349
leaf_count=119069 39048 61335 20334 7316 167 114583 15816 15392 261 41591 2886 5869 113518 25078 142947 9605 14473 4978 10817 216074 10310 646 272 4606 317 34437 753 35768 2211 883
internal_value=-0.00016033 0.000205226 0.000446466 -0.0133632 0.000869021 0.000174778 -0.00257052 -0.0217807 0.00289794 0.000472886 -0.00260544 0.00918831 -7.36039e-05 0.00984514 -0.0143659 -0.00320303 0.00909519 0.0724534 0.0276249 0.00078458 0.0115688 0.000786562 0.0443269 0.00073242 -0.0318903 0.0065187 0.080025 0.00843796 -0.0250106 0.034542
internal_weight=20834.7 20581.2 20386.2 605.267 19780.9 18257.3 9091.73 1351.8 9165.61 6587.75 4365.16 1523.57 3719.17 891.993 1013.08 2827.17 2577.87 26.4662 290.483 7739.93 799.029 601.51 47.3956 812.548 82.1323 2222.59 30.5282 2551.4 195.035 21.148
internal_count=1071360 952291 910149 68651 841498 830539 515122 272922 315417 259937 205166 10959 163575 40452 158339 123123 55480 5239 13703 242200 26126 26749 1671 5090 484 54771 1025 50241 42142 3094
cat_boundaries=0 1 2 3 4 5
cat_threshold=453917709 69927708 7347120 488706835 37718821
is_linear=0
shrinkage=0.05


Tree=77
num_leaves=31
num_cat=2
split_feature=11 7 0 6 13 0 9 0 15 7 9 0 0 4 2 15 6 1 2 6 11 7 9 2 8 8 6 2 9 4
split_gain=87.7111 50.9189 74.4445 56.0089 43.4168 42.3395 38.3189 29.0796 74.5437 47.8103 32.6679 28.2095 114.091 51.8841 67.0337 38.7888 50.9262 36.7755 42.1776 34.0507 31.7364 30.8825 29.9072 29.6065 57.7947 41.3437 63.6573 47.1463 29.4659 27.7821
threshold=0.0012509663363553308 7.5000000000000009 0.078953903168439879 -10.658500671386717 1.6126238107681277 64.389019012451186 -0.255416989326477 31.719656944274906 0 1.5000000000000002 -48.952966690063469 2.5052192211151127 9.3114008903503436 71.250000000000014 996.33050537109386 1 3.380034446716309 30.219223022460941 1004.0300598144532 2.4798974990844731 0.0092728358857391124 3.5000000000000004 0.62286433577537548 999.00714111328136 7.5000000000000009 7.5000000000000009 5.2956018447875985 997.56521606445324 -2.8301908969879146 71.250000000000014
decision_type=2 2 2 2 2 2 8 2 9 2 8 2 2 2 2 9 2 2 2 2 2 2 10 2 2 2 2 2 10 2
left_child=-1 2 6 -4 -5 -3 -2 8 -6 -10 -11 15 13 14 -13 17 -17 18 20 -20 22 -22 -12 25 -25 26 27 -18 -26 -14
right_child=1 5 3 4 7 -7 -8 -9 9 10 11 12 29 -15 -16 16 23 -19 19 -21 21 -23 -24 24 28 -27 -28 -29 -30 -31
leaf_value=-0.044676771135511537 0.023141890309991135 0.0019213527726042138 -0.029141024074196522 0.025097778117304754 -0.019462229084247454 0.017761967400528472 -0.03180208324714371 0.00273153823503384 -0.026997908403630602 0.031775004291757634 0.064207777297499033 0.27693464967087694 0.027199607195442385 -0.02733037613397464 0.016816160726711018 0.0092799634810451538 0.086542415182273014 -0.0077943596516703399 0.034929470519081247 -0.007607371120895697 0.046673260526938154 0.014004967707622773 0.27886344727131623 -0.02119342694630226 0.015490171293469857 -0.017291541431207969 0.00095012798072459696 0.017434113637717484 -0.0063472396679102195 -0.0011310209856079405
leaf_weight=110.98105258564465 35.610659094178118 8651.0335691742366 181.90069404430687 155.11198313243221 630.46024546504486 443.45764213055372 291.43304992723279 2918.754129468929 181.80932493624277 75.069853155873716 14.821141304564664 2.7465335236629498 90.079393390100449 592.46193175029475 25.219611363485456 730.77774451079313 42.473484121030197 285.8799450325314 55.254068341106176 316.75942712498363 81.981274306075647 615.37469369592145 1.822169251856393 637.8461533942027 198.71439191116951 171.04866644972935 321.6516528443899 58.906040018424392 693.8689278808888 2199.2717676301254
leaf_count=65050 3544 310466 55035 17610 78010 3908 67131 35509 54331 1467 2700 319 1376 128390 3101 21321 707 10887 3886 19388 3104 9106 293 21676 3074 5312 12260 1039 28392 102993
internal_value=-0.000345335 -0.000107675 -0.00230268 -0.00162085 -0.00116979 0.00269376 -0.0258194 -0.00154212 -0.00309662 -0.00167257 -0.00103646 -0.00138158 -0.00517043 -0.0241889 0.0423622 0.00122647 -0.0020982 0.00810225 0.0123615 -0.0012895 0.019474 0.0178455 0.087709 -0.00602188 -0.00969935 0.0034518 0.0118392 0.0463874 -0.00148561 -1.62921e-05
internal_weight=20812.6 20701.6 11607.1 11280.1 11098.2 9094.49 327.044 10943.1 8024.3 7393.84 7212.03 7136.96 2909.78 620.428 27.9661 4227.18 2855.29 1371.89 1086.01 372.013 713.999 697.356 16.6433 2124.51 1530.43 594.08 423.031 101.38 892.583 2289.35
internal_count=1071385 1006335 691961 621286 566251 314374 70675 548641 513132 435122 380791 379324 236179 131810 3420 143145 93781 49364 38477 23274 15203 12210 2993 72460 53142 19318 14006 1746 31466 104369
cat_boundaries=0 1 2
cat_threshold=36593676 419433746
is_linear=0
shrinkage=0.05


Tree=78
num_leaves=31
num_cat=5
split_feature=11 0 10 7 0 0 12 0 0 9 15 2 0 7 0 13 3 15 4 14 15 14 2 3 15 2 15 9 11 14
split_gain=83.5719 44.9138 41.9794 40.3165 46.9104 41.6146 35.1209 31.9603 105.968 30.3636 29.8957 42.9718 32.2062 62.2307 44.9829 34.6892 31.7394 29.418 29.1445 43.1997 28.3174 30.8496 40.5378 25.6826 30.0635 25.4803 24.6088 24.4889 24.3116 23.8262
threshold=0.0016993087557603689 0.00127588288160041 -3.0804290771484371 6.5000000000000009 0.25022028386592871 64.389019012451186 0.081327543424317625 2.5052192211151127 8.3652515411376971 -0.37825906276702875 0 1002.1576232910157 34.629938125610359 2.5000000000000004 93.227191925048842 4.1596086025238046 27.749999999999993 1 80.250000000000014 2.3179531097412114 2 2.3306403160095219 1008.5914611816407 9.75 3 1011.7357788085939 4 -0.23828697204589841 0.075332821300563249 0.53910824656486522
decision_type=2 2 8 2 2 2 2 2 2 8 9 2 2 2 2 2 2 9 2 2 9 2 2 2 9 2 9 8 2 2
left_child=-1 20 -3 4 9 7 28 23 17 -4 11 -6 13 -12 26 -15 -17 -9 19 25 21 -2 -23 -5 29 -10 -14 -26 -7 -25
right_child=1 2 3 5 10 6 -8 8 18 -11 12 -13 14 15 -16 16 -18 -19 -20 -21 -22 22 -24 24 27 -27 -28 -29 -30 -31
leaf_value=-0.036755121719241855 -0.0087266719821747895 0.028039096334727967 0.010367483738675099 -0.026488685229741401 0.0077450268289001069 -0.0096421225810401009 0.027795912295545122 -0.044381244380034546 0.0043016652558943609 -0.02529139461781274 -0.024148237559572946 -0.0047300437598022729 -0.0007293681577520434 0.0095439637762697871 -0.014659943030991838 -0.0044678309027961684 -0.024810629817869335 -0.014775894029244271 -0.0025255572352205821 0.072720253602511054 -0.032529391496145782 0.18697863878289223 -0.035564243353253498 0.10835555669404813 0.0079880285550474276 0.070806874131650197 0.012084682594401522 0.0011213272563693354 0.01846080958407538 0.020934538164461187
leaf_weight=153.98881284357049 20.32543629035354 136.78914767503738 72.723019513883628 68.070773559738882 1691.583172947634 165.37345477193594 283.63706063479185 102.43266024487093 2140.3090560644632 333.30554668908007 433.40645564941224 1166.2033833615715 778.97591460589319 413.89211196068209 340.04114875197411 2628.6407569837756 206.82850410637911 534.12989739945624 2369.6647930132458 23.632527007954195 147.48598557466175 5.4635676681064052 3.271691391710192 8.1409930489025992 2082.1804998810403 14.499933909159152 716.76027601957321 3449.4129885638831 143.94066942483187 182.88420747336932
leaf_count=87415 3337 3452 5380 6882 60090 1128 2869 33011 47081 55024 94665 95004 9296 35363 1799 151997 25761 75414 81096 420 37241 366 245 383 36630 520 10139 95918 1144 13340
internal_value=-5.7037e-05 0.000216438 0.000432829 0.00024727 -0.00230691 0.00218634 0.0150884 0.0014893 -0.00136219 -0.0189046 -0.00150236 0.00264495 -0.00364824 -0.00635166 0.00175524 -0.00397792 -0.0059517 -0.0204692 0.00131207 0.00548656 -0.0248947 0.0186336 0.103628 0.00404236 0.00440553 0.00474919 0.00548707 0.00369938 0.0034357 0.0234335
internal_weight=20818 20664 20487.5 20350.7 8782.36 11568.3 592.951 10975.4 5184.67 406.029 8376.33 2857.79 5518.55 3682.77 1835.78 3249.36 2835.47 636.563 4548.11 2178.44 176.547 29.0607 8.73526 5790.69 5722.62 2154.81 1495.74 5531.59 309.314 191.025
internal_count=1072410 984995 943806 940354 544518 395836 5141 390695 237542 60404 484114 155094 329020 307786 21234 213121 177758 108425 129117 48021 41189 3948 611 153153 146271 47601 19435 132548 2272 13723
cat_boundaries=0 1 2 3 4 5
cat_threshold=152061346 151009293 270534944 159653889 40474632
is_linear=0
shrinkage=0.05


Tree=79
num_leaves=31
num_cat=4
split_feature=11 0 11 1 13 4 5 15 13 5 2 11 14 5 0 0 6 1 3 15 5 15 3 15 2 13 0 2 5 5
split_gain=78.0296 46.4324 54.6165 41.2357 44.4374 37.0492 36.4306 52.3352 49.1599 42.5695 36.5337 34.4975 32.3954 56.9826 31.1654 250.974 51.1188 50.6914 47.6205 46.5212 45.6113 40.5147 42.9937 40.1968 56.6749 49.0394 40.2614 37.2298 51.2198 38.0268
threshold=0.0013664874551971328 0.052361298352479942 0.019548545224541431 12.538391113281252 1.5611391067504885 72.750000000000014 -6.0224449634551993 0 2.2741004228591923 -3.0460926294326778 992.90328979492199 0.051906979800717949 1.8742072582244875 9.6351442337036151 2.5052192211151127 15.04286575317383 5.6228361129760751 27.945724487304691 11.249999999999995 1 8.3733782768249529 2 11.249999999999995 3 1010.9490966796876 4.9793205261230478 1.3808901906013491 1002.9254455566407 -6.9701716899871817 -6.202965021133422
decision_type=2 2 2 2 2 2 2 9 2 2 2 2 2 2 2 2 2 2 2 9 2 9 2 9 2 2 2 2 2 2
left_child=-1 2 -2 12 -5 -4 8 9 10 -8 -7 14 -3 -14 16 19 23 18 20 -16 -17 22 -18 24 27 -26 -25 29 -29 -6
right_child=1 3 5 4 11 6 7 -9 -10 -11 -12 -13 13 -15 15 17 21 -19 -20 -21 -22 -23 -24 26 25 -27 -28 28 -30 -31
leaf_value=-0.041186573346182809 -0.036976261692991147 -0.027026386980340135 -0.034453491927616924 0.027144309650347028 -0.010126881168810812 -0.05084150387895589 0.017678526449451278 -0.028619188478900714 0.010234019001829506 0.19243808008158425 0.11995822594136979 0.002966753242474935 -0.013098164441951502 0.083228099731635113 -0.014127899552220144 0.15207624698860056 -0.020302078924168205 0.014879118184047899 -0.0019497757980762285 -0.035747284011640727 0.016460799581368184 -0.0070477439646248023 0.020423287175018089 -0.0054666171569624214 0.021900614862958877 0.18232453463354636 0.010355373274194817 0.093248065426749016 -0.0014393029202633377 0.03145311031791706
leaf_weight=115.02363864472136 177.31338366889395 233.02018066600431 78.234801053069532 158.78892872272991 65.695717843482271 3.7596017923206118 62.997321853181347 120.80609949515201 109.76733352523297 3.6886619434226295 18.720120351528749 8567.1811891475227 68.240802402840927 19.809848602395505 540.12129726901185 6.3492992494720957 83.566970330197364 579.46389347955119 4630.1856765771518 543.94608111749403 263.73601625789888 1698.2647924562916 288.66561540833209 811.60337800707202 9.5935817272402364 9.4622400216758233 796.83032009785529 14.903632458415812 342.50285268528387 337.34093944064807
leaf_count=70957 57409 65085 12137 16090 2656 338 3876 11354 7486 180 1487 179984 12764 417 119817 345 9622 10705 100217 182811 8451 81278 14530 40164 872 158 26180 1464 23555 9516
internal_value=-0.000118933 0.00010988 -0.0138957 0.000511351 0.000800338 -0.00361239 0.00393391 -0.0102406 0.0240296 0.0237793 0.091393 0.000586797 -0.0172634 0.00857355 -0.00126306 -0.00345427 0.0019629 0.000894381 -0.000759334 -0.0254358 0.0196489 -0.00378677 0.0109852 0.00694825 0.0161839 0.10156 0.00235706 0.0142573 0.0025091 0.0246755
internal_weight=20759.6 20644.6 575.287 20069.3 19748.2 397.974 319.739 187.492 132.247 66.686 22.4797 19589.4 321.071 88.0507 11022.2 6563.8 4458.43 5479.73 4900.27 1084.07 270.085 2070.5 372.233 2387.93 779.499 19.0558 1608.43 760.443 357.406 403.037
internal_count=1071905 1000948 94267 906681 828415 36858 24721 15410 9311 4056 1825 812325 78266 13181 632341 422346 209995 119718 109013 302628 8796 105430 24152 104565 38221 1030 66344 37191 25019 12172
cat_boundaries=0 1 2 3 4
cat_threshold=268504098 68224914 152323601 222858512
is_linear=0
shrinkage=0.05


Tree=80
num_leaves=31
num_cat=5
split_feature=11 11 0 4 15 5 0 0 15 5 8 15 3 5 1 6 15 11 15 5 3 5 6 3 3 14 14 4 3 4
split_gain=73.159 37.0334 50.1447 51.6715 51.2315 49.9277 77.6371 170.504 47.4725 46.6976 55.1791 44.373 44.2885 43.1521 41.8527 43.0031 40.6821 37.406 36.9749 36.4853 35.8293 53.7756 41.1046 34.3164 56.551 47.9112 42.9895 38.8908 47.3196 34.2838
threshold=0.0030366387893269618 0.051845658367397504 0.2827668190002442 72.750000000000014 0 -4.5280108451843253 15.533378601074221 2.5052192211151127 1 -6.4142291545867911 6.5000000000000009 2 11.249999999999995 -7.6105449199676505 27.945724487304691 -17.524041175842282 3 0.038496002205679634 4 9.6351442337036151 26.249999999999996 -7.0640947818756095 11.551339149475099 9.75 21.75 1.6561435461044314 1.4120640158653261 71.250000000000014 23.250000000000004 72.750000000000014
decision_type=2 2 2 2 9 2 2 2 9 2 2 9 2 2 2 2 9 2 9 2 2 2 2 2 2 2 2 2 2 2
left_child=-1 2 3 -2 9 11 7 16 -9 10 13 23 19 -5 15 -14 -7 -12 -16 -8 -15 22 -22 -4 25 -25 29 28 -28 -26
right_child=1 -3 5 4 -6 6 12 8 -10 -11 17 -13 14 20 18 -17 -18 -19 -20 -21 21 -23 -24 24 26 -27 27 -29 -30 -31
leaf_value=-0.02710773579285999 -0.036518730598015151 0.0023179171503602699 -0.032851464003822252 -0.050802693490270293 -0.017634963576765271 -0.0068770903777853713 0.074618441394101814 -0.040897327960636921 -0.017297798922949956 -0.002604331491219164 -0.019856192111793347 0.0014767367062769651 0.088787085996325121 0.050184554290010702 0.00071570877012471651 -0.0019508545160697014 0.0073637149311454944 0.11150993097147291 0.026759864329564523 0.014214649438959387 0.40209450681569775 0.090495145434900462 0.14382670513229923 0.054347621504392978 -0.030642091184573891 -0.0038043606744961921 0.15307059156020272 0.013967160920278082 0.0061112388036691336 0.040744702030759965
leaf_weight=254.0104459291324 186.69373589253519 8895.6872436117847 31.018548968364485 5.1121007214533156 459.84118478384335 1072.5100544436136 27.664234726224095 324.879428240587 775.43741448782384 235.89136338292155 34.099462191807106 1514.5752639464336 13.0946949548088 15.737811111612244 302.99919102713466 4602.4898981892038 924.4119235194521 6.4428105712868264 246.6357100890018 259.52656628238037 3.0861668087309218 11.636121875606479 3.0762478987453505 161.64592756459024 89.465767945628613 45.359003921970725 11.701934649609029 185.3655646299012 10.297901518642902 20.71247931336984
leaf_count=126648 37355 196395 4220 510 61577 48234 704 124374 192303 26475 4612 57682 307 1165 5024 95963 39637 350 3980 6988 196 955 248 11065 6531 3478 225 12867 348 739
internal_value=-0.000439079 -0.000108265 -0.00197182 -0.0129053 -0.00721638 -0.000981794 -0.00266877 -0.00899052 -0.0247947 0.00828557 0.0417704 0.00598538 0.000922298 0.0845177 -0.000140284 -0.00169343 -0.000282323 0.00101997 0.0129023 0.0200332 0.105145 0.153742 0.273168 0.0179275 0.021272 0.0416053 0.00801682 0.0214268 0.0842804 -0.017222
internal_weight=20731.1 20477.1 11581.4 961.617 774.923 10619.8 8549.65 3097.24 1100.32 315.082 79.1907 2070.14 5452.41 38.6484 5165.22 4615.58 1996.92 40.5423 549.635 287.191 33.5363 17.7985 6.16241 555.567 524.549 207.005 317.544 207.365 21.9998 110.178
internal_count=1071155 944507 748112 133443 96088 614669 517514 404548 316677 34511 8036 97155 112966 3074 105274 96270 87871 4962 9004 7692 2564 1399 444 39473 35253 14543 20710 13440 573 7270
cat_boundaries=0 1 2 3 4 5
cat_threshold=309733552 17750029 151002240 321730950 206850577
is_linear=0
shrinkage=0.05


Tree=81
num_leaves=31
num_cat=1
split_feature=11 0 1 9 4 7 15 3 5 3 12 1 5 9 0 7 5 0 0 0 11 1 0 1 5 0 14 5 8 12
split_gain=74.6888 51.4022 40.6928 37.6994 31.532 31.3046 37.5283 36.315 40.9971 47.056 36.876 36.0848 32.7318 30.6959 56.7437 44.9249 76.9515 53.7536 37.3758 37.6285 34.2705 30.6828 29.5622 28.3649 35.6946 27.4821 26.1271 28.5798 26.0465 25.5852
threshold=0.0006740877663634977 0.0021131278481334452 12.538391113281252 10.550557136535646 77.250000000000014 8.5000000000000018 0 15.749999999999996 -4.9767227172851554 17.25 0.035573035294948534 23.765167236328129 -7.6105449199676505 8.2869253158569354 20.293519973754886 3.5000000000000004 16.836125373840336 74.760589599609389 64.389019012451186 93.227191925048842 0.014413184552073443 29.341247558593754 64.389019012451186 22.804199218750004 -5.6865670680999747 0.82475242018699657 2.7094049453735356 -3.8875585794448848 8.5000000000000018 0.065808519437551713
decision_type=2 2 2 10 2 2 9 2 2 2 2 2 2 10 2 2 2 2 2 2 2 2 2 2 2 2 2 2 2 2
left_child=-1 26 3 4 -3 6 7 23 9 10 25 -10 -12 15 20 16 -8 -18 21 -20 -15 -16 -7 24 -4 -9 -2 -28 -5 -11
right_child=1 2 5 28 -6 22 13 8 11 29 12 -13 -14 14 18 -17 17 -19 19 -21 -22 -23 -24 -25 -26 -27 27 -29 -30 -31
leaf_value=-0.04946754006501132 -0.029237122313205233 0.010542463334182725 0.25867983286874796 -0.0075657112064770222 -0.030268262586736552 0.0027177488832534138 -0.021432669352432605 0.052165178416491244 0.016014570900313326 -0.0014947437876893417 -0.031301881755581344 -0.0011478883729923242 0.036612149706736034 0.063798389988960313 -0.0061399231275322185 -0.0019757355181961611 0.010244245058146492 -0.025768846901026432 0.017359015833455598 -0.0039286811135051322 0.01551960417204451 0.02999683744821462 0.01932143908086989 -0.010133914033445319 0.025938893916117357 0.17525915513121612 -0.050752217921740284 0.18731492270462716 0.089122546479487988 0.02270631065617644
leaf_weight=76.656608426594175 182.13150464207865 58.753950415411964 2.0988613512599841 14.657377526513301 243.43702062603552 5864.8215835931478 840.58389893884305 10.883114848635161 394.82692238071468 277.0150404976448 19.666939048096538 1365.5027488392079 181.2190069432836 41.802611541119404 1542.114202254219 6886.2726849570172 458.17945064278319 133.89618821442127 483.52799398452044 363.75202918797731 304.57271608710289 61.066522884881124 280.92288622260094 466.72476582525996 7.6586545059690234 7.7728828038088968 2.2104355534538627 2.9339906829409292 13.272648544749245 180.28354363609105
leaf_count=52282 46617 12861 278 511 70543 180184 170071 373 27981 4560 180 60954 4338 2549 24939 320642 13850 633 3574 2236 7551 628 2570 48709 1326 188 292 315 174 10469
internal_value=-0.000204631 -2.2134e-05 0.000216022 -0.0171967 -0.0223336 0.000500943 -0.000802624 0.00423993 0.00672265 0.0171809 0.0362081 0.0027015 0.0299633 -0.00212627 0.0024033 -0.00365168 -0.0117073 0.00209999 -0.000274298 0.00821984 0.0213462 -0.00476344 0.00347671 -0.00837 0.0760019 0.103451 -0.0260984 0.0850232 0.0383816 0.00804618
internal_weight=20769.2 20692.6 20505.3 330.121 302.191 20175.2 14029.4 2913.65 2437.17 676.841 219.542 1760.33 200.886 11115.8 2796.84 8318.93 1432.66 592.076 2450.46 847.28 346.375 1603.18 6145.74 476.482 9.75752 18.656 187.276 5.14443 27.93 457.299
internal_count=1072378 1020096 972872 84089 83404 888783 706029 159356 109043 20108 5079 88935 4518 546673 41477 505196 184554 14483 31377 5810 10100 25567 182754 50313 1604 561 47224 607 685 15029
cat_boundaries=0 1
cat_threshold=152176130
is_linear=0
shrinkage=0.05


Tree=82
num_leaves=31
num_cat=5
split_feature=11 1 0 12 10 0 7 0 0 15 9 4 0 0 0 6 15 8 4 4 11 1 15 8 5 15 8 15 1 6
split_gain=66.5182 44.479 34.131 49.2588 34.0305 33.1739 31.3626 50.6504 32.8778 42.9053 36.9406 35.4436 29.9998 28.2946 174.558 43.6528 45.804 47.0407 77.894 39.5526 38.44 36.1737 35.9137 35.681 32.4131 26.6948 25.5687 26.6526 33.9762 24.7635
threshold=0.0010035842293906812 13.443450927734377 15.533378601074221 0.1273809523809524 -3.0804290771484371 0.00073717575287446391 1.5000000000000002 23.497916221618656 64.389019012451186 0 -8.5348868370056135 96.750000000000014 74.760589599609389 2.5052192211151127 8.3652515411376971 2.8603992462158208 1 8.5000000000000018 80.250000000000014 71.250000000000014 0.027743314033636616 31.000045776367191 2 7.5000000000000009 -2.4143834114074703 3 7.5000000000000009 4 22.804199218750004 1.7888050079345705
decision_type=2 2 2 2 8 2 2 2 2 9 8 2 2 2 2 2 9 2 2 2 2 2 9 2 2 9 2 9 2 2
left_child=-1 2 -2 -4 -3 -6 7 -7 10 -10 25 -11 -9 15 20 16 17 29 -19 23 -15 -21 -17 -16 -22 -8 -26 28 -28 -12
right_child=1 4 3 -5 5 6 8 12 9 11 13 -13 -14 14 19 22 -18 18 -20 21 24 -23 -24 -25 26 -27 27 -29 -30 -31
leaf_value=-0.044273774711697224 -0.027034055549308607 0.024999653159242352 -0.017043573393546462 0.059320953912378883 -0.023522809364866559 -0.033613615701231163 -0.013582099476818432 0.0070690357763824223 0.029296047530771543 0.0064860060434595874 0.039598515537708628 -0.029088948841318654 -0.021566469032337336 -0.038798052737915145 0.052859335151245392 0.0084620479915952576 0.0016375761302138078 0.004072572522875041 0.1679443242661956 -0.0011057995243286772 -0.031583299542202133 0.038657508135893706 -0.0015471486552051427 0.0078033482757654737 -0.023885332329437493 0.0088403389335111986 0.1533423082318898 -0.0097544301963127487 0.017815848061801132 0.012038963406978997
leaf_weight=85.149929879058618 257.95925210067071 138.68492859357502 64.695638846838847 31.350611846428365 146.95379779790528 174.48657130153151 137.06535649509169 299.23722008848563 192.18269824236631 1198.3273133188486 104.15988649858627 74.359157770872116 131.72689291834831 277.45701741508674 62.830416920827702 1033.404250101652 700.79702490195632 14.946602342184635 14.085457141045479 6414.8040091664298 231.12943834706675 57.710916764801368 6342.2742252297467 146.15968188364059 160.73557186755352 1589.903954934678 4.9092590850777915 172.19439044140745 79.733536165673286 374.82495453418233
leaf_count=60658 83644 3246 5487 642 36801 68920 6295 7740 1689 8713 1992 344 590 107892 697 45617 31991 811 359 238903 25707 2172 213219 1712 28999 41568 887 29039 10356 4836
internal_value=-0.000172237 9.7989e-06 -0.0175607 0.0078827 0.000316582 0.000146583 0.00032059 -0.0108856 0.00067061 0.0078727 8.18468e-05 0.00437311 -0.00168359 -0.000659555 -0.0028798 0.00130805 0.0101153 0.0213575 0.0835781 -5.99892e-05 -0.0232225 -0.000751258 -0.000135388 0.0213489 -0.0165607 0.00703327 -0.00824553 0.00154228 0.0229634 0.0180321
internal_weight=20714.2 20629.1 354.006 96.0463 20275.1 20136.4 19989.4 605.451 19384 1464.87 17919.1 1272.69 430.964 16192.2 7607.66 8584.49 1208.81 508.017 29.0321 6681.51 926.159 6472.51 7375.68 208.99 648.702 1726.97 417.573 256.837 84.6428 478.985
internal_count=1071526 1010868 89773 6129 921095 917849 881048 77250 803798 10746 793052 9057 8330 745189 446364 298825 39989 7998 1170 243484 202880 241075 258836 2409 94988 47863 69281 40282 11243 6828
cat_boundaries=0 1 2 3 4 5
cat_threshold=33830947 408061986 285215769 52693761 303039120
is_linear=0
shrinkage=0.05


Tree=83
num_leaves=31
num_cat=3
split_feature=11 7 0 0 6 6 15 5 0 0 0 1 13 0 15 2 1 8 2 1 2 15 10 11 3 5 1 13 0 3
split_gain=63.1575 42.4474 55.7081 41.4912 40.7614 40.048 29.7327 34.2377 39.2064 39.6129 32.056 26.1467 28.0355 27.336 34.9509 25.0514 25.7258 26.1478 25.0455 31.3364 24.8607 31.5223 26.9906 24.2977 24.2861 48.1485 63.8581 57.4697 42.2823 38.6756
threshold=0.0012509663363553308 4.5000000000000009 0.18871347606182101 64.389019012451186 -1.8161363601684568 -10.658500671386717 0 9.9159755706787127 2.5052192211151127 1.2005882859230044 93.227191925048842 29.885757446289066 5.0153706073760995 38.738130569458015 1 1000.6874084472657 26.109771728515629 7.5000000000000009 1007.0105285644532 23.660736083984379 992.90328979492199 2 -0.64332580566406239 0.059747823860727092 27.749999999999993 -6.4689254760742179 29.167587280273441 2.4815952777862553 0.017080408520996574 29.249999999999989
decision_type=2 2 2 2 2 2 9 2 2 2 2 2 2 2 9 2 2 2 2 2 2 9 8 2 2 2 2 2 2 2
left_child=-1 2 -2 20 -5 -4 18 8 9 -8 11 13 -13 14 -9 16 17 -11 19 -7 21 23 -22 -3 -24 26 -26 28 29 -28
right_child=1 3 5 4 -6 6 7 10 -10 15 -12 12 -14 -15 -16 -17 -18 -19 -20 -21 22 -23 24 -25 25 -27 27 -29 -30 -31
leaf_value=-0.042094725197833971 -0.033272698565843924 -0.01247818590345558 -0.040955876754720927 -0.0019219145100727549 0.020067350276761958 0.034142413049405011 -0.018274606188317666 0.0024764516573313518 -0.024526862299499477 0.13166948172898599 -0.016664914234400717 0.094906779381276285 -0.0013686439628227485 0.0062242293815266232 -0.018070589593713712 -0.0049071323430835562 0.012286697873100079 0.017643326396348392 -0.02335280513881182 0.0044196297580714064 0.0067237860412067245 -0.031345826128579141 0.00079246437760095581 0.053693545636149878 -0.016117109784219548 -0.0095594156654850888 0.11582140897716796 0.026144487084025558 0.064950873857418698 0.32835759259591524
leaf_weight=89.122433293843642 159.29478351969738 33.842916325898841 68.958402742515318 339.26820145174861 556.34844826161861 101.43714438698953 332.80118984810542 505.56525453936774 389.6899453785154 9.6564667368074879 282.4669271633029 15.358674185117708 14.89506917982362 1004.1681366423145 340.4079882678343 280.36473899486009 157.17630855669267 10.488596927258186 68.406642682850361 704.9381333211204 1747.8792104393942 117.7150040717097 12109.670366195263 23.509523360524327 45.854098438867368 1119.5508615317522 4.4986507999710756 33.941609139204957 9.800523530924691 4.0833649963606149
leaf_count=64827 47723 1482 28833 2230 5309 7338 34030 18390 120497 309 1369 303 328 11043 22309 18508 7351 346 13524 46568 64845 5831 441871 384 5357 97103 545 2235 374 322
internal_value=-9.45372e-05 8.72398e-05 -0.00423879 0.00127849 0.0117376 -0.0031599 -0.00254196 -0.0046832 -0.0115472 -0.0051486 -0.000959453 0.00139977 0.0475067 0.000645824 -0.00597573 0.00439582 0.0191048 0.0723014 0.00563007 0.00815858 0.000664249 -0.0180692 0.000881798 0.0124719 0.000115625 -0.00661519 0.0269586 0.0647078 0.135911 0.216947
internal_weight=20681.2 20592 4446.07 16146 895.617 4286.78 4217.82 3343.04 1180.18 790.487 2162.86 1880.4 30.2537 1850.14 845.973 457.686 177.321 20.1451 874.782 806.375 15250.3 175.067 15075.3 57.3524 13327.4 1217.73 98.1782 52.3241 18.3825 8.58202
internal_count=1071484 1006657 378769 627888 7539 331046 302213 234783 181041 60544 53742 52373 631 51742 40699 26514 8006 655 67430 53906 620349 7697 612652 1866 547807 105936 8833 3476 1241 867
cat_boundaries=0 1 2 3
cat_threshold=152061186 73503376 100729402
is_linear=0
shrinkage=0.05


Tree=84
num_leaves=31
num_cat=5
split_feature=6 0 4 10 2 8 15 15 2 1 1 4 14 8 9 0 0 15 15 15 6 9 6 3 2 3 13 0 8 4
split_gain=41.4614 34.1918 49.3662 38.3992 28.406 56.6755 55.6443 42.7359 41.727 37.7379 37.2532 37.9418 45.7774 34.3343 30.3806 29.9999 45.4521 40.5838 39.4363 37.7792 48.1314 33.4933 31.8597 44.9864 40.7015 29.2324 39.6579 35.2137 29.1039 42.547
threshold=-10.658500671386717 0.052361298352479942 72.750000000000014 2.8617095947265629 1002.215789794922 8.5000000000000018 0 1 1007.6221923828126 31.138198852539066 29.341247558593754 75.750000000000014 1.7512474060058596 6.5000000000000009 -2.6319327354431148 15.533378601074221 2.5618450641632085 2 3 4 4.0540580749511728 3.5417896509170537 3.138544082641602 23.250000000000004 1007.5124816894532 24.749999999999996 1.410536587238312 0.94154939055442821 6.5000000000000009 77.250000000000014
decision_type=2 2 2 10 2 2 9 9 2 2 2 2 2 2 8 2 2 9 9 9 2 10 2 2 2 2 2 2 2 2
left_child=-1 2 -2 -4 6 7 9 8 -6 25 11 -9 13 -13 -7 16 17 22 -17 20 21 -18 23 24 -16 -3 27 -27 29 -8
right_child=1 4 3 -5 5 14 28 10 -10 -11 -12 12 -14 -15 15 18 19 -19 -20 -21 -22 -23 -24 -25 -26 26 -28 -29 -30 -31
leaf_value=-0.017585722474578559 -0.041285028171952953 0.0087910811926391486 -0.0066990099579170266 0.10032167107992607 0.0045393829194540292 0.013775573227709566 0.025020312765383537 -0.013223609040579069 -0.020483866226513329 -0.0093550504904433285 -0.026232634591804634 -0.013554637030415343 -0.018554502394121337 0.0029957179694615164 0.17995769466454212 0.038538204554511173 0.068164082953573832 -0.0055850915232210753 0.0045553027143672587 -0.029471950152666366 -0.017262500111953412 0.2847953152434986 0.0098374868480176625 -0.0027343091992606452 0.0074424580899396164 0.025999479835014095 0.032572890180882719 0.37373613430925873 -0.0017606410746829717 0.0023328555303999974
leaf_weight=342.83152894262457 116.42367168114288 2603.3003449029056 418.50229036848759 8.5529012753395346 1560.919140947808 593.75361092062667 244.65481265366543 1303.6885302411974 186.50373938673874 287.46299558389001 249.11746080667945 380.03464594512479 388.10493327747099 1786.3219028899912 10.286781141301615 84.31963939522393 12.240637951530514 856.57142339728307 1011.2628427073359 221.61010767047992 22.735495156608522 2.0887107885791911 383.1434751417255 13.366033440339379 5.1210143661592165 1.3090859820367762 77.212816465063952 1.6402237197617067 6149.1305654855096 1330.3335318335448
leaf_count=101892 33216 67622 61164 585 74659 32926 11319 61736 19081 12794 10144 25577 30090 92142 204 2315 2812 51937 19343 78020 5748 402 23463 1311 712 267 5525 179 200013 44342
internal_value=-0.00034257 -5.15028e-05 -0.0124238 -0.00455564 0.000288677 -0.00176945 0.00203431 -0.00469883 0.001858 0.00783605 -0.00747474 -0.00628293 -0.0027407 9.23601e-05 0.00356262 0.00125055 -0.00327876 0.000616513 0.00756408 -0.0223804 0.0220282 0.0997412 0.0133247 0.0643902 0.12262 0.00970683 0.0394462 0.219389 -0.000207082 0.00585707
internal_weight=20652.5 20309.7 543.479 427.055 19766.2 9071.19 10695 5854.69 1747.42 2970.93 4107.27 3858.15 2554.46 2166.36 3216.5 2622.75 1527.16 1268.49 1095.58 258.675 37.0648 14.3293 411.917 28.7738 15.4078 2683.46 80.1621 2.94931 7724.12 1574.99
internal_count=1071540 969648 94965 61749 874683 532622 342061 313429 93740 86387 219689 209545 147809 117719 219193 186267 164609 77627 21658 86982 8962 3214 25690 2227 916 73593 5971 446 255674 55661
cat_boundaries=0 1 2 3 4 5
cat_threshold=726146 421578788 25045545 168317952 69206800
is_linear=0
shrinkage=0.05


Tree=85
num_leaves=31
num_cat=2
split_feature=11 7 0 0 12 5 2 15 0 15 4 0 0 5 2 12 12 3 4 8 0 7 3 14 9 9 5 5 11 0
split_gain=60.2465 49.2452 47.6742 30.4109 45.2568 27.8994 26.9038 33.3949 32.5384 52.5329 38.665 62.7307 64.2919 50.6699 44.7955 52.9907 43.1807 39.2243 54.5499 47.148 39.2832 30.3547 30.0782 69.5356 27.0973 26.7524 31.0483 80.3521 25.7873 25.0486
threshold=0.0014128352490421459 1.5000000000000002 23.497916221618656 0.026374782435595993 0.20778441988119409 67.810760498046889 994.09558105468761 0 64.389019012451186 1 90.750000000000014 15.287225246429445 2.5052192211151127 8.8511104583740252 997.66006469726574 0.076875000000000013 0.094570707070707083 12.749999999999998 95.250000000000014 6.5000000000000009 19.443291664123539 8.5000000000000018 12.749999999999998 0.55815395712852489 -48.952966690063469 -0.071922324597835527 -7.4282400608062735 -7.6105449199676505 0.13933691756272404 74.760589599609389
decision_type=2 2 2 2 2 2 2 9 2 9 2 2 2 2 2 2 2 2 2 2 2 2 2 2 8 8 2 2 2 2
left_child=-1 2 -2 4 -3 -4 7 -5 10 -10 24 12 21 16 15 -15 -13 20 -19 -20 -16 -12 -23 -24 -8 -6 27 -27 -26 -11
right_child=1 3 5 6 25 -7 8 -9 9 29 11 13 -14 14 17 -17 -18 18 19 -21 -22 22 23 -25 28 26 -28 -29 -30 -31
leaf_value=-0.038291189844719326 -0.035789828457269232 -0.026469492244400705 0.0034780863489700348 0.0094938206600002593 0.068810169172044119 -0.023829575548969209 0.020210523034529873 -0.018618027526992802 0.022220646597190641 0.013741606080117055 -0.018361307595465455 0.033871674462342016 -0.044143691291108483 -0.00067939262549820164 0.035676702894495843 0.14545196390082746 0.19166708697731727 -0.015877025272362118 -0.027090302196682594 0.021585169132761841 -0.0056933448776214915 -0.021680215918559575 0.20890936450985942 0.023778269699076857 0.00085152552612319287 -0.050876880998837554 -0.0041707845638604231 0.31190940671269601 0.023311632696609158 -0.0040007181515058299
leaf_weight=102.83480536512798 176.73199321242282 245.85331842873711 300.89192258007824 144.25841333321296 16.206029115361162 135.7233715057373 186.39716852025595 354.81649928400293 452.56053744256496 289.09020485728979 108.22885316784959 19.73682033887599 199.88150451146066 14.236456818878652 111.14193005452398 10.99492767639458 5.5559810238191849 718.29892420477699 64.91537147667259 212.93337538489141 118.62949407147244 21.9452482201159 5.9479502979665986 34.445277865510434 15685.241258261376 3.4317679265514016 132.81190405786037 2.748833902180194 128.84719073073938 637.86295799911022
leaf_count=75484 75384 60362 7769 2930 1081 607 2840 10570 4031 2102 8345 1046 83331 306 2983 186 353 25409 2560 8311 3542 1017 223 1428 668647 325 13849 167 2264 4037
internal_value=-0.000115997 7.51265e-05 -0.0138794 0.000504643 -0.0131245 -0.00501059 0.000784578 -0.0106751 0.00108516 0.00848056 0.000507059 -0.0067879 -0.0249019 -0.00153087 -0.00294727 0.0629994 0.068534 -0.00430456 -0.00859995 0.0102128 0.0143176 -0.00235314 0.0254394 0.051039 0.00125791 0.00801553 0.000927098 0.110473 0.00103452 0.00151625
internal_weight=20643.2 20540.4 613.347 19927 401.052 436.615 19526 499.075 19026.9 1379.51 17647.4 1646.89 370.449 1276.44 1251.15 25.2314 25.2928 1225.92 996.148 277.849 229.771 170.567 62.3385 40.3932 16000.5 155.199 138.993 6.1806 15814.1 926.953
internal_count=1071489 996005 83760 912245 75784 8376 836461 13500 822961 10170 812791 139040 94344 44696 43297 492 1399 42805 36280 10871 6525 11013 2668 1651 673751 15422 14341 492 670911 6139
cat_boundaries=0 1 2
cat_threshold=34932792 34913443
is_linear=0
shrinkage=0.05


end of trees

feature_importances:
fcst_precip_mm=506
region_v2=303
fcst_precip_anomaly_vs_domain_mean=235
fcst_mslp_hpa=199
precip_forecast_jump=197
hist_bust_precip_categorical_rate=193
lead_day=154
latitude=132
longitude=118
fcst_temp_anomaly_vs_domain_mean=108
fcst_temp_c=101
month=94
hist_mean_abs_error_precip_mm=93
hist_bust_temp_hard_rate=60
temp_forecast_jump=44
hist_mean_abs_error_temp_c=43

parameters:
[boosting: gbdt]
[objective: binary]
[metric: binary_logloss]
[tree_learner: serial]
[device_type: cpu]
[data_sample_strategy: bagging]
[data: ]
[valid: ]
[num_iterations: 86]
[learning_rate: 0.05]
[num_leaves: 31]
[num_threads: 12]
[seed: 42]
[deterministic: 0]
[force_col_wise: 0]
[force_row_wise: 0]
[histogram_pool_size: -1]
[max_depth: -1]
[min_data_in_leaf: 200]
[min_sum_hessian_in_leaf: 0.001]
[bagging_fraction: 0.8]
[pos_bagging_fraction: 1]
[neg_bagging_fraction: 1]
[bagging_freq: 1]
[bagging_seed: 400]
[bagging_by_query: 0]
[feature_fraction: 0.8]
[feature_fraction_bynode: 1]
[feature_fraction_seed: 30056]
[extra_trees: 0]
[extra_seed: 12879]
[early_stopping_round: 0]
[early_stopping_min_delta: 0]
[first_metric_only: 0]
[max_delta_step: 0]
[lambda_l1: 0]
[lambda_l2: 0]
[linear_lambda: 0]
[min_gain_to_split: 0]
[drop_rate: 0.1]
[max_drop: 50]
[skip_drop: 0.5]
[xgboost_dart_mode: 0]
[uniform_drop: 0]
[drop_seed: 17869]
[top_rate: 0.2]
[other_rate: 0.1]
[min_data_per_group: 100]
[max_cat_threshold: 32]
[cat_l2: 10]
[cat_smooth: 10]
[max_cat_to_onehot: 4]
[top_k: 20]
[monotone_constraints: ]
[monotone_constraints_method: basic]
[monotone_penalty: 0]
[feature_contri: ]
[forcedsplits_filename: ]
[refit_decay_rate: 0.9]
[cegb_tradeoff: 1]
[cegb_penalty_split: 0]
[cegb_penalty_feature_lazy: ]
[cegb_penalty_feature_coupled: ]
[path_smooth: 0]
[interaction_constraints: ]
[verbosity: -1]
[saved_feature_importance_type: 0]
[use_quantized_grad: 0]
[num_grad_quant_bins: 4]
[quant_train_renew_leaf: 0]
[stochastic_rounding: 1]
[linear_tree: 0]
[max_bin: 255]
[max_bin_by_feature: ]
[min_data_in_bin: 3]
[bin_construct_sample_cnt: 200000]
[data_random_seed: 175]
[is_enable_sparse: 1]
[enable_bundle: 1]
[use_missing: 1]
[zero_as_missing: 0]
[feature_pre_filter: 1]
[pre_partition: 0]
[two_round: 0]
[header: 0]
[label_column: ]
[weight_column: ]
[group_column: ]
[ignore_column: ]
[categorical_feature: 15]
[forcedbins_filename: ]
[precise_float_parser: 0]
[parser_config_file: ]
[objective_seed: 16083]
[num_class: 1]
[is_unbalance: 0]
[scale_pos_weight: 1]
[sigmoid: 1]
[boost_from_average: 1]
[reg_sqrt: 0]
[alpha: 0.9]
[fair_c: 1]
[poisson_max_delta_step: 0.7]
[tweedie_variance_power: 1.5]
[lambdarank_truncation_level: 30]
[lambdarank_norm: 1]
[label_gain: ]
[lambdarank_position_bias_regularization: 0]
[eval_at: ]
[multi_error_top_k: 1]
[auc_mu_weights: ]
[num_machines: 1]
[local_listen_port: 12400]
[time_out: 120]
[machine_list_filename: ]
[machines: ]
[gpu_platform_id: -1]
[gpu_device_id: -1]
[gpu_device_id_list: ]
[gpu_use_dp: 0]
[num_gpu: 1]

end of parameters

pandas_categorical:[["Andaman and Nicobar", "Andhra Pradesh", "Arunachal Pradesh", "Assam", "Bihar", "Chhattisgarh", "Goa", "Gujarat", "Haryana", "Himachal Pradesh", "Jammu and Kashmir", "Jharkhand", "Karnataka", "Kerala", "Lakshadweep", "Madhya Pradesh", "Maharashtra", "Manipur", "Meghalaya", "Mizoram", "Odisha", "Punjab", "Rajasthan", "Sikkim", "Tamil Nadu", "Tripura", "Uttar Pradesh", "Uttarakhand", "West Bengal"]]
