tree
version=v4
num_class=1
num_tree_per_iteration=1
label_index=0
max_feature_idx=23
objective=binary sigmoid:1
feature_names=lead_day month latitude longitude region_v2 fcst_precip_mm fcst_temp_c fcst_mslp_hpa precip_forecast_jump temp_forecast_jump hist_bust_precip_categorical_rate hist_bust_temp_hard_rate hist_mean_abs_error_precip_mm hist_mean_abs_error_temp_c fcst_precip_anomaly_vs_domain_mean fcst_temp_anomaly_vs_domain_mean wind_speed_10m analog_rain_bust_rate analog_temp_bust_rate analog_precip_abs_error analog_temp_abs_error mean_distance top1_distance n_analogs
feature_infos=[1:10] [6:10] [7.4999999999999911:36] [67.5:97.499999999999986] -1:22:26:15:7:16:1:20:10:24:4:5:2:12:25:28:3:0:9:11:27:18:14:19:17:6:21:8:13 [0:56.714130401611328] [-6.97735595703125:43.3177490234375] [991.37359619140625:1024.3475341796875] [-11.301433563232422:8.7125616073608398] [-1.86419677734375:1.4324951171875] [0:0.14381720430107528] [0:0.48194444444444445] [0.57966160774230957:19.52825927734375] [0.32824388146400452:2.9356710910797119] [-8.9848299026489258:50.086654663085938] [-28.791906356811523:17.447662353515625] [0.46386745572090149:12.138906478881836] none [0:1] [3.0735045179931651e-05:39.599766969680786] [0.082482910156250006:4.7185302734374996] [0.12859809137880801:0.59015007813771569] [0.032838694751262665:0.55184292793273926] [5:10]
tree_sizes=661 678 676 682 679 676 676 790 683 792 676 680 683 688 677 674 786 779 678 777 679 899 677 705 679 809 687 787 685 791 679 680 788 788 812 677 791 809 578 791 683 707 677 791 788 673 676 684 705 598 793 790 678 575 572 778 784 798 677 668 805 674 813 786 680 673 794 789 572 680 678 783 777 677 787 686 686 674 797 681 919 693 674 921 784 678 673 886 885 571 680 677 777 678 676 813 783 687 898 677 675 672 675 681 778 679 680 782 696 680 678 682 782 704 577 804 672 573 788 572 820 779 782 570 786 573 680 800 573 785 678 675 573 1001 781 807 785 784 898 682 793 678 814 673 697 902 778 780 814 678 677 570 894 799 571 676 578 573 993 795 568 677 679 677 681 709 686 784 790 683 786 790 675 777 674 794 572 678 678 784 1002 679 787 570 777 674 684 777 779 574 896 681 676 677 681 574 896 797 782 900

Tree=0
num_leaves=5
num_cat=0
split_feature=19 19 19 5
split_gain=27.2773 3.90382 0.778719 1.77636e-15
threshold=5.202267248928548 3.1036589161492887 0.41261609889334072 1.9892605543136599
decision_type=2 2 2 2
left_child=1 2 -1 -4
right_child=-2 -3 3 -5
leaf_value=-3.9680771751042316 -3.8433081953934591 -3.9315571167275918 -3.9944906638452307 -3.9944906638452307
leaf_weight=3.7859445139765802 4.9608928114175788 3.9724442437291136 6.4715406224131566 4.1402940005064011
leaf_count=203 266 213 347 222
internal_value=-3.94734 -3.97544 -3.98755 -3.99449
internal_weight=23.3311 18.3702 14.3978 10.6118
internal_count=1251 985 772 569
is_linear=0
shrinkage=1


Tree=1
num_leaves=5
num_cat=0
split_feature=10 0 5 12
split_gain=29.558 2.69168 5.01786 9.35052e-07
threshold=0.042539682539682551 4.5000000000000009 1.8485933542251589 4.1676046848297128
decision_type=2 2 2 2
left_child=1 3 -3 -1
right_child=-2 2 -4 -5
leaf_value=-0.050932782437668057 0.095318308651183903 0.024834760072085151 -0.050990409397363989 -0.050966711150056292
leaf_weight=4.0796246230602318 6.4925450980663291 4.6186230815947038 4.1355756670236588 4.0432482697069645
leaf_count=227 338 254 218 218
internal_value=0.00465683 -0.0302203 -0.0109858 -0.0509497
internal_weight=23.3696 16.8771 8.7542 8.12287
internal_count=1255 917 472 445
is_linear=0
shrinkage=0.05


Tree=2
num_leaves=5
num_cat=0
split_feature=19 5 19 0
split_gain=31.055 89.5259 0.787802 4.23151e-06
threshold=2.9445636034011846 4.1569368839263925 0.4253779493272305 4.5000000000000009
decision_type=2 2 2 2
left_child=2 -2 -1 -4
right_child=1 -3 3 -5
leaf_value=-0.023592254563210159 0.25260954991871282 -0.051043251794705383 -0.05088019325624802 -0.050947442760635744
leaf_weight=3.6557256206870106 4.1160345207899791 5.9165297076106071 4.2129221074283105 5.2592360153794289
leaf_count=201 200 298 248 289
internal_value=0.00730577 0.0735356 -0.0433083 -0.0509175
internal_weight=23.1604 10.0326 13.1279 9.47216
internal_count=1236 498 738 537
is_linear=0
shrinkage=0.05


Tree=3
num_leaves=5
num_cat=0
split_feature=10 19 9 0
split_gain=26.3255 6.54679 0.208481 2.74697e-06
threshold=0.060734963960770418 2.9445636034011846 0.13403320312500003 4.5000000000000009
decision_type=2 2 2 2
left_child=1 2 3 -1
right_child=-2 -3 -4 -5
leaf_value=-0.050849459831311977 0.10896742125183885 0.012260940421516452 -0.036200520121534206 -0.050906866758362534
leaf_weight=4.0195039957761818 4.6815268862992516 7.8877949584275475 3.4060886520892373 4.3272228520363569
leaf_count=245 205 378 201 248
internal_value=0.00242037 -0.0229761 -0.0466252 -0.0508792
internal_weight=24.3221 19.6406 11.7528 8.34673
internal_count=1277 1072 694 493
is_linear=0
shrinkage=0.05


Tree=4
num_leaves=5
num_cat=0
split_feature=10 5 13 19
split_gain=21.9209 39.9638 0.809249 1.53954e-05
threshold=0.034602490421455946 2.502813577651978 1.5927206277847292 2.1882147789001469
decision_type=2 2 2 2
left_child=2 -2 -1 -4
right_child=1 -3 3 -5
leaf_value=-0.026842704466019732 0.1524680315062325 -0.051183390533184416 -0.050836598355578848 -0.05097707827208358
leaf_weight=6.2328356001526135 5.1523132566362602 4.5243285428732634 4.5531515618786216 3.411678115837276
leaf_count=364 216 207 282 187
internal_value=-0.000783172 0.0572505 -0.0403369 -0.0508968
internal_weight=23.8743 9.67664 14.1977 7.96483
internal_count=1256 423 833 469
is_linear=0
shrinkage=0.05


Tree=5
num_leaves=5
num_cat=0
split_feature=5 12 0 10
split_gain=16.8931 33.1882 2.13919 7.04912e-05
threshold=2.502813577651978 6.1556360721588144 4.5000000000000009 0.038933691756272405
decision_type=2 2 2 2
left_child=1 2 -1 -2
right_child=3 -3 -4 -5
leaf_value=-0.050838374813837343 -0.050865121810714967 0.1382302437030111 -0.0013026540132424951 -0.051143576470503549
leaf_weight=3.8470426043495554 5.9067217176780087 5.0060900244861832 5.0280086323618889 3.694369213655591
leaf_count=244 359 185 271 174
internal_value=2.02928e-05 0.03529 -0.0227748 -0.0509723
internal_weight=23.4822 13.8811 8.87505 9.60109
internal_count=1233 700 515 533
is_linear=0
shrinkage=0.05


Tree=6
num_leaves=5
num_cat=0
split_feature=19 5 19 12
split_gain=15.5343 52.042 0.891603 7.80352e-05
threshold=2.9445636034011846 2.3877232074737553 0.41261609889334072 5.9380803108215341
decision_type=2 2 2 2
left_child=2 -2 -1 -4
right_child=1 -3 3 -5
leaf_value=-0.020333527456249639 0.16247262823040898 -0.051031352284518085 -0.050774578701037826 -0.051082631025497552
leaf_weight=3.2713245470076826 4.8991043735295516 6.8378998590633273 5.5850985916331393 3.2533007934689522
leaf_count=195 149 359 375 168
internal_value=-0.00290449 0.0380866 -0.042634 -0.050888
internal_weight=23.8467 11.737 12.1097 8.8384
internal_count=1246 508 738 543
is_linear=0
shrinkage=0.05


Tree=7
num_leaves=6
num_cat=0
split_feature=19 20 10 19 0
split_gain=28.9063 3.19899 0.000610948 5.86559e-05 5.15685e-06
threshold=5.202267248928548 2.2164276123046878 0.043033154121863808 2.3597740203142172 4.5000000000000009
decision_type=2 2 2 2 2
left_child=1 2 3 4 -1
right_child=-2 -3 -4 -5 -6
leaf_value=-0.050717720776442321 0.082811299844096728 0.0003848589551770668 -0.051581067641217816 -0.051026848632206967 -0.050808241969974612
leaf_weight=3.3516629766672903 6.6941924300044766 3.8960212860256425 4.0663427840918294 3.0625960798934102 2.9653393942862749
leaf_count=241 266 233 154 171 191
internal_value=-0.0054426 -0.0395096 -0.0510692 -0.0508473 -0.0507602
internal_weight=24.0362 17.342 13.4459 9.3796 6.317
internal_count=1256 990 757 603 432
is_linear=0
shrinkage=0.05


Tree=8
num_leaves=5
num_cat=0
split_feature=19 10 9 19
split_gain=26.7568 1.31516 0.261785 2.26589e-05
threshold=5.202267248928548 0.034602490421455946 0.14590454101562503 2.2184948746347803
decision_type=2 2 2 2
left_child=1 2 3 -1
right_child=-2 -3 -4 -5
leaf_value=-0.050720700597897454 0.078314438652704821 -0.016910981951180321 -0.03318622735579619 -0.050894539487184032
leaf_weight=5.3970329090952927 7.3031136021018019 5.8014082275331011 2.8401442989706984 2.8720085779204965
leaf_count=388 270 250 193 179
internal_value=-0.0016657 -0.0362064 -0.0462828 -0.0507811
internal_weight=24.2137 16.9106 11.1092 8.26904
internal_count=1280 1010 760 567
is_linear=0
shrinkage=0.05


Tree=9
num_leaves=6
num_cat=0
split_feature=19 19 19 10 14
split_gain=16.402 4.24241 0.954926 8.91617e-05 4.04177e-07
threshold=7.5325811654329309 2.9445636034011846 0.3886716913431883 0.029067706487061331 -3.8442475795745845
decision_type=2 2 2 2 2
left_child=1 2 -1 4 -4
right_child=-2 -3 3 -5 -6
leaf_value=-0.017954338302520721 0.091498746606411482 0.0043222720979771588 -0.05067799441619493 -0.051009692010694274 -0.050650214674754029
leaf_weight=3.0407794592902126 3.8330718185752621 8.9457464227452856 2.6925896126776951 2.9084879793226719 2.548750059679147
leaf_count=196 125 377 205 159 202
internal_value=-0.00330082 -0.0213465 -0.041866 -0.0507877 -0.0506645
internal_weight=23.9694 20.1364 11.1906 8.14983 5.24134
internal_count=1264 1139 762 566 407
is_linear=0
shrinkage=0.05


Tree=10
num_leaves=5
num_cat=0
split_feature=5 19 7 19
split_gain=17.1912 44.3494 0.919237 0.000235462
threshold=2.502813577651978 2.9445636034011846 1006.4683837890626 5.202267248928548
decision_type=2 2 2 2
left_child=1 2 -1 -2
right_child=3 -3 -4 -5
leaf_value=-0.050842867804980311 -0.050731503046795114 0.13599583489881986 -0.016013330512146772 -0.051241206989521088
leaf_weight=5.5308621320873517 4.7286040196195227 6.3672751784324637 2.881286065094173 4.3504294343292713
leaf_count=362 345 155 213 190
internal_value=0.00317575 0.0364411 -0.0389132 -0.0509757
internal_weight=23.8585 14.7794 8.41215 9.07903
internal_count=1265 730 575 535
is_linear=0
shrinkage=0.05


Tree=11
num_leaves=5
num_cat=0
split_feature=5 12 12 10
split_gain=13.103 17.3438 1.77942 0.000144879
threshold=2.502813577651978 5.5949556827545175 2.4462056159973149 0.042031982354563006
decision_type=2 2 2 2
left_child=1 2 -1 -2
right_child=3 -3 -4 -5
leaf_value=-0.0010670455456988674 -0.050766457872612025 0.075005657129293968 -0.051058103253828091 -0.05117717214439043
leaf_weight=3.0119631076231625 5.255981036461888 8.2321634162217361 4.3521823016926646 3.6301329573616385
leaf_count=210 376 234 282 172
internal_value=-0.00247429 0.0251361 -0.0306116 -0.0509342
internal_weight=24.4824 15.5963 7.36415 8.88611
internal_count=1274 726 492 548
is_linear=0
shrinkage=0.05


Tree=12
num_leaves=5
num_cat=0
split_feature=19 20 21 12
split_gain=16.5711 2.38126 0.238361 0.000196817
threshold=4.0082207307219511 2.0939254760742192 0.43826577080679796 4.9529557228088388
decision_type=2 2 2 2
left_child=1 2 3 -1
right_child=-2 -3 -4 -5
leaf_value=-0.050703026645664978 0.051704026081989624 0.00094946274221218503 -0.033702532453755499 -0.051256015706434621
leaf_weight=3.7137972693890351 10.580324565991758 3.8590008839964858 2.8887450443580747 2.8391585713252425
leaf_count=292 361 265 189 154
internal_value=0.00500509 -0.0321426 -0.0456679 -0.0509426
internal_weight=23.881 13.3007 9.4417 6.55296
internal_count=1261 900 635 446
is_linear=0
shrinkage=0.05


Tree=13
num_leaves=5
num_cat=0
split_feature=19 20 10 19
split_gain=16.1261 1.96925 0.000438422 1.44836e-05
threshold=4.0082207307219511 2.2164276123046878 0.035681216931216939 1.7325005701432628
decision_type=2 2 2 2
left_child=1 2 3 -1
right_child=-2 -3 -4 -5
leaf_value=-0.050600021056255884 0.041966409288813705 -0.0063766563552416014 -0.05138333752188573 -0.05075560028313808
leaf_weight=4.0191724440082925 11.657941749319432 3.3651356184855095 3.087356292642653 2.3828163864091039
leaf_count=347 379 218 145 188
internal_value=-0.000618728 -0.0392399 -0.0508939 -0.0506579
internal_weight=24.5124 12.8545 9.48935 6.40199
internal_count=1277 898 680 535
is_linear=0
shrinkage=0.05


Tree=14
num_leaves=5
num_cat=0
split_feature=14 19 7 19
split_gain=13.7073 26.2362 1.05311 0.000336791
threshold=-2.6246061325073238 2.9445636034011846 1006.4683837890626 5.202267248928548
decision_type=2 2 2 2
left_child=1 2 -1 -2
right_child=3 -3 -4 -5
leaf_value=-0.050778650571157449 -0.050674320153064278 0.089576373238203 -0.011622989339897872 -0.051316077424654195
leaf_weight=5.2094175647944274 3.8981940653175098 8.4062307523563486 2.5616072062402964 4.2988485042005777
leaf_count=380 319 178 211 188
internal_value=0.00166407 0.0283546 -0.0378715 -0.0510109
internal_weight=24.3743 16.1773 7.77102 8.19704
internal_count=1276 769 591 507
is_linear=0
shrinkage=0.05


Tree=15
num_leaves=5
num_cat=0
split_feature=5 19 20 19
split_gain=11.2511 18.293 1.0279 0.00023619
threshold=2.502813577651978 2.9445636034011846 2.0538160536024308 5.202267248928548
decision_type=2 2 2 2
left_child=1 2 -1 -2
right_child=3 -3 -4 -5
leaf_value=-0.050677911770453346 -0.050636993832587511 0.06909325450189692 -0.011398719585065335 -0.051177457583157109
leaf_weight=4.8452845020219746 3.8367161108180863 8.9688347205519658 2.538055133074522 4.2726295609027147
leaf_count=396 331 164 178 197
internal_value=-0.00276907 0.0211107 -0.0371755 -0.0509218
internal_weight=24.4615 16.3522 7.38334 8.10935
internal_count=1266 738 574 528
is_linear=0
shrinkage=0.05


Tree=16
num_leaves=6
num_cat=0
split_feature=5 19 20 11 19
split_gain=10.3979 15.6323 2.88503 0.195984 0.000224173
threshold=2.502813577651978 4.0463237285614015 2.0804214477539067 0.086148007590132844 5.202267248928548
decision_type=2 2 2 2 2
left_child=1 2 3 -1 -2
right_child=4 -3 -4 -5 -6
leaf_value=-0.051149206783660861 -0.050604234826444709 0.072527121860539848 0.016371562005242424 -0.033529910599950953 -0.051138370781140197
leaf_weight=3.5453127995133453 3.7496237354353061 7.4929801896214476 2.9649369828402996 2.8446283405646682 4.1257573198527098
leaf_count=241 340 111 186 198 197
internal_value=-0.00345693 0.0187125 -0.0243915 -0.0433056 -0.0508841
internal_weight=24.7232 16.8479 9.35488 6.38994 7.87538
internal_count=1273 736 625 439 537
is_linear=0
shrinkage=0.05


Tree=17
num_leaves=6
num_cat=0
split_feature=19 21 21 3 13
split_gain=9.52266 6.66901 3.12812 0.695106 1.32552
threshold=8.4151638716459285 0.3221008605427213 0.47027534097433094 78.750000000000014 1.6039728522300722
decision_type=2 2 2 2 2
left_child=1 -1 3 4 -3
right_child=-2 2 -4 -5 -6
leaf_value=0.049337650530807554 0.07057691023967419 -0.0060399292254550664 0.011442827707780571 -0.05212350100732821 -0.051440272713524138
leaf_weight=3.454435187391943 4.0336103942245236 3.2789771268144268 3.9651624988764516 5.8425004808232188 3.1542614754289389
leaf_count=189 110 196 237 320 206
internal_value=0.000585517 -0.0137487 -0.0271672 -0.0396385 -0.0283
internal_weight=23.7289 19.6953 16.2409 12.2757 6.43324
internal_count=1258 1148 959 722 402
is_linear=0
shrinkage=0.05


Tree=18
num_leaves=5
num_cat=0
split_feature=5 19 7 12
split_gain=11.9844 16.4458 1.10535 0.22667
threshold=1.9892605543136599 2.9445636034011846 1006.3220520019532 6.3129572868347177
decision_type=2 2 2 2
left_child=1 2 -1 -2
right_child=3 -3 -4 -5
leaf_value=-0.050697769990595665 -0.034727420350896869 0.071393106528957348 -0.0071089657746069628 -0.051388026780744646
leaf_weight=3.9644229756668237 3.1117013879120332 8.7645379751920682 2.2971951887011528 5.9359715208411217
leaf_count=326 271 146 197 331
internal_value=-0.000194806 0.0271799 -0.0347064 -0.0456581
internal_weight=24.0738 15.0262 6.26162 9.04767
internal_count=1271 669 523 602
is_linear=0
shrinkage=0.05


Tree=19
num_leaves=6
num_cat=0
split_feature=5 19 20 7 19
split_gain=11.9093 16.2982 2.93199 0.21206 0.000185861
threshold=2.502813577651978 4.0463237285614015 2.0268539428710941 1004.1544189453126 5.202267248928548
decision_type=2 2 2 2 2
left_child=1 2 3 -1 -2
right_child=4 -3 -4 -5 -6
leaf_value=-0.051317129055432842 -0.050539055050315966 0.07487623964527694 0.019154518599017956 -0.032261086909270605 -0.051044911096263385
leaf_weight=3.202033047564333 3.4205126776359966 8.4672853816300613 2.850212293677032 2.6834069401957095 3.8705687178298831
leaf_count=208 347 109 193 221 201
internal_value=0.00274605 0.0254436 -0.0224705 -0.0426287 -0.0508076
internal_weight=24.494 17.2029 8.73565 5.88544 7.29108
internal_count=1279 731 622 429 548
is_linear=0
shrinkage=0.05


Tree=20
num_leaves=5
num_cat=0
split_feature=14 15 13 10
split_gain=10.929 9.42087 5.66647 0.000239818
threshold=-2.6246061325073238 4.8327741622924814 1.5760324597358706 0.032870370370370376
decision_type=2 2 2 2
left_child=1 -1 -3 -2
right_child=3 2 -4 -5
leaf_value=0.065878545410562817 -0.050619945204344208 -0.043818069681780245 0.031531115719662772 -0.051213968543991219
leaf_weight=7.5481326282024446 3.5811785752885035 5.2644766909070295 4.743241751100868 3.2329614218324423
leaf_count=315 331 229 217 184
internal_value=0.0028432 0.0237038 -0.00810569 -0.0509018
internal_weight=24.37 17.5559 10.0077 6.81414
internal_count=1276 761 446 515
is_linear=0
shrinkage=0.05


Tree=21
num_leaves=7
num_cat=0
split_feature=5 19 20 19 10 10
split_gain=9.02542 11.8746 1.09783 0.000166541 1.25809e-05 1.00206e-05
threshold=2.3877232074737553 2.9445636034011846 2.0939254760742192 6.3073600053787242 0.015806878306878307 0.021863799283154125
decision_type=2 2 2 2 2 2
left_child=1 2 4 5 -1 -2
right_child=3 -3 -4 -5 -6 -7
leaf_value=-0.050483104969194385 -0.050509865760705042 0.051184634383471032 -0.0075897687972291883 -0.051099395651330939 -0.050657252424323 -0.050666964468762746
leaf_weight=2.0836398559622529 2.0855864491313687 10.36126418225467 2.3147558271884918 2.5897529637441039 2.0648171072825789 1.9775006026029585
leaf_count=224 227 149 164 137 177 174
internal_value=-0.00148607 0.0180084 -0.0351768 -0.050786 -0.0505698 -0.0505863
internal_weight=23.4773 16.8245 6.46321 6.65284 4.14846 4.06309
internal_count=1252 714 565 538 401 401
is_linear=0
shrinkage=0.05


Tree=22
num_leaves=5
num_cat=0
split_feature=5 19 19 19
split_gain=11.8399 15.5747 1.14856 0.000121103
threshold=2.502813577651978 2.9445636034011846 0.4253779493272305 5.202267248928548
decision_type=2 2 2 2
left_child=1 2 -1 -2
right_child=3 -3 -4 -5
leaf_value=-0.0059295288539240772 -0.050481396919135557 0.06363023193609578 -0.050642789627695674 -0.050917863840275052
leaf_weight=2.2366018192842665 2.9731682622805229 11.359741458669303 4.0134363644756377 3.4143047714605927
leaf_count=202 341 157 360 202
internal_value=0.00759964 0.0287516 -0.034642 -0.0507147
internal_weight=23.9973 17.6098 6.25004 6.38747
internal_count=1262 719 562 543
is_linear=0
shrinkage=0.05


Tree=23
num_leaves=5
num_cat=1
split_feature=4 7 21 10
split_gain=6.7649 9.80988 0.867848 0.00702369
threshold=0 1002.492889404297 0.46440478265285495 0.029814814814814818
decision_type=9 2 2 2
left_child=1 -1 3 -2
right_child=2 -3 -4 -5
leaf_value=-0.024276872009639908 -0.050789080096522179 0.064751985529426834 -0.020970861823156727 -0.053849093935499637
leaf_weight=5.0304736671969286 3.9427122632041591 8.0384929864667338 3.1467356658540666 3.576149296015501
leaf_count=193 386 374 180 122
internal_value=-0.00254585 0.0172693 -0.0222016 -0.0522445
internal_weight=23.7346 13.069 10.6656 7.51886
internal_count=1255 567 688 508
cat_boundaries=0 1
cat_threshold=290570242
is_linear=0
shrinkage=0.05


Tree=24
num_leaves=5
num_cat=0
split_feature=5 19 16 10
split_gain=7.06094 8.02117 1.1409 8.73805e-05
threshold=2.3877232074737553 2.9445636034011846 2.5099498033523564 0.042970022808732494
decision_type=2 2 2 2
left_child=1 2 -1 -2
right_child=3 -3 -4 -5
leaf_value=-0.0056828297438291922 -0.050507880059254717 0.036954061245108721 -0.050634336827005633 -0.050892049170649337
leaf_weight=2.2254254920408192 3.403418682049959 11.349863074719904 3.8597319549880922 2.6193149420432746
leaf_count=210 381 149 351 171
internal_value=-0.00400123 0.0121217 -0.034195 -0.050675
internal_weight=23.4578 17.435 6.08516 6.02273
internal_count=1262 710 561 552
is_linear=0
shrinkage=0.05


Tree=25
num_leaves=6
num_cat=1
split_feature=4 21 5 5 19
split_gain=7.01635 11.5174 1.81407 0.0103745 2.89278e-05
threshold=0 0.42324858307838448 0.54906824231147777 2.2409260272979741 4.9128638861080018
decision_type=9 2 2 2 2
left_child=1 -1 -2 -4 -5
right_child=2 -3 3 4 -6
leaf_value=0.075930217792431462 -0.00940771203322395 -0.023658353807444011 -0.05412212046189533 -0.050484675306231491 -0.050749261628834003
leaf_weight=6.8965310282073897 3.4643699433654573 5.0138076869770885 4.2764020799659175 2.1650594542734325 1.9757908415049312
leaf_count=254 194 218 158 282 143
internal_value=-0.00288229 0.0184861 -0.0216443 -0.0523948 -0.0506109
internal_weight=23.792 11.9103 11.8816 8.41725 4.14085
internal_count=1249 472 777 583 425
cat_boundaries=0 1
cat_threshold=5357570
is_linear=0
shrinkage=0.05


Tree=26
num_leaves=5
num_cat=0
split_feature=19 19 19 10
split_gain=8.39551 1.40162 0.0014161 3.96028e-05
threshold=3.6974014163017279 0.44368170629743314 2.8134202778339392 0.028247369328963257
decision_type=2 2 2 2
left_child=1 -1 3 -3
right_child=-2 2 -4 -5
leaf_value=-0.0051922253808320213 0.021415144464360079 -0.050419139513763256 -0.05207331987133456 -0.050717504578125953
leaf_weight=2.2009948706254381 14.42041521379724 2.9062312506139278 2.1858645100146532 1.8016173900105057
leaf_count=205 398 375 114 151
internal_value=-0.00231091 -0.0399305 -0.0510216 -0.0505333
internal_weight=23.5151 9.09471 6.89371 4.70785
internal_count=1243 845 640 526
is_linear=0
shrinkage=0.05


Tree=27
num_leaves=6
num_cat=0
split_feature=5 14 15 5 19
split_gain=6.41601 9.20833 2.40393 0.00265866 6.41431e-05
threshold=1.8485933542251589 -4.5104017257690421 5.1250648498535165 3.6314313411712651 5.3210528105497366
decision_type=2 2 2 2 2
left_child=1 2 -1 -2 -5
right_child=3 -3 -4 4 -6
leaf_value=0.0038057502880112894 -0.052684821476634142 0.061071937777156408 -0.044292346213436973 -0.050401001945430984 -0.050780044900044431
leaf_weight=5.1560822846367955 2.3422496817074707 5.2002048506401488 5.2357561155222356 2.0461808443069458 2.4555467301979661
leaf_count=189 152 233 224 281 170
internal_value=-0.0109609 0.00675379 -0.0204277 -0.0513186 -0.0506078
internal_weight=22.436 15.592 10.3918 6.84398 4.50173
internal_count=1249 646 413 603 451
is_linear=0
shrinkage=0.05


Tree=28
num_leaves=5
num_cat=0
split_feature=19 16 16 18
split_gain=7.78701 8.44244 0.406933 1.70939e-05
threshold=2.9445636034011846 2.8444799184799199 1.7666382789611819 1.0000000180025095e-35
decision_type=2 2 2 2
left_child=2 -2 -1 -4
right_child=1 -3 3 -5
leaf_value=-0.023053132812542051 -0.023964807933470889 0.048377546030744477 -0.050493386277759858 -0.050678438894281197
leaf_weight=1.820054715033623 6.7056369143538204 10.118453690782188 2.9889344410039485 2.1424432680942118
leaf_count=227 290 221 341 192
internal_value=0.00115041 0.0195438 -0.0433659 -0.0505706
internal_weight=23.7755 16.8241 6.95143 5.13138
internal_count=1271 511 760 533
is_linear=0
shrinkage=0.05


Tree=29
num_leaves=6
num_cat=0
split_feature=19 7 19 10 5
split_gain=7.44706 6.10403 0.429371 2.77404e-05 4.50502e-06
threshold=2.9445636034011846 1002.0372314453126 0.30514790266752251 0.030833333333333334 1.0055691003799441
decision_type=2 2 2 2 2
left_child=2 -2 -1 4 -4
right_child=1 -3 3 -5 -6
leaf_value=-0.021341145515039871 -0.017095697416855304 0.044549840404105839 -0.050450734183609208 -0.050650751007409706 -0.050331469567334898
leaf_weight=1.7067117644473935 6.6959193656221059 10.031877669040112 1.8147012386471035 1.6516062566079197 1.4046993036754427
leaf_count=161 190 306 218 149 229
internal_value=0.00215036 0.0198739 -0.0429225 -0.0504842 -0.0503987
internal_weight=23.3055 16.7278 6.57772 4.87101 3.2194
internal_count=1253 496 757 596 447
is_linear=0
shrinkage=0.05


Tree=30
num_leaves=5
num_cat=0
split_feature=5 19 19 19
split_gain=7.31002 8.36967 1.37885 8.75797e-05
threshold=2.502813577651978 3.1036589161492887 0.36205309432310367 4.4637138605117803
decision_type=2 2 2 2
left_child=1 2 -1 -2
right_child=3 -3 -4 -5
leaf_value=0.0014288125492952705 -0.050370410706163708 0.041027878485313383 -0.050718472277404114 -0.050793653829272457
leaf_weight=1.9210953456349731 1.9849686278030265 11.805600635707377 3.7266839859075844 3.1809592973440886
leaf_count=188 307 143 388 224
internal_value=0.00161524 0.0170793 -0.0329805 -0.050631
internal_weight=22.6193 17.4534 5.64778 5.16593
internal_count=1250 719 576 531
is_linear=0
shrinkage=0.05


Tree=31
num_leaves=5
num_cat=0
split_feature=5 6 21 19
split_gain=6.46601 8.45317 0.305753 0.00130845
threshold=1.8485933542251589 28.142364501953129 0.37492120563983922 5.7406590998172762
decision_type=2 2 2 2
left_child=1 -1 -2 -4
right_child=2 -3 3 -5
leaf_value=0.04382108704087917 -0.028207458073964454 -0.030074265404795616 -0.050493129448434565 -0.052239707134671604
leaf_weight=10.097485489677643 2.1433399263769379 6.2753034564666441 2.2494262345135212 2.0491417990997434
leaf_count=380 181 275 312 112
internal_value=-0.00119781 0.0154987 -0.0436339 -0.0513257
internal_weight=22.8147 16.3728 6.44191 4.29857
internal_count=1260 655 605 424
is_linear=0
shrinkage=0.05


Tree=32
num_leaves=6
num_cat=0
split_feature=14 14 22 19 19
split_gain=6.78372 7.79621 2.66091 0.000213368 1.53986e-05
threshold=-2.6246061325073238 -4.8422727584838858 0.2684245109558106 6.5927947130468167 3.9444256040785053
decision_type=2 2 2 2 2
left_child=1 2 -1 4 -2
right_child=3 -3 -4 -5 -6
leaf_value=0.012844248568448447 -0.050376526697159932 0.050929809034096031 -0.036824031294275965 -0.051167053581064152 -0.050601264364161548
leaf_weight=5.1623452208004927 1.5368207609280937 8.4871319774538279 5.6455458793789148 1.8639177689328787 1.5121908294968305
leaf_count=196 258 367 215 122 151
internal_value=0.00170824 0.0150641 -0.0131002 -0.0507456 -0.050488
internal_weight=24.208 19.295 10.8079 4.91293 3.04901
internal_count=1309 778 411 531 409
is_linear=0
shrinkage=0.05


Tree=33
num_leaves=6
num_cat=0
split_feature=14 19 7 19 19
split_gain=6.54962 8.71511 1.61351 0.000329313 1.52444e-05
threshold=-2.6246061325073238 5.202267248928548 1004.1544189453126 6.7118502140045173 3.9444256040785053
decision_type=2 2 2 2 2
left_child=1 2 -1 4 -2
right_child=3 -3 -4 -5 -6
leaf_value=-0.034969548890469708 -0.050349534499768478 0.049975442074980704 0.0053891936503532509 -0.051322526000208681 -0.050577937749752583
leaf_weight=5.6559774852357858 1.4676480826456093 9.2310246471315605 4.4054106785915792 1.8028126349672673 1.4545836662873624
leaf_count=324 263 87 361 119 150
internal_value=0.00196894 0.0148908 -0.0172983 -0.0507911 -0.0504632
internal_weight=24.0175 19.2924 10.0614 4.72504 2.92223
internal_count=1304 772 685 532 413
is_linear=0
shrinkage=0.05


Tree=34
num_leaves=6
num_cat=1
split_feature=4 19 6 19 19
split_gain=7.1373 4.5554 0.993892 0.00901025 0.00069571
threshold=0 4.5559791816605477 29.132293701171879 5.2403358489274989 2.4659397219618167
decision_type=9 2 2 2 2
left_child=1 -1 3 4 -2
right_child=2 -3 -4 -5 -6
leaf_value=0.00028183776253605671 -0.05043356415237471 0.060075373343326292 -0.017358019787008388 -0.054476182369331917 -0.051752246890620794
leaf_weight=5.7289323571603727 2.3255070697050559 7.1744137331843376 2.7286853580735624 3.4345536446198821 1.7550501907244322
leaf_count=385 312 122 128 140 165
internal_value=-0.000430167 0.018889 -0.0218624 -0.0525891 -0.0510007
internal_weight=23.1471 12.9033 10.2438 7.51511 4.08056
internal_count=1252 507 745 617 477
cat_boundaries=0 1
cat_threshold=273793026
is_linear=0
shrinkage=0.05


Tree=35
num_leaves=5
num_cat=0
split_feature=5 15 12 19
split_gain=5.05793 7.61511 2.68065 5.71939e-05
threshold=2.502813577651978 4.171126365661622 6.6705873012542733 6.3073600053787242
decision_type=2 2 2 2
left_child=1 -1 -3 -2
right_child=3 2 -4 -5
leaf_value=0.053873084226854398 -0.0503816205466215 -0.03715754120412864 0.0099842952771645663 -0.050747393478602056
leaf_weight=6.3415457073133501 2.4105292286258182 6.0873425826430303 5.9759016279131174 1.9199503893032668
leaf_count=245 389 366 103 146
internal_value=-0.00192502 0.00951454 -0.0138044 -0.0505438
internal_weight=22.7353 18.4048 12.0632 4.33048
internal_count=1249 714 469 535
is_linear=0
shrinkage=0.05


Tree=36
num_leaves=6
num_cat=0
split_feature=19 5 10 20 12
split_gain=5.83539 5.28499 4.63813e-05 1.2117e-05 3.15143e-06
threshold=2.9445636034011846 1.2221831679344179 0.034837858220211168 2.134078216552735 2.661189198493958
decision_type=2 2 2 2 2
left_child=2 -2 3 4 -1
right_child=1 -3 -4 -5 -6
leaf_value=-0.050407258272394867 0.030287546905933944 -0.025936207373663547 -0.050722523976337745 -0.050532230161646721 -0.050299662980405016
leaf_weight=1.313145188614729 10.219689253717663 7.0720494459383181 1.7115231414791194 1.4055615051183847 1.4126961359288541
leaf_count=173 115 388 157 157 264
internal_value=-0.00730427 0.00729291 -0.0505037 -0.050413 -0.0503515
internal_weight=23.1347 17.2917 5.84293 4.1314 2.72584
internal_count=1254 503 751 594 437
is_linear=0
shrinkage=0.05


Tree=37
num_leaves=6
num_cat=1
split_feature=4 21 21 19 19
split_gain=5.79441 5.32479 4.49644 0.01593 0.00204327
threshold=0 0.3942324057221413 0.47027534097433094 5.1119630396366125 2.8134202778339392
decision_type=9 2 2 2 2
left_child=1 -1 3 4 -2
right_child=2 -3 -4 -5 -6
leaf_value=0.067021046680637408 -0.050381730855775457 -0.0023773089650106524 0.013458432848030395 -0.056002810863564872 -0.052675705288486252
leaf_weight=6.4459144729189557 2.0436954717151843 4.8390445385593921 3.6673840160947293 3.8652143883518875 1.8488872793968765
leaf_count=214 324 280 193 126 106
internal_value=0.00233579 0.0197561 -0.0171509 -0.0537291 -0.0514713
internal_weight=22.7101 11.285 11.4252 7.7578 3.89258
internal_count=1243 494 749 556 430
cat_boundaries=0 1
cat_threshold=289521666
is_linear=0
shrinkage=0.05


Tree=38
num_leaves=4
num_cat=0
split_feature=14 5 5
split_gain=4.91665 5.24285 0.000203773
threshold=-2.6246061325073238 0.42175470292568212 5.0647857189178476
decision_type=2 2 2
left_child=1 -1 -2
right_child=2 -3 -4
leaf_value=-0.027951685071555144 -0.051184616896669768 0.029418345977645366 -0.050444361591093889
leaf_weight=5.9114899733103874 1.4836473409086459 12.203006869414819 2.4897311693057418
leaf_count=356 172 379 350
internal_value=-0.000352078 0.0106962 -0.0507208
internal_weight=22.0879 18.1145 3.97338
internal_count=1257 735 522
is_linear=0
shrinkage=0.05


Tree=39
num_leaves=6
num_cat=0
split_feature=14 14 22 19 19
split_gain=4.56939 6.63989 1.56279 0.000635423 1.20494e-05
threshold=-2.6568022966384883 -4.8789007663726798 0.24699639528989795 7.0488916240632546 4.1615028540293384
decision_type=2 2 2 2 2
left_child=1 2 -1 4 -2
right_child=3 -3 -4 -5 -6
leaf_value=0.0024137513850631619 -0.050270438441550158 0.042717995739471 -0.036068967245350039 -0.051685820326759051 -0.050497105325561426
leaf_weight=5.1003870437853074 1.1849947047885505 8.0813425946980715 5.4650620508473366 1.5556776798330245 1.1605109036900101
leaf_count=180 261 353 231 110 142
internal_value=-0.00169277 0.00860259 -0.0174917 -0.0509023 -0.0503826
internal_weight=22.548 18.6468 10.5654 3.90118 2.34551
internal_count=1277 764 411 513 403
is_linear=0
shrinkage=0.05


Tree=40
num_leaves=5
num_cat=0
split_feature=10 3 22 19
split_gain=5.21264 1.1552 0.353063 0.00274643
threshold=0.034602490421455946 75.750000000000014 0.22973516583442691 3.4142149299383169
decision_type=2 2 2 2
left_child=1 -1 -3 -4
right_child=-2 2 3 -5
leaf_value=0.0010503360169446605 0.018414336645606304 -0.025967651018523066 -0.050527325306446075 -0.05312205021935025
leaf_weight=1.9120689940173203 13.270480973413212 1.9361788376700131 1.9474515942856667 2.141009588027373
leaf_count=222 396 184 312 128
internal_value=-0.000756203 -0.0328101 -0.0435565 -0.0518861
internal_weight=21.2072 7.93671 6.02464 4.08846
internal_count=1242 846 624 440
is_linear=0
shrinkage=0.05


Tree=41
num_leaves=5
num_cat=1
split_feature=4 9 22 19
split_gain=3.80391 1.64883 0.820641 0.0170778
threshold=0 -0.085006713867187486 0.34596137702465063 5.5840960323810584
decision_type=9 2 2 2
left_child=-1 -2 3 -3
right_child=1 2 -4 -5
leaf_value=0.012547670621894189 -0.0019719938526345424 -0.051878346938185785 -0.02395387099035701 -0.056892623954159095
leaf_weight=8.3610591501928848 2.9415908665396264 3.3340972643345612 3.2721911880653352 3.4605471175163984
leaf_count=375 261 329 196 99
internal_value=-0.0104654 -0.0197332 -0.0445253 -0.0544321
internal_weight=21.3695 13.0084 10.0668 6.79464
internal_count=1260 885 624 428
cat_boundaries=0 1
cat_threshold=21053442
is_linear=0
shrinkage=0.05


Tree=42
num_leaves=5
num_cat=0
split_feature=8 16 16 20
split_gain=4.77068 3.34432 6.44397 1.17536
threshold=-0.66556677222251881 3.1934978961944585 4.3201024532318124 2.0538160536024308
decision_type=2 2 2 2
left_child=-1 3 -3 -2
right_child=1 2 -4 -5
leaf_value=0.042557636700847473 -0.054116530254112338 0.041158361149936179 -0.036929220620705701 -0.013362463027463113
leaf_weight=4.0252492069266763 5.6440546100493538 5.159816724015398 5.4142240500077605 2.5769231948070228
leaf_count=197 395 199 253 234
internal_value=-0.00684212 -0.0174219 0.00117519 -0.0413419
internal_weight=22.8203 18.795 10.574 8.22098
internal_count=1278 1081 452 629
is_linear=0
shrinkage=0.05


Tree=43
num_leaves=6
num_cat=0
split_feature=10 12 19 19 20
split_gain=5.03595 2.589 0.00801961 0.000594962 1.19641e-05
threshold=0.042539682539682551 2.3169962167739873 5.3210528105497366 3.0570221185684208 2.0360061645507819
decision_type=2 2 2 2 2
left_child=1 -1 3 4 -3
right_child=-2 2 -4 -5 -6
leaf_value=0.0066211609222431318 0.012379799969925007 -0.050290061623348162 -0.054342752629107052 -0.051617376135724251 -0.050506300337515235
leaf_weight=2.5644390615634638 12.16862921672873 1.4388646555598827 2.7189933881163597 1.5795960498508064 1.15165089815855
leaf_count=233 338 293 128 133 150
internal_value=-0.00888873 -0.0362656 -0.0522301 -0.0508526 -0.0503862
internal_weight=21.6222 9.45354 6.8891 4.17011 2.59052
internal_count=1275 937 704 576 443
is_linear=0
shrinkage=0.05


Tree=44
num_leaves=6
num_cat=0
split_feature=19 7 9 10 5
split_gain=4.82297 5.93476 0.54624 5.17035e-05 3.55256e-06
threshold=2.9445636034011846 1002.492889404297 0.15110778808593753 0.030246635085344767 0.31290100514888769
decision_type=2 2 2 2 2
left_child=2 -2 3 4 -1
right_child=1 -3 -4 -5 -6
leaf_value=-0.05043515969728718 -0.01790699952182934 0.043372260244671952 -0.014107008275472328 -0.050749315235813566 -0.050320308893146974
leaf_weight=1.3166334598790883 7.8299181142356229 7.9757612477988005 1.3754115542396901 1.4192243402358142 1.3779958551749585
leaf_count=174 215 281 197 137 266
internal_value=-0.00100761 0.0130154 -0.041385 -0.0505051 -0.0503764
internal_weight=21.2949 15.8057 5.48927 4.11385 2.69463
internal_count=1270 496 774 577 440
is_linear=0
shrinkage=0.05


Tree=45
num_leaves=5
num_cat=0
split_feature=16 16 16 5
split_gain=4.5969 8.51401 2.45754 4.16349
threshold=2.9557512998580937 4.2450644969940194 1.8347908258438113 1.3761278986930849
decision_type=2 2 2 2
left_child=2 -2 3 -1
right_child=1 -3 -4 -5
leaf_value=0.055080800090931872 0.056658129491445441 -0.023860987252582341 -0.05395458013892767 -0.051342724591470469
leaf_weight=1.8208627072162946 7.0230763524305058 6.1649235414806753 4.4221004284918308 1.8555195415392516
leaf_count=109 275 307 280 293
internal_value=0.000810269 0.0190183 -0.0288406 0.00136742
internal_weight=21.2865 13.188 8.09848 3.67638
internal_count=1264 582 682 402
is_linear=0
shrinkage=0.05


Tree=46
num_leaves=5
num_cat=0
split_feature=19 16 21 2
split_gain=3.25304 4.32348 2.11213 0.746796
threshold=8.4151638716459285 1.8583785295486452 0.3942324057221413 23.250000000000004
decision_type=2 2 2 2
left_child=1 -1 -3 -4
right_child=-2 2 3 -5
leaf_value=0.044056319295908433 0.037601543790722239 -0.0020205250401584629 -0.054012181093815947 -0.02172776948039809
leaf_weight=3.1084713148884537 4.6147988978773347 7.3895148586016131 4.11458153068088 3.172276415862143
leaf_count=363 99 334 225 235
internal_value=0.000195389 -0.00951073 -0.0208563 -0.0399574
internal_weight=22.3996 17.7848 14.6764 7.28686
internal_count=1256 1157 794 460
is_linear=0
shrinkage=0.05


Tree=47
num_leaves=5
num_cat=0
split_feature=19 21 8 12
split_gain=2.86424 2.72352 0.565628 3.46116e-05
threshold=2.9445636034011846 0.40872179195284847 -0.061147332191467278 5.2891595363616952
decision_type=2 2 2 2
left_child=2 -2 -1 -4
right_child=1 -3 3 -5
leaf_value=-0.012444917656575327 0.022849062950058705 -0.018249461003632065 -0.050375488454094841 -0.05068842163540685
leaf_weight=1.3164054073859031 8.0617814566940087 8.0623998176306468 2.383244165219367 1.4042369604576377
leaf_count=219 203 293 378 164
internal_value=-0.0080341 0.00229901 -0.0406785 -0.0504915
internal_weight=21.2281 16.1242 5.10389 3.78748
internal_count=1257 496 761 542
is_linear=0
shrinkage=0.05


Tree=48
num_leaves=5
num_cat=1
split_feature=4 14 23 19
split_gain=4.14951 4.63398 1.6418 0.00651237
threshold=0 -4.8789007663726798 9.5000000000000018 4.2935567513108266
decision_type=9 2 2 2
left_child=1 -1 -2 -4
right_child=2 -3 3 -5
leaf_value=-0.0066492760201168986 -0.0084185657522732379 0.052837900589707512 -0.051146558857490289 -0.054636107941717797
leaf_weight=5.9888788680545986 3.2946029752492922 7.2211078586988133 2.3533261200645939 3.0960002464707941
leaf_count=185 286 319 339 128
internal_value=0.00111473 0.0147233 -0.0169257 -0.0531291
internal_weight=21.9539 13.21 8.74393 5.44933
internal_count=1257 504 753 467
cat_boundaries=0 1
cat_threshold=273793026
is_linear=0
shrinkage=0.05


Tree=49
num_leaves=4
num_cat=1
split_feature=4 15 14
split_gain=4.76534 2.30082 0.368093
threshold=0 5.2366361618042001 -3.054223775863647
decision_type=9 2 2
left_child=-1 2 -2
right_child=1 -3 -4
leaf_value=0.016565982339169321 -0.05596365980399437 -0.0040906517253993854 -0.032742978805242982
leaf_weight=9.9345009434036893 4.9962009286973625 4.9045580514939502 2.592105197953062
leaf_count=390 208 303 376
internal_value=-0.00242147 -0.0170962 -0.0480317
internal_weight=22.4274 12.4929 7.58831
internal_count=1277 887 584
cat_boundaries=0 1
cat_threshold=21020674
is_linear=0
shrinkage=0.05


Tree=50
num_leaves=6
num_cat=0
split_feature=19 13 22 12 19
split_gain=5.02448 2.8397 0.611143 1.92661e-05 3.62173e-06
threshold=2.9445636034011846 1.5608872771263125 0.19028159976005557 5.7244877815246591 0.60210623784078054
decision_type=2 2 2 2 2
left_child=2 -2 -1 4 -4
right_child=1 -3 3 -5 -6
leaf_value=-0.0094660218801126961 -0.0014892394903768978 0.039898448808467719 -0.050408876514978086 -0.05059407780461718 -0.050286360888903751
leaf_weight=1.2153425421565796 8.9403859036974627 7.7260447926819316 1.2519793307874358 1.2128311916021628 1.1640816321596501
leaf_count=159 218 278 179 165 253
internal_value=0.00466875 0.0176968 -0.0401539 -0.0504315 -0.0503498
internal_weight=21.5107 16.6664 4.84423 3.62889 2.41606
internal_count=1252 496 756 597 432
is_linear=0
shrinkage=0.05


Tree=51
num_leaves=6
num_cat=0
split_feature=10 21 11 19 19
split_gain=5.24468 3.01702 0.41499 0.00857026 0.000305252
threshold=0.042539682539682551 0.3221008605427213 0.064760348583878011 4.6322058688849221 1.8999328702688218
decision_type=2 2 2 2 2
left_child=1 -1 -3 4 -4
right_child=-2 2 3 -5 -6
leaf_value=0.026150616434333741 0.020618933928328864 -0.024493629825943122 -0.050382229052883247 -0.055090964119505287 -0.0513933515163041
leaf_weight=1.9084320953115836 13.278017834760247 1.8037420421605928 1.6748088997555899 1.9407207884360103 1.346584500512108
leaf_count=173 343 220 277 78 168
internal_value=0.000865639 -0.0293714 -0.0450324 -0.0524982 -0.0508329
internal_weight=21.9523 8.67429 6.76586 4.96211 3.02139
internal_count=1259 916 743 523 445
is_linear=0
shrinkage=0.05


Tree=52
num_leaves=5
num_cat=0
split_feature=5 13 13 5
split_gain=3.44839 5.09207 1.57432 0.00363481
threshold=1.9892605543136599 1.5608872771263125 1.4121887087821963 4.1124699115753183
decision_type=2 2 2 2
left_child=1 -1 -2 -4
right_child=2 -3 3 -5
leaf_value=-0.0096525391294612142 0.0091740787374998741 0.046389251808827407 -0.053815328416409125 -0.050396844740118352
leaf_weight=8.5220341677777522 1.5852886751526956 7.729845486348494 1.3927803781116384 1.7604841383872551
leaf_count=317 144 342 136 315
internal_value=0.00605944 0.0170025 -0.0314721 -0.0519068
internal_weight=20.9904 16.2519 4.73855 3.15326
internal_count=1254 659 595 451
is_linear=0
shrinkage=0.05


Tree=53
num_leaves=4
num_cat=0
split_feature=10 13 19
split_gain=4.2391 2.45902 0.00579902
threshold=0.038496002205679634 1.5927206277847292 3.5837060672896253
decision_type=2 2 2
left_child=1 -1 -3
right_child=-2 2 -4
leaf_value=0.0050653984712839932 0.020774332820587788 -0.050490711172313935 -0.054303909784655026
leaf_weight=3.507195831974971 14.503072088817133 2.1292927482863888 1.8750394820235667
leaf_count=364 388 373 112
internal_value=0.00498422 -0.025503 -0.0522763
internal_weight=22.0146 7.51153 4.00433
internal_count=1237 849 485
is_linear=0
shrinkage=0.05


Tree=54
num_leaves=4
num_cat=0
split_feature=20 14 12
split_gain=4.01559 4.29312 2.13478
threshold=1.2821594238281253 -4.2136528491973868 6.8030471801757821
decision_type=2 2 2
left_child=-1 -2 -3
right_child=1 2 -4
leaf_value=-0.034986002141254503 0.03252824045736083 0.0094160881048578633 -0.054779888816713432
leaf_weight=6.9533340393099961 8.9018230573274195 2.4401320301694769 2.759590077563189
leaf_count=376 336 361 195
internal_value=-0.00388994 0.0114432 -0.0246539
internal_weight=21.0549 14.1015 5.19972
internal_count=1268 892 556
is_linear=0
shrinkage=0.05


Tree=55
num_leaves=6
num_cat=0
split_feature=7 19 20 6 14
split_gain=5.444 6.39501 3.13529 3.61879 1.73176
threshold=1002.492889404297 7.7824859738349925 1.1539238823784725 23.735946655273441 -5.1089437007904044
decision_type=2 2 2 2 2
left_child=4 2 -2 -4 -1
right_child=1 -3 3 -5 -6
leaf_value=-0.055351891046045924 -0.040839600800777601 0.077158557239845132 -0.031102722656135687 0.045270403119675236 -0.0094184157803621684
leaf_weight=3.9950225886423141 3.2740456690080446 3.5798950428143135 2.3800604029092938 4.4529151816386729 4.2189007090637478
leaf_count=159 163 72 300 303 242
internal_value=0.000420089 0.0197318 -0.000608667 0.0186681 -0.0317592
internal_weight=21.9008 13.6869 10.107 6.83298 8.21392
internal_count=1239 838 766 603 401
is_linear=0
shrinkage=0.05


Tree=56
num_leaves=6
num_cat=0
split_feature=5 5 22 21 14
split_gain=4.50901 6.5134 1.56099 0.405924 0.00316627
threshold=1.9892605543136599 0.9840262532234193 0.24381559342145923 0.38118826746940621 -1.1731799840927122
decision_type=2 2 2 2 2
left_child=1 2 -1 -2 -5
right_child=3 -3 -4 4 -6
leaf_value=0.016530522973044956 -0.019854401963536359 0.058669463730937725 -0.020593635870469917 -0.053706029642735714 -0.050385226353745774
leaf_weight=4.723346060374757 1.4857841742923472 5.8873114967718712 7.0698007601313293 1.4380395952612162 1.4331583564635366
leaf_count=206 183 148 317 135 271
internal_value=0.00449014 0.0157175 -0.00572481 -0.0410699 -0.0520485
internal_weight=22.0374 17.6805 11.7931 4.35698 2.8712
internal_count=1260 671 523 589 406
is_linear=0
shrinkage=0.05


Tree=57
num_leaves=6
num_cat=0
split_feature=19 10 21 10 19
split_gain=2.92281 2.35097 0.60328 5.06978e-05 3.27709e-06
threshold=2.9445636034011846 0.049415406436279306 0.32928658537566668 0.034837858220211168 0.60210623784078054
decision_type=2 2 2 2 2
left_child=2 -2 -1 4 -4
right_child=1 -3 3 -5 -6
leaf_value=-0.0091703153096980936 0.027500118623370276 -0.010616990420847315 -0.050377162445084778 -0.050716797019713683 -0.050251970518089342
leaf_weight=1.2075435621663952 7.1674991028849062 9.2864676052704436 0.97956833173520941 1.2087999552022664 1.1208435776643453
leaf_count=162 328 180 158 131 290
internal_value=-0.0037929 0.00598717 -0.0394204 -0.0504588 -0.0503104
internal_weight=20.9707 16.454 4.51676 3.30921 2.10041
internal_count=1249 508 741 579 448
is_linear=0
shrinkage=0.05


Tree=58
num_leaves=5
num_cat=0
split_feature=5 13 2 5
split_gain=4.01465 3.51987 0.423536 0.0108405
threshold=1.5340796709060671 1.5608872771263125 20.249999999999996 2.3367735147476201
decision_type=2 2 2 2
left_child=1 -1 -2 -4
right_child=2 -3 3 -5
leaf_value=-0.015672050774224736 -0.021805026394043421 0.030139384596947774 -0.056033857099847297 -0.050441418995386504
leaf_weight=8.3409678838215822 1.5939685214543704 8.431302464916369 1.5235506097087639 2.0094038787065074
leaf_count=285 190 324 64 397
internal_value=-0.00447916 0.00735704 -0.0432002 -0.0528531
internal_weight=21.8992 16.7723 5.12692 3.53295
internal_count=1260 609 651 461
is_linear=0
shrinkage=0.05


Tree=59
num_leaves=5
num_cat=0
split_feature=7 5 5 13
split_gain=4.47658 3.556 8.31025 3.12948
threshold=1002.0372314453126 0.87902200222015392 1.5340796709060671 1.4307966232299807
decision_type=2 2 2 2
left_child=-1 -2 -3 -4
right_child=1 2 3 -5
leaf_value=-0.036765148859042106 -0.01023378003492567 0.084231638052239197 0.037302060756032145 -0.053493457066723253
leaf_weight=5.7396032783435684 7.4808977778302497 4.4198534109164012 1.6215017584618183 2.2883918446023017
leaf_count=351 346 96 119 333
internal_value=0.00105742 0.0147878 0.0372596 -0.015839
internal_weight=21.5502 15.8106 8.32975 3.90989
internal_count=1245 894 548 452
is_linear=0
shrinkage=0.05


Tree=60
num_leaves=6
num_cat=1
split_feature=4 15 16 13 20
split_gain=3.29306 2.8694 3.59416 0.978433 0.334946
threshold=0 5.2590942382812509 3.2497787475585942 1.5776069760322573 1.7283813476562504
decision_type=9 2 2 2 2
left_child=3 2 4 -1 -2
right_child=1 -3 -4 -5 -6
leaf_value=0.019240385828363418 -0.054630179901213688 -0.054010957505349969 0.024827097407008541 0.054217956607717499 -0.024865442107538254
leaf_weight=3.9722697780234739 2.0149264540523313 4.4763879551319397 4.674932899302803 4.0255370347294956 1.7802685949718577
leaf_count=193 196 302 152 211 227
internal_value=0.000698636 -0.0122046 -0.00451917 0.0163734 -0.040668
internal_weight=20.9443 12.9465 8.47013 7.99781 3.7952
internal_count=1281 877 575 404 423
cat_boundaries=0 1
cat_threshold=290504704
is_linear=0
shrinkage=0.05


Tree=61
num_leaves=5
num_cat=0
split_feature=7 5 13 19
split_gain=3.7047 5.11019 1.39118 0.751765
threshold=1002.492889404297 1.5340796709060671 1.4951715469360354 5.6926687339941671
decision_type=2 2 2 2
left_child=3 -2 -3 -1
right_child=1 2 -4 -5
leaf_value=-0.0036875529087810402 0.042603362963654731 0.009000746780945269 -0.053438960358966149 -0.034071933458845391
leaf_weight=4.0403883418766799 9.7708825923036766 1.5574109588051208 2.0881633483804762 4.1030408549122512
leaf_count=310 385 125 316 104
internal_value=0.00760688 0.0237545 -0.0267643 -0.0189966
internal_weight=21.5599 13.4165 3.64557 8.14343
internal_count=1240 826 441 414
is_linear=0
shrinkage=0.05


Tree=62
num_leaves=6
num_cat=1
split_feature=4 15 19 19 20
split_gain=3.18671 6.0817 1.25804 0.00328535 1.34941e-05
threshold=0 4.4546422958374032 5.3210528105497366 2.9855098247528082 2.0634902954101566
decision_type=9 2 2 2 2
left_child=1 -1 3 4 -2
right_child=2 -3 -4 -5 -6
leaf_value=0.058165841973587144 -0.050290945380422142 -0.011763739419165198 -0.014993513061373987 -0.053044978869657214 -0.050533929096139386
leaf_weight=5.8467219744343293 1.3271560309221988 6.6403613185975701 4.6436197981238365 2.3499174339231104 1.0033716168254612
leaf_count=178 326 266 189 166 159
internal_value=-0.00228139 0.0116495 -0.0161314 -0.0517258 -0.0503956
internal_weight=21.8111 12.4871 9.32406 4.68045 2.33053
internal_count=1284 444 840 651 485
cat_boundaries=0 1
cat_threshold=22052866
is_linear=0
shrinkage=0.05


Tree=63
num_leaves=6
num_cat=0
split_feature=15 21 9 10 7
split_gain=3.45393 3.79588 5.25235 1.62779 0.621605
threshold=5.5348100662231454 0.33315299749374394 -0.12796020507812497 0.040717900063251114 1002.5275268554689
decision_type=2 2 2 2 2
left_child=1 -1 -3 -2 -4
right_child=3 2 4 -5 -6
leaf_value=0.053957258672721178 -0.0050105849980667701 0.048754008408938641 -0.012461146934291137 -0.0551006840820851 -0.042529574133001236
leaf_weight=3.9848049471620497 3.0765705762896678 3.2516312759835273 3.2565282487776113 3.4304143041372299 3.6401359388255514
leaf_count=188 336 184 137 103 301
internal_value=-0.00127363 0.0126049 -0.00363248 -0.0314176 -0.0283316
internal_weight=20.6401 14.1331 10.1483 6.50698 6.89666
internal_count=1249 810 622 439 438
is_linear=0
shrinkage=0.05


Tree=64
num_leaves=5
num_cat=0
split_feature=5 13 5 19
split_gain=5.50935 5.33921 0.00298842 2.2614e-05
threshold=1.9892605543136599 1.5608872771263125 2.9524065256118779 6.5927947130468167
decision_type=2 2 2 2
left_child=1 -1 -2 -4
right_child=2 -3 3 -5
leaf_value=-0.011851240792973276 -0.053467348081049963 0.042894084723316406 -0.050269353856604485 -0.050578650083524183
leaf_weight=8.6027824478223973 1.2057626852183596 9.2344729868927953 1.2837165288510735 1.0951266104821114
leaf_count=298 98 358 370 121
internal_value=0.00512374 0.0164908 -0.0514396 -0.0504117
internal_weight=21.4219 17.8373 3.58461 2.37884
internal_count=1245 656 589 491
is_linear=0
shrinkage=0.05


Tree=65
num_leaves=5
num_cat=0
split_feature=16 16 8 6
split_gain=4.29342 4.85365 3.0349 1.38146
threshold=4.3201024532318124 3.150794625282288 -0.16268377751111981 23.660964965820316
decision_type=2 2 2 2
left_child=1 2 -1 -4
right_child=-2 -3 3 -5
leaf_value=0.02915069098668277 -0.038175555366110926 0.044517159912394001 -0.00042477000495137214 -0.05413924185302435
leaf_weight=2.8840627071913332 5.1559360611718139 7.1787853871937832 1.8699162888806329 3.3262893217615783
leaf_count=197 287 239 244 295
internal_value=0.00127082 0.0145995 -0.0119804 -0.0348095
internal_weight=20.415 15.2591 8.08027 5.19621
internal_count=1262 975 736 539
is_linear=0
shrinkage=0.05


Tree=66
num_leaves=6
num_cat=0
split_feature=21 8 10 19 19
split_gain=2.84572 3.98367 2.81379 0.00630684 0.000451978
threshold=0.33315299749374394 -0.66556677222251881 0.042539682539682551 4.9660192966461194 2.0611747677127528
decision_type=2 2 2 2 2
left_child=-1 -2 3 4 -3
right_child=1 2 -4 -5 -6
leaf_value=0.033710594237682912 0.040088078733712028 -0.050380808269780912 -0.0023713025773325451 -0.054882560362606136 -0.051644276927861214
leaf_weight=5.9104130079504129 3.4995107322465637 1.7974061673157815 7.8341316686710343 1.4713717785198239 1.1676621895167043
leaf_count=267 174 352 215 86 154
internal_value=0.00412097 -0.00696882 -0.0203892 -0.0522064 -0.0508784
internal_weight=21.6805 15.7701 12.2706 4.43644 2.96507
internal_count=1248 981 807 592 506
is_linear=0
shrinkage=0.05


Tree=67
num_leaves=6
num_cat=0
split_feature=10 12 9 19 19
split_gain=3.88048 2.0361 2.01436 0.00563202 0.000918634
threshold=0.034602490421455946 7.4130957126617441 0.15583801269531253 4.2935567513108266 2.4659397219618167
decision_type=2 2 2 2 2
left_child=2 -2 3 4 -1
right_child=1 -3 -4 -5 -6
leaf_value=-0.050355697428263693 0.030119210897603152 -0.0069141604517934541 0.014047556566351064 -0.054702326802662675 -0.05211526889552312
leaf_weight=1.8649391311337269 7.1404521957738307 7.7289213911863044 1.511343346443027 1.6087853997014461 1.2316522632027043
leaf_count=370 170 255 198 112 131
internal_value=-0.00299942 0.0108697 -0.0361721 -0.0523024 -0.0510556
internal_weight=21.0861 14.8694 6.21672 4.70538 3.09659
internal_count=1236 425 811 613 501
is_linear=0
shrinkage=0.05


Tree=68
num_leaves=4
num_cat=0
split_feature=16 16 1
split_gain=3.43543 5.90543 2.32574
threshold=2.8444799184799199 4.3201024532318124 8.5000000000000018
decision_type=2 2 2
left_child=2 -2 -1
right_child=1 -3 -4
leaf_value=-0.053308281806886772 0.037873704746862885 -0.028852050670504056 0.0031049315338794459
leaf_weight=4.1045875679701593 9.1689462041249481 5.1944940558169028 3.2925637116422877
leaf_count=392 317 274 278
internal_value=-0.00051447 0.0137425 -0.0281981
internal_weight=21.7606 14.3634 7.39715
internal_count=1261 591 670
is_linear=0
shrinkage=0.05


Tree=69
num_leaves=5
num_cat=0
split_feature=16 10 12 19
split_gain=3.19299 3.51574 2.38794 0.00249184
threshold=4.5166752338409433 0.027679309937374458 2.3169962167739873 3.0816715158522134
decision_type=2 2 2 2
left_child=1 2 -1 -4
right_child=-2 -3 3 -5
leaf_value=0.020408942400350821 -0.032094864824225848 0.031060945928009617 -0.050347772401205193 -0.053472864747539262
leaf_weight=2.0390222438145491 4.0345405976986504 12.54571093211416 1.1734962768387052 1.3975131358020005
leaf_count=180 260 377 293 142
internal_value=0.00792797 0.0173402 -0.0199994 -0.0520465
internal_weight=21.1903 17.1557 4.61003 2.57101
internal_count=1252 992 615 435
is_linear=0
shrinkage=0.05


Tree=70
num_leaves=5
num_cat=0
split_feature=22 22 9 9
split_gain=3.53096 4.20367 5.67706 3.16275
threshold=0.18614424020051959 0.23755749315023425 -0.13107299804687497 0.071517944335937514
decision_type=2 2 2 2
left_child=-1 -2 -3 -4
right_child=1 2 3 -5
leaf_value=-0.042107813476672515 0.05917837322257509 0.04802223701959623 -0.054843347890737582 0.0024881393616999511
leaf_weight=3.7104219513712478 3.6703395349904921 4.1675112477969405 4.1442321351496449 5.733867172151804
leaf_count=228 165 251 293 327
internal_value=0.00224412 0.0115332 -0.000917275 -0.0215646
internal_weight=21.4264 17.716 14.0456 9.8781
internal_count=1264 1036 871 620
is_linear=0
shrinkage=0.05


Tree=71
num_leaves=6
num_cat=0
split_feature=22 10 5 13 19
split_gain=2.6488 4.17725 2.1787 1.63284 0.000962392
threshold=0.30887560546398168 0.034602490421455946 0.80737441778182995 1.1650010943412783 1.5812751874327662
decision_type=2 2 2 2 2
left_child=1 3 -2 -1 -5
right_child=2 -3 -4 4 -6
leaf_value=0.016213069236846664 0.016945010575387939 0.035062315716190048 -0.037804251488467153 -0.050372422748705549 -0.052360419930895921
leaf_weight=1.4132113776868238 2.783819923992267 9.6486625382676703 5.2327052140026353 1.2441691443091261 1.1920660893665624
leaf_count=108 179 205 387 232 172
internal_value=0.00397317 0.0174934 -0.018792 -0.0265431 -0.0513452
internal_weight=21.5146 13.4981 8.01653 3.84945 2.43624
internal_count=1283 717 566 512 404
is_linear=0
shrinkage=0.05


Tree=72
num_leaves=6
num_cat=0
split_feature=16 16 10 13 6
split_gain=4.27135 3.65735 4.1318 2.91396 0.248499
threshold=4.5166752338409433 3.9246426820755009 0.061159360352908747 1.6319407224655154 24.524810791015629
decision_type=2 2 2 2 2
left_child=1 2 3 -1 -5
right_child=-2 -3 -4 4 -6
leaf_value=0.010302936073982362 -0.044299141958582554 0.055853423711202367 0.04016715765562022 -0.031944335372067 -0.054566452060578086
leaf_weight=4.5816368183004723 4.2146613348741075 3.7086425292072809 4.3844706881791344 2.1075365117285401 2.8630674651358277
leaf_count=346 262 86 109 258 217
internal_value=0.000924027 0.0117258 -1.68799e-05 -0.0184613 -0.0449747
internal_weight=21.86 17.6454 13.9367 9.55224 4.9706
internal_count=1278 1016 930 821 475
is_linear=0
shrinkage=0.05


Tree=73
num_leaves=5
num_cat=0
split_feature=21 14 21 5
split_gain=3.3814 3.69284 4.94288 2.25819
threshold=0.33315299749374394 -5.1089437007904044 0.47027534097433094 1.0571509599685671
decision_type=2 2 2 2
left_child=-1 -2 3 -3
right_child=1 2 -4 -5
leaf_value=0.028008629591257845 -0.048022970301438206 -0.056235862591623942 0.055280290492172118 0.003099526101362268
leaf_weight=6.2145497761666801 5.6073494318407038 2.731774768326428 3.0795681436429732 3.8824812553357333
leaf_count=264 244 159 225 365
internal_value=-0.00309406 -0.0157264 0.00295544 -0.0214068
internal_weight=21.5157 15.3012 9.69382 6.61426
internal_count=1257 993 749 524
is_linear=0
shrinkage=0.05


Tree=74
num_leaves=6
num_cat=0
split_feature=5 5 11 5 10
split_gain=4.57346 3.53959 2.21155 0.00297479 3.80783e-05
threshold=1.9892605543136599 0.9840262532234193 0.11432286695934339 3.00652027130127 0.042031982354563006
decision_type=2 2 2 2 2
left_child=1 2 -1 -2 -5
right_child=3 -3 -4 4 -6
leaf_value=-0.025143127038028647 -0.053530954039081716 0.041237744236616886 0.020692793804605997 -0.050233489930036436 -0.050643685299728659
leaf_weight=6.3352761759888434 1.2061637121369124 6.2115415687439954 4.5015330087626353 0.99674360739300061 1.3084687236696479
leaf_count=292 99 147 209 341 151
internal_value=0.000442998 0.0111454 -0.00610321 -0.051519 -0.0504663
internal_weight=20.5597 17.0484 10.8368 3.51138 2.30521
internal_count=1239 648 501 591 492
is_linear=0
shrinkage=0.05


Tree=75
num_leaves=5
num_cat=0
split_feature=16 10 12 19
split_gain=3.65515 2.99902 0.982174 0.00107441
threshold=4.5166752338409433 0.027679309937374458 2.3169962167739873 3.0816715158522134
decision_type=2 2 2 2
left_child=1 2 -1 -4
right_child=-2 -3 3 -5
leaf_value=-0.0026209220534838436 -0.04355439390993391 0.020880410776287328 -0.050328290681016102 -0.052570549999583716
leaf_weight=1.9920506515773073 4.0258489374537012 13.284517842810599 1.1159971267916264 1.0248480574809944
leaf_count=182 269 392 306 148
internal_value=-0.000616571 0.00930805 -0.0278894 -0.0514017
internal_weight=21.4433 17.4174 4.1329 2.14085
internal_count=1297 1028 636 454
is_linear=0
shrinkage=0.05


Tree=76
num_leaves=5
num_cat=0
split_feature=22 19 8 19
split_gain=3.18946 3.51381 0.604229 0.0032715
threshold=0.18614424020051959 3.6974014163017279 -0.035945676267147057 1.8730257129061103
decision_type=2 2 2 2
left_child=-1 2 -2 -4
right_child=1 -3 3 -5
leaf_value=-0.055696672470440613 -0.010747887368021245 0.011780381487836382 -0.050544319994243594 -0.053802725539335572
leaf_weight=3.3156202528043677 1.2413951160269823 12.243316333973778 1.8309018358704627 1.3298433404415844
leaf_count=238 225 336 326 146
internal_value=-0.0109148 -0.00199468 -0.0403061 -0.0519153
internal_weight=19.9611 16.6455 4.40214 3.16075
internal_count=1271 1033 697 472
is_linear=0
shrinkage=0.05


Tree=77
num_leaves=5
num_cat=0
split_feature=13 13 15 21
split_gain=3.01975 3.39147 5.04945 0.307494
threshold=1.7462478280067446 1.5608872771263125 3.839568138122559 0.38661793147524204
decision_type=2 2 2 2
left_child=1 2 -1 -2
right_child=3 -3 -4 -5
leaf_value=0.033534988829150653 -0.017760488927376705 0.04540528066714402 -0.03677197065224562 -0.040842051175459942
leaf_weight=4.68795510067139 2.5938908250536761 5.005892288463655 5.6097864865441807 3.2519099916680716
leaf_count=205 169 297 338 258
internal_value=-3.12955e-05 0.0116457 -0.00476535 -0.0306003
internal_weight=21.1494 15.3036 10.2977 5.8458
internal_count=1267 840 543 427
is_linear=0
shrinkage=0.05


Tree=78
num_leaves=6
num_cat=0
split_feature=19 7 8 10 12
split_gain=3.09021 2.92088 0.745544 0.000113904 2.0757e-06
threshold=2.9445636034011846 1002.492889404297 -0.061147332191467278 0.034278266536331058 2.3065266609191899
decision_type=2 2 2 2 2
left_child=2 -2 -1 4 -4
right_child=1 -3 3 -5 -6
leaf_value=-0.00018919058864436147 -0.011486996191374728 0.029896109077013566 -0.050362483587901588 -0.050960488109614024 -0.050252665310280623
leaf_weight=0.99438729207031729 7.4106738416012403 10.041506011504678 0.85718078550416998 1.0904840244911609 0.86398072249721736
leaf_count=217 216 289 150 107 264
internal_value=0.00342121 0.0123237 -0.0374003 -0.0505607 -0.0503074
internal_weight=21.2582 17.4522 3.80603 2.81165 1.72116
internal_count=1243 505 738 521 414
is_linear=0
shrinkage=0.05


Tree=79
num_leaves=5
num_cat=0
split_feature=5 14 21 5
split_gain=3.16392 3.80694 0.551005 0.00183384
threshold=1.9892605543136599 -5.1089437007904044 0.37425473555922512 3.9355862140655522
decision_type=2 2 2 2
left_child=1 -1 -2 -4
right_child=2 -3 3 -5
leaf_value=-0.0088398858315357678 -0.0094601266698166337 0.037345529880828995 -0.053197566540076006 -0.050396081718174258
leaf_weight=9.0509797253180331 1.1501870665233576 8.7995989399496466 1.0290354028693403 1.3511674266774205
leaf_count=362 164 330 113 334
internal_value=0.00537391 0.0139276 -0.0378759 -0.0516073
internal_weight=21.381 17.8506 3.53039 2.3802
internal_count=1303 692 611 447
is_linear=0
shrinkage=0.05


Tree=80
num_leaves=7
num_cat=1
split_feature=4 10 22 8 10 19
split_gain=2.94917 3.45963 2.27704 1.35558 0.00346776 0.00078666
threshold=0 0.069094883611012667 0.28512406349182134 -0.585009604692459 0.054194237661979602 4.0898326536019658
decision_type=9 2 2 2 2 2
left_child=1 2 -1 -2 5 -5
right_child=3 -3 -4 4 -6 -7
leaf_value=0.064607649306817255 0.00057713954341104322 -0.0055076939472520929 0.015358459766961702 -0.050535307369558392 -0.054388664464151172 -0.052340311145476395
leaf_weight=5.4876706708455441 1.6935797237674712 5.750354907475411 4.1008885342162102 1.2268726490438004 1.6661378085846079 1.1882645777659488
leaf_count=217 119 86 277 343 81 117
internal_value=0.00814736 0.0152279 0.0435445 -0.0135555 -0.0526339 -0.0514234
internal_weight=21.1138 15.3389 9.58856 5.77485 4.08128 2.41514
internal_count=1240 580 494 660 541 460
cat_boundaries=0 1
cat_threshold=290570242
is_linear=0
shrinkage=0.05


Tree=81
num_leaves=5
num_cat=0
split_feature=19 13 10 10
split_gain=2.59336 1.74063 0.759827 6.75013e-05
threshold=2.9445636034011846 1.5608872771263125 0.0083664898320070739 0.034837858220211168
decision_type=2 2 2 2
left_child=2 -2 -1 -4
right_child=1 -3 3 -5
leaf_value=0.00036975973058607302 -0.0089265588607462237 0.023116532443716246 -0.050304609107734745 -0.050790930208493616
leaf_weight=0.98586053075269164 8.0159579273313302 8.9927868591039424 1.4481627196946649 1.4065213624271562
leaf_count=235 223 272 377 163
internal_value=-0.000364335 0.00801512 -0.0374747 -0.0505442
internal_weight=20.8493 17.0087 3.84054 2.85468
internal_count=1270 495 775 540
is_linear=0
shrinkage=0.05


Tree=82
num_leaves=5
num_cat=0
split_feature=13 5 16 5
split_gain=4.96586 2.63515 2.36566 0.0106472
threshold=1.3720637559890749 1.2937990427017214 3.2845605611801152 2.1473395824432377
decision_type=2 2 2 2
left_child=-1 -2 3 -3
right_child=1 2 -4 -5
leaf_value=-0.042317018655491451 0.026398462681667734 -0.056982468772182597 0.021581254243935546 -0.050358851751697076
leaf_weight=6.5411967048421529 8.9302588612772507 1.2428060247912065 1.8258889144635757 1.1854092661524189
leaf_count=338 391 50 81 374
internal_value=-0.00670034 0.0109703 -0.0214167 -0.0537489
internal_weight=19.7256 13.1844 4.2541 2.42822
internal_count=1234 896 505 424
is_linear=0
shrinkage=0.05


Tree=83
num_leaves=7
num_cat=1
split_feature=4 21 14 7 10 14
split_gain=2.29573 2.24943 2.09183 1.53195 0.00747606 7.47442e-05
threshold=0 0.33501271381974224 -4.7603323459625235 999.90341186523449 0.029814814814814818 -4.1582982540130606
decision_type=9 2 2 2 2 2
left_child=1 -1 -3 -2 5 -5
right_child=3 2 -4 4 -6 -7
leaf_value=0.043742451101783354 0.0026991538802328152 -0.020603482077346913 0.023841294832153748 -0.051058952549192051 -0.055015888893662379 -0.050375793202392161
leaf_weight=5.1008119217585763 1.693979555042463 4.9088924016105002 5.7466955149429841 0.7795731693040584 2.710465709969867 0.82313550933031299
leaf_count=131 107 158 290 138 153 308
internal_value=0.00152428 0.0100554 0.00336616 -0.0141072 -0.0534152 -0.0507081
internal_weight=21.7636 15.7564 10.6556 6.00715 4.31317 1.60271
internal_count=1285 579 448 706 599 446
cat_boundaries=0 1
cat_threshold=290570242
is_linear=0
shrinkage=0.05


Tree=84
num_leaves=6
num_cat=0
split_feature=21 5 5 16 5
split_gain=3.16859 2.4525 2.56751 0.438857 0.00922177
threshold=0.33315299749374394 0.42175470292568212 1.5340796709060671 3.2281483411788945 2.502813577651978
decision_type=2 2 2 2 2
left_child=-1 -2 -3 4 -4
right_child=1 2 3 -5 -6
leaf_value=0.029266868820544224 -0.053408674053990149 0.012398214713200146 -0.05692941068519039 -0.016215459923312078 -0.050336611511986457
leaf_weight=5.9859049949445788 3.1006867641117415 7.8992169392295164 1.0348341283970519 1.2508837212226351 1.0881583553855305
leaf_count=253 289 185 48 129 357
internal_value=-0.00129909 -0.0140282 -0.00319648 -0.0397081 -0.0535502
internal_weight=20.3597 14.3738 11.2731 3.37388 2.12299
internal_count=1261 1008 719 534 405
is_linear=0
shrinkage=0.05


Tree=85
num_leaves=5
num_cat=0
split_feature=13 13 22 0
split_gain=3.03592 3.97921 3.09197 1.5437
threshold=1.5608872771263125 1.7462478280067446 0.24099864065647128 6.5000000000000009
decision_type=2 2 2 2
left_child=3 -2 -3 -1
right_child=1 2 -4 -5
leaf_value=-0.043370065246002718 0.049796739521943668 0.030553877453762562 -0.041920393669372349 -0.0026448232833981575
leaf_weight=4.2287304069031979 5.1586185122723673 2.6207811958447564 3.3563888346252497 5.1738291825749911
leaf_count=352 299 149 284 189
internal_value=-4.03104e-05 0.0176239 -0.0101429 -0.0209607
internal_weight=20.5383 11.1358 5.97717 9.40256
internal_count=1273 732 433 541
is_linear=0
shrinkage=0.05


Tree=86
num_leaves=5
num_cat=0
split_feature=21 15 5 13
split_gain=2.45271 3.24697 3.0095 2.90144
threshold=0.47027534097433094 3.839568138122559 1.0571509599685671 1.5608872771263125
decision_type=2 2 2 2
left_child=1 2 -1 -3
right_child=-2 3 -4 -5
leaf_value=-0.018521910213905656 0.035881018450983772 -0.055299874956873919 0.043598565460732541 0.0006609129103427305
leaf_weight=3.4397908425889971 4.1905072069494045 4.5608990952605364 4.5007063163793646 4.7064031288318802
leaf_count=127 275 260 337 263
internal_value=0.00157797 -0.00677564 0.0166882 -0.0268802
internal_weight=21.3983 17.2078 7.9405 9.2673
internal_count=1262 987 464 523
is_linear=0
shrinkage=0.05


Tree=87
num_leaves=7
num_cat=0
split_feature=12 14 5 14 6 19
split_gain=3.06846 2.3939 4.50933 0.57481 0.474895 0.0104314
threshold=5.5949556827545175 -5.1089437007904044 1.2221831679344179 -3.4498257637023921 24.034667968750004 4.2935567513108266
decision_type=2 2 2 2 2 2
left_child=4 -2 -3 -4 -1 -6
right_child=1 2 3 -5 5 -7
leaf_value=-0.020205146301660547 -0.023668174068784173 0.058443910580906158 0.0034486221158075412 -0.031895013479679511 -0.050837563457790863 -0.056226690920441337
leaf_weight=1.5339084012375703 5.6028760643675914 3.8463054946623725 2.2174889608286312 2.3905359054624578 1.8644229858182373 1.7321892986074088
leaf_count=240 120 58 50 357 387 50
internal_value=-0.0104018 0.00167774 0.0184751 -0.0148868 -0.0434987 -0.0534331
internal_weight=19.1877 14.0572 8.45433 4.60802 5.13052 3.59661
internal_count=1262 585 465 407 677 437
is_linear=0
shrinkage=0.05


Tree=88
num_leaves=7
num_cat=0
split_feature=21 10 15 5 16 19
split_gain=2.06647 2.01228 4.59941 1.37256 2.2172 0.00268854
threshold=0.30929868035018449 0.071556579621095753 7.0632324218750009 1.0571509599685671 3.2497787475585942 5.798673759187972
decision_type=2 2 2 2 2 2
left_child=-1 2 3 -2 5 -5
right_child=1 -3 -4 4 -6 -7
leaf_value=0.028762439859902778 -0.057189921938411728 0.017747060257343402 0.038781726003148859 -0.051422724383006074 0.01526767764779223 -0.054804365752423125
leaf_weight=4.3807702953927246 4.4755791215575318 4.706665279576554 2.5297067883657283 1.2022495373093991 2.3950529187568463 1.1499640941619871
leaf_count=172 244 92 221 337 125 74
internal_value=-0.00175622 -0.00987904 -0.0209427 -0.0373244 -0.0185958 -0.053076
internal_weight=20.84 16.4592 11.7526 9.22285 4.74727 2.35221
internal_count=1265 1093 1001 780 536 411
is_linear=0
shrinkage=0.05


Tree=89
num_leaves=4
num_cat=0
split_feature=16 16 15
split_gain=2.59288 4.27647 3.17106
threshold=1.8347908258438113 3.150794625282288 4.4546422958374032
decision_type=2 2 2
left_child=-1 -2 -3
right_child=1 2 -4
leaf_value=0.041983746472105801 -0.046600438017647051 0.033454443587683104 -0.019556826086164721
leaf_weight=3.4203294774633859 4.6152243664546431 6.4840183646301721 4.9936291790800169
leaf_count=398 340 207 331
internal_value=0.00244893 -0.00595368 0.0103906
internal_weight=19.5132 16.0929 11.4776
internal_count=1276 878 538
is_linear=0
shrinkage=0.05


Tree=90
num_leaves=5
num_cat=0
split_feature=21 21 11 13
split_gain=2.54642 3.57517 1.44496 3.43829
threshold=0.48531419287125271 0.30929868035018449 0.11432286695934339 1.3587056398391726
decision_type=2 2 2 2
left_child=1 -1 3 -3
right_child=-2 2 -4 -5
leaf_value=0.023557944506739426 0.03191699321136008 -0.055988531799561474 -0.055808965717829201 0.010250113518809119
leaf_weight=4.1271434312802766 3.2743588372250079 3.4530137904803251 3.8174561115156393 4.5282995891175233
leaf_count=176 208 202 335 344
internal_value=-0.00824088 -0.0164973 -0.0305084 -0.0184072
internal_weight=19.2003 15.9259 11.7988 7.98131
internal_count=1265 1057 881 546
is_linear=0
shrinkage=0.05


Tree=91
num_leaves=5
num_cat=0
split_feature=8 20 14 16
split_gain=3.78969 1.95994 3.5464 0.284912
threshold=-0.585009604692459 1.6716613769531252 -4.4496095180511466 2.761995911598206
decision_type=2 2 2 2
left_child=-1 2 -2 -3
right_child=1 3 -4 -5
leaf_value=0.028459849148076019 -0.033240128615500804 -0.032550724102110774 0.02880371846899292 -0.056120985432784432
leaf_weight=4.7411886496702236 5.9868161898921244 2.0988893284229553 3.7432631120900606 3.2945909316767938
leaf_count=209 255 326 297 188
internal_value=-0.0105446 -0.0227723 -0.00937121 -0.0469485
internal_weight=19.8647 15.1236 9.73008 5.39348
internal_count=1275 1066 552 514
is_linear=0
shrinkage=0.05


Tree=92
num_leaves=6
num_cat=0
split_feature=16 19 19 20 20
split_gain=1.75154 3.3024 2.92984 2.69904 1.42289
threshold=1.8347908258438113 5.0322393655776994 7.9729843676090253 1.3635665893554691 1.7021221584743926
decision_type=2 2 2 2 2
left_child=1 -1 3 -2 -5
right_child=2 -3 -4 4 -6
leaf_value=0.081427991057650764 -0.045222650681094489 -0.012842952326095997 0.034639802288391537 0.028070877352248471 -0.016786320962995024
leaf_weight=1.8431595325528207 4.8156873624538985 1.8730714402627198 3.6970301859546444 3.1875053120893426 3.9693350896122865
leaf_count=315 330 90 71 116 329
internal_value=0.00305176 0.0339131 -0.0042674 -0.0162817 0.00319213
internal_weight=19.3858 3.71623 15.6696 11.9725 7.15684
internal_count=1251 405 846 775 445
is_linear=0
shrinkage=0.05


Tree=93
num_leaves=5
num_cat=0
split_feature=16 15 20 11
split_gain=3.11789 3.33774 1.4471 0.177371
threshold=1.8347908258438113 5.2590942382812509 1.4198098318917414 0.10321297167793277
decision_type=2 2 2 2
left_child=-1 2 -2 -3
right_child=1 3 -4 -5
leaf_value=0.043527202261089783 0.021834076911748788 -0.034787210934175708 -0.013852096979265378 -0.054175866200459083
leaf_weight=3.3659847899107289 6.1110350719536672 2.2990320280659935 5.3084775774041191 2.422505087510217
leaf_count=394 165 251 292 163
internal_value=-0.000246632 -0.00937504 0.00524499 -0.0447351
internal_weight=19.507 16.141 11.4195 4.72154
internal_count=1265 871 457 414
is_linear=0
shrinkage=0.05


Tree=94
num_leaves=5
num_cat=0
split_feature=8 22 15 14
split_gain=2.95551 2.91848 3.39913 0.242869
threshold=-0.585009604692459 0.30546016991138464 4.8094196319580087 -4.4868850708007804
decision_type=2 2 2 2
left_child=-1 2 -2 -3
right_child=1 3 -4 -5
leaf_value=0.041564398497056891 0.0277840584863497 -0.054859703211660497 -0.030779824592665723 -0.030122549912337523
leaf_weight=4.0983680058852796 6.9940961684915219 2.077538044250105 3.8369593285315204 1.8993613806669589
leaf_count=193 362 143 273 283
internal_value=0.00398718 -0.00641299 0.00703749 -0.0430453
internal_weight=18.9063 14.808 10.8311 3.9769
internal_count=1254 1061 635 426
is_linear=0
shrinkage=0.05


Tree=95
num_leaves=6
num_cat=1
split_feature=4 6 16 12 10
split_gain=2.63123 2.1027 1.43389 0.00549715 0.000688009
threshold=0 26.905075073242191 3.2497787475585942 7.3866827487945566 0.024801587301587307
decision_type=9 2 2 2 2
left_child=1 -1 3 4 -2
right_child=2 -3 -4 -5 -6
leaf_value=0.042917069596527642 -0.050838750063285504 0.00091519385006839319 -0.0095063488947071933 -0.055585751306911117 -0.052635207824534694
leaf_weight=6.4208581162383762 1.1343793190317262 5.5600035706302151 3.7678156627807766 1.5598756857798433 1.00527702117688
leaf_count=209 343 261 247 122 90
internal_value=0.00244467 0.0127681 -0.0133454 -0.0533284 -0.0516828
internal_weight=19.4482 11.9809 7.46735 3.69953 2.13966
internal_count=1272 470 802 555 433
cat_boundaries=0 1
cat_threshold=290488322
is_linear=0
shrinkage=0.05


Tree=96
num_leaves=6
num_cat=0
split_feature=16 10 15 22 6
split_gain=2.82634 3.00222 4.24014 2.20232 0.299176
threshold=4.2321350574493417 0.060734963960770418 6.8316307067871103 0.21922143548727038 24.679199218750004
decision_type=2 2 2 2 2
left_child=1 2 3 -1 -5
right_child=-2 -3 -4 4 -6
leaf_value=0.017052396866672443 -0.036314712654650548 0.037299294020814749 0.052757947516739179 -0.029733369164700749 -0.055313170201922758
leaf_weight=1.9704782420594726 4.1804163763881652 6.0771372447488821 2.1660934393876232 1.8405796761508098 3.0163232238264754
leaf_count=154 285 129 162 283 243
internal_value=6.09472e-05 0.0101511 -0.00819361 -0.0275314 -0.0456194
internal_weight=19.251 15.0706 8.99347 6.82738 4.8569
internal_count=1256 971 842 680 526
is_linear=0
shrinkage=0.05


Tree=97
num_leaves=5
num_cat=0
split_feature=19 16 12 20
split_gain=3.53034 2.00064 8.16963e-05 2.54851e-06
threshold=2.9445636034011846 3.150794625282288 5.9380803108215341 1.6151943206787112
decision_type=2 2 2 2
left_child=2 -2 3 -1
right_child=1 -3 -4 -5
leaf_value=-0.050228682503986023 -0.014150795630824312 0.022052851341648617 -0.050833917732045153 -0.050343854277225236
leaf_weight=0.76675393967889593 6.4091447105165562 9.4312883050879446 1.1059406079002654 1.2857988741016013
leaf_count=258 318 182 189 323
internal_value=-0.00221971 0.00740461 -0.0504875 -0.0503008
internal_weight=18.9989 15.8404 3.15849 2.05255
internal_count=1270 500 770 581
is_linear=0
shrinkage=0.05


Tree=98
num_leaves=7
num_cat=0
split_feature=5 14 10 5 19 14
split_gain=2.62504 2.55398 1.52694 0.00756451 1.11878e-05 6.22968e-06
threshold=1.5340796709060671 -4.8422727584838858 0.070306038047973543 2.1473395824432377 6.8242617441548257 -0.82588863372802723
decision_type=2 2 2 2 2 2
left_child=1 -1 3 -2 5 -5
right_child=2 -3 -4 4 -6 -7
leaf_value=-0.0067964998851725959 -0.055545087931000575 0.033857577844950082 0.012334615840892613 -0.050436542517783449 -0.05057193854588804 -0.050189497847924425
leaf_weight=8.4080055848462489 1.2572518558590666 7.1470680116326575 1.3102946063736451 0.48234746267553474 0.64301704650279123 0.54184856775100265
leaf_count=365 65 254 58 172 93 253
internal_value=0.0023812 0.0118828 -0.0325199 -0.0526167 -0.0504085 -0.0503058
internal_weight=19.7898 15.5551 4.23476 2.92446 1.66721 1.0242
internal_count=1260 619 641 583 518 425
is_linear=0
shrinkage=0.05


Tree=99
num_leaves=5
num_cat=0
split_feature=22 22 13 16
split_gain=2.0716 4.04413 2.45992 1.93784
threshold=0.30887560546398168 0.18614424020051959 1.5760324597358706 3.4391148090362553
decision_type=2 2 2 2
left_child=1 -1 -2 -3
right_child=2 3 -4 -5
leaf_value=-0.032887534129769268 -0.055840227951810477 0.00053971396408638585 0.0047767183202490106 0.045903583604770225
leaf_weight=3.8185726327938054 3.1011010618531136 3.9231066523934697 3.6360974291164894 5.8865863056853414
leaf_count=232 216 300 333 190
internal_value=-0.000444294 0.010768 -0.023125 0.0277616
internal_weight=20.3655 13.6283 6.7372 9.80969
internal_count=1271 722 549 490
is_linear=0
shrinkage=0.05


Tree=100
num_leaves=5
num_cat=0
split_feature=16 16 16 11
split_gain=2.22672 2.97313 2.15653 1.54723
threshold=1.8659784197807314 3.150794625282288 4.180201768875123 0.12276746242263485
decision_type=2 2 2 2
left_child=3 -2 -3 -1
right_child=1 2 -4 -5
leaf_value=0.07549613982999967 -0.04540100737626683 0.022625933010553722 -0.021016888953440508 0.0044989501035349374
leaf_weight=1.5126695692306413 3.8264629137411239 7.1317765160929394 4.6932669601519592 1.5575230655085759
leaf_count=208 317 217 304 193
internal_value=0.000545244 -0.00709197 0.00530444 0.0394789
internal_weight=18.7217 15.6515 11.825 3.07019
internal_count=1239 838 521 401
is_linear=0
shrinkage=0.05


Tree=101
num_leaves=5
num_cat=0
split_feature=0 15 5 7
split_gain=2.67582 1.49237 1.34949 2.36329
threshold=5.5000000000000009 5.5348100662231454 0.63337150216102611 1003.4130249023439
decision_type=2 2 2 2
left_child=1 -1 -2 -4
right_child=2 -3 3 -5
leaf_value=-0.053575750483770446 0.03525997239246309 0.0088622801158232591 -0.022330702963952013 0.027845317798573261
leaf_weight=2.767291403142738 4.6924382722936562 1.4629507171048315 4.757001071906414 4.6316389135608915
leaf_count=375 204 226 161 282
internal_value=0.00288908 -0.0319827 0.0133653 0.00242232
internal_weight=18.3113 4.23024 14.0811 9.38864
internal_count=1248 601 647 443
is_linear=0
shrinkage=0.05


Tree=102
num_leaves=5
num_cat=0
split_feature=5 13 22 7
split_gain=2.27528 3.24397 1.86467 0.361108
threshold=1.2221831679344179 1.5608872771263125 0.22667497396469119 1002.0145263671876
decision_type=2 2 2 2
left_child=1 -1 -2 -4
right_child=2 -3 3 -5
leaf_value=-0.018036608655983218 0.016431363870979151 0.033738889763895004 -0.024069901010546887 -0.054959102184967468
leaf_weight=5.0256522613926808 1.9072361168800842 7.6007228221860714 1.503130807803245 2.5534529112919699
leaf_count=269 163 308 144 371
internal_value=0.00110903 0.0131308 -0.024343 -0.0435134
internal_weight=18.5902 12.6264 5.96382 4.05658
internal_count=1255 577 678 515
is_linear=0
shrinkage=0.05


Tree=103
num_leaves=5
num_cat=0
split_feature=22 22 11 13
split_gain=1.38782 2.66273 3.91938 5.68214
threshold=0.18614424020051959 0.22854370623826983 0.13377016129032263 1.5760324597358706
decision_type=2 2 2 2
left_child=-1 -2 3 -3
right_child=1 2 -4 -5
leaf_value=-0.030476727552301422 0.046562902972254822 -0.02250401353858239 -0.055951499694431583 0.056156030935983398
leaf_weight=3.4809462926350561 3.0223255933378814 5.5669536054483597 2.9630067884572773 3.9072112750436645
leaf_count=227 141 382 238 281
internal_value=-0.001954 0.00446834 -0.00576096 0.00993593
internal_weight=18.9404 15.4595 12.4372 9.47416
internal_count=1269 1042 901 663
is_linear=0
shrinkage=0.05


Tree=104
num_leaves=6
num_cat=0
split_feature=13 21 12 3 3
split_gain=2.30757 2.77453 4.62716 3.0151 1.48754
threshold=1.7462478280067446 0.46193680039473944 6.9462304115295419 78.750000000000014 78.750000000000014
decision_type=2 2 2 2 2
left_child=1 2 3 -1 -2
right_child=4 -3 -4 -5 -6
leaf_value=0.055788085475507232 -0.0017632720019836981 0.051092337744973064 -0.046426794291809466 -0.013484872660397426 -0.057285454995743383
leaf_weight=3.4465148424496892 2.4752165790996505 3.3244101889722506 3.65637624199735 2.8861780470761005 2.3532878454134334
leaf_count=296 199 198 171 177 216
internal_value=0.000787077 0.0115261 -0.00164171 0.0242164 -0.0288233
internal_weight=18.142 13.3135 9.98907 6.33269 4.8285
internal_count=1257 842 644 473 415
is_linear=0
shrinkage=0.05


Tree=105
num_leaves=5
num_cat=0
split_feature=13 15 10 14
split_gain=2.15178 1.93078 2.16111 1.32146
threshold=1.3587056398391726 3.2711534500122075 0.060734963960770418 -4.8422727584838858
decision_type=2 2 2 2
left_child=-1 -2 3 -3
right_child=1 2 -4 -5
leaf_value=-0.036621020762263867 -0.032198666538155216 -0.034998383061629078 0.037137483050837895 0.01103876870020991
leaf_weight=4.6437120451009859 3.1538394202070767 2.5402269423939288 4.8928090259432793 4.0343339277023897
leaf_count=317 372 159 86 344
internal_value=-0.00696966 0.00244764 0.0119763 -0.0067487
internal_weight=19.2649 14.6212 11.4674 6.57456
internal_count=1278 961 589 503
is_linear=0
shrinkage=0.05


Tree=106
num_leaves=5
num_cat=0
split_feature=16 19 16 21
split_gain=3.12296 4.19179 1.23324 0.00583104
threshold=1.8347908258438113 5.202267248928548 4.1492958068847665 0.36141258925199515
decision_type=2 2 2 2
left_child=-1 2 3 -2
right_child=1 -3 -4 -5
leaf_value=0.047694118122667467 -0.055764419182331576 0.014031193239042198 -0.0067016648322311681 -0.052040828576401021
leaf_weight=3.1827990858873845 1.942909355508166 9.7491867594653723 2.0756715241295751 2.2913041985593736
leaf_count=385 99 190 251 331
internal_value=0.0024476 -0.00651995 -0.0382728 -0.0537494
internal_weight=19.2419 16.0591 6.30989 4.23421
internal_count=1256 871 681 430
is_linear=0
shrinkage=0.05


Tree=107
num_leaves=6
num_cat=0
split_feature=11 5 16 21 5
split_gain=3.15231 2.68871 1.74956 1.20776 0.00471266
threshold=0.056555004135649303 1.2937990427017214 3.416347980499268 0.38825842802013677 2.1473395824432377
decision_type=2 2 2 2 2
left_child=-1 3 4 -2 -3
right_child=1 2 -4 -5 -6
leaf_value=-0.034927447832561152 0.0073507197496106708 -0.055109592649465237 0.012935938615558834 0.042581084854752871 -0.050428925291092101
leaf_weight=4.7217131540819564 4.4659922797000018 1.0720422643062186 1.9160085931071078 5.3432168453582563 1.0790317614009834
leaf_count=369 166 54 73 253 362
internal_value=0.000361436 0.0123693 -0.0218114 0.0265412 -0.0527617
internal_weight=18.598 13.8763 4.06708 9.80921 2.15107
internal_count=1277 908 489 419 416
is_linear=0
shrinkage=0.05


Tree=108
num_leaves=5
num_cat=1
split_feature=4 3 20 6
split_gain=1.74645 1.36824 1.13 1.08296
threshold=0 80.250000000000014 1.850578308105469 26.570968627929691
decision_type=9 2 2 2
left_child=3 -2 -3 -1
right_child=1 2 -4 -5
leaf_value=-0.0016672080678273556 -0.053778809616319416 -0.037079246056274273 0.019087824348603372 0.029761495267398332
leaf_weight=4.8894758604583313 3.5562644657620721 1.8581674831220882 1.7284317520970942 6.2376307022059336
leaf_count=199 394 214 209 268
internal_value=-0.00271865 -0.0132509 -0.0100116 0.00840103
internal_weight=18.27 7.14286 3.5866 11.1271
internal_count=1284 817 423 467
cat_boundaries=0 1
cat_threshold=290537474
is_linear=0
shrinkage=0.05


Tree=109
num_leaves=5
num_cat=0
split_feature=8 16 10 18
split_gain=2.02687 2.81382 2.95946 0.525405
threshold=-0.66556677222251881 4.3201024532318124 0.034602490421455946 0.10555555555555557
decision_type=2 2 2 2
left_child=-1 2 3 -2
right_child=1 -3 -4 -5
leaf_value=0.029921174716397214 -0.052740907817567642 -0.054740479246717391 0.015665385434507489 -0.011781298493733577
leaf_weight=3.9769977866380968 2.2962204526993442 2.87199425898143 8.8048262191005033 1.1879926920519208
leaf_count=197 383 241 253 206
internal_value=-0.00184908 -0.010183 0.000230299 -0.0387751
internal_weight=19.138 15.161 12.289 3.48421
internal_count=1280 1083 842 589
is_linear=0
shrinkage=0.05


Tree=110
num_leaves=5
num_cat=0
split_feature=16 22 20 7
split_gain=2.57098 2.48249 2.53637 1.20013
threshold=4.3201024532318124 0.30887560546398168 1.5953796386718753 1001.538055419922
decision_type=2 2 2 2
left_child=1 2 -1 -3
right_child=-2 3 -4 -5
leaf_value=0.031407310583323494 -0.054807323516857555 -0.0037159425779795339 -0.020392313152511932 -0.055431540644130188
leaf_weight=5.916295412025649 2.9311397227866101 1.9318423345684994 3.9349610537756234 2.6754679810255766
leaf_count=198 267 151 321 312
internal_value=-0.0121083 -0.00345207 0.0107166 -0.0337472
internal_weight=17.3897 14.4586 9.85126 4.60731
internal_count=1249 982 519 463
is_linear=0
shrinkage=0.05


Tree=111
num_leaves=5
num_cat=0
split_feature=14 15 22 21
split_gain=2.49231 3.23649 3.36148 3.48457
threshold=-6.0091369152069083 3.2711534500122075 0.25446689128875738 0.47027534097433094
decision_type=2 2 2 2
left_child=-1 -2 -3 -4
right_child=1 2 3 -5
leaf_value=0.036085919597697406 -0.056266392393388959 0.032282244110532023 -0.055894612666396559 0.017103302672574885
leaf_weight=3.6845720458368332 2.9966498799476531 5.1335249875992286 3.492623868631199 3.0733919241465628
leaf_count=167 386 224 281 189
internal_value=-0.000684493 -0.00990343 0.0019717 -0.0217261
internal_weight=18.3808 14.6962 11.6995 6.56602
internal_count=1247 1080 694 470
is_linear=0
shrinkage=0.05


Tree=112
num_leaves=6
num_cat=0
split_feature=14 13 5 16 5
split_gain=1.40716 3.16758 4.15072 1.49965 0.00169285
threshold=-5.1089437007904044 1.3720637559890749 1.2221831679344179 3.2845605611801152 2.4134180545806889
decision_type=2 2 2 2 2
left_child=-1 -2 -3 4 -4
right_child=1 2 3 -5 -6
leaf_value=-0.018055945643173605 -0.037698056938656972 0.055136148564982605 -0.053530553442013545 0.021638837978415398 -0.050330365595469863
leaf_weight=7.4766004204575465 2.5533287961443403 4.7777168175089173 0.7795719003188426 1.1945970541564745 0.87941821735876147
leaf_count=350 216 184 59 72 372
internal_value=-0.00158372 0.0105086 0.0266379 -0.0210762 -0.0518342
internal_weight=17.6612 10.1846 7.6313 2.85359 1.65899
internal_count=1253 903 687 503 431
is_linear=0
shrinkage=0.05


Tree=113
num_leaves=5
num_cat=1
split_feature=16 4 21 2
split_gain=2.45626 2.201 1.79094 0.00691845
threshold=4.3201024532318124 0 0.47027534097433094 23.250000000000004
decision_type=2 9 2 2
left_child=1 -1 3 -3
right_child=-2 2 -4 -5
leaf_value=0.014531681781868158 -0.042867999331591085 -0.056404282872361391 0.0032430976458179338 -0.051933816885351994
leaf_weight=8.8315570791601186 3.0747274580935473 1.8598335094575333 2.2090370824735146 1.6186940290644996
leaf_count=339 292 131 178 341
internal_value=-0.00227106 0.00632619 -0.011589 -0.054324
internal_weight=17.5938 14.5191 5.68756 3.47853
internal_count=1281 989 650 472
cat_boundaries=0 1
cat_threshold=289505282
is_linear=0
shrinkage=0.05


Tree=114
num_leaves=4
num_cat=0
split_feature=9 21 0
split_gain=2.02843 3.34091 1.74591
threshold=-0.13107299804687497 0.33224985972046855 5.5000000000000009
decision_type=2 2 2
left_child=-1 -2 -3
right_child=1 2 -4
leaf_value=0.023772769465984354 0.017215501662565601 -0.00015207530783683995 -0.049908101058630444
leaf_weight=4.2933238801197176 4.8558168419549466 2.5235680602781922 5.8504430061730091
leaf_count=330 239 353 365
internal_value=-0.00608959 -0.0157805 -0.0349138
internal_weight=17.5232 13.2298 8.37401
internal_count=1287 957 718
is_linear=0
shrinkage=0.05


Tree=115
num_leaves=6
num_cat=0
split_feature=19 10 10 19 12
split_gain=2.24543 2.74476 0.000111133 4.44199e-06 1.59442e-06
threshold=2.9445636034011846 0.049415406436279306 0.034837858220211168 0.43738036433027855 2.5645903348922734
decision_type=2 2 2 2 2
left_child=2 -2 3 -1 -5
right_child=1 -3 -4 4 -6
leaf_value=-0.050388705299246363 0.022489637030267108 -0.021861738770857925 -0.050937200390804842 -0.050291486552295143 -0.050167948260946109
leaf_weight=0.75762317999033557 6.2816469705139735 7.8451010228600353 1.0839889731723813 0.52208824167610124 0.52262895589228719
leaf_count=177 332 181 151 131 298
internal_value=-0.010351 -0.00214031 -0.0505371 -0.0502965 -0.0502297
internal_weight=17.0131 14.1267 2.88633 1.80234 1.04472
internal_count=1270 513 757 606 429
is_linear=0
shrinkage=0.05


Tree=116
num_leaves=5
num_cat=0
split_feature=7 10 6 6
split_gain=2.0166 2.25112 2.20815 0.58899
threshold=1001.3834838867189 0.038496002205679634 26.808059692382816 23.886947631835941
decision_type=2 2 2 2
left_child=-1 2 3 -2
right_child=1 -3 -4 -5
leaf_value=-0.024753276937008368 -0.0083896476993056968 0.033572585394448011 0.036878356423616886 -0.054476922923307393
leaf_weight=3.2080831299535957 1.1610753358982031 9.137045523413688 1.6323017215618163 1.7205069550545884
leaf_count=293 305 229 238 195
internal_value=0.0109183 0.0193014 -0.0095865 -0.035907
internal_weight=16.859 13.6509 4.51388 2.88158
internal_count=1260 967 738 500
is_linear=0
shrinkage=0.05


Tree=117
num_leaves=4
num_cat=0
split_feature=9 5 6
split_gain=2.35545 2.81258 0.376507
threshold=-0.13107299804687497 1.0976572036743166 27.339691162109379
decision_type=2 2 2
left_child=-1 -2 -3
right_child=1 2 -4
leaf_value=0.03381218487904563 0.0077719995877292896 -0.054312989741960555 -0.023247826155576731
leaf_weight=4.4092282081983312 8.5405611233145446 2.5579192362201857 1.5764979169325668
leaf_count=318 398 390 134
internal_value=0.00233458 -0.00861549 -0.0424675
internal_weight=17.0842 12.675 4.13442
internal_count=1240 922 524
is_linear=0
shrinkage=0.05


Tree=118
num_leaves=6
num_cat=0
split_feature=14 12 13 16 10
split_gain=2.13224 2.04536 1.02735 0.713324 0.00109468
threshold=-6.0091369152069083 6.3705642223358163 1.5776069760322573 1.8659784197807314 0.019548545224541431
decision_type=2 2 2 2 2
left_child=-1 3 -3 -2 -5
right_child=1 2 -4 4 -6
leaf_value=0.037062685483394545 -0.0036577882937961306 -0.011534756918110668 0.018399723828975822 -0.05159736731706499 -0.053660365699866958
leaf_weight=3.6155283288972013 1.0460489070974284 5.312344451696843 6.2248646725929575 1.2864409838657596 1.285658700217027
leaf_count=163 254 221 226 286 127
internal_value=0.00256079 -0.00567013 0.0046163 -0.0384705 -0.0526286
internal_weight=18.7709 15.1554 11.5372 3.61815 2.5721
internal_count=1277 1114 447 667 413
is_linear=0
shrinkage=0.05


Tree=119
num_leaves=4
num_cat=0
split_feature=3 21 22
split_gain=1.87642 2.41095 1.96266
threshold=75.750000000000014 0.47027534097433094 0.25446689128875738
decision_type=2 2 2
left_child=-1 2 -2
right_child=1 -3 -4
leaf_value=0.042189924214973619 0.0033372381974849093 0.030054810150234201 -0.041533395351971973
leaf_weight=2.8589401056524393 5.8178207360324432 4.1018237022799431 4.19376842888596
leaf_count=304 337 233 380
internal_value=0.0052516 -0.00223096 -0.0154587
internal_weight=16.9724 14.1134 10.0116
internal_count=1254 950 717
is_linear=0
shrinkage=0.05


Tree=120
num_leaves=6
num_cat=1
split_feature=4 15 14 10 10
split_gain=1.78289 2.02864 1.52031 0.00323854 0.000266711
threshold=0 4.3914852142333993 -4.7603323459625235 0.042031982354563006 0.025016469038208172
decision_type=9 2 2 2 2
left_child=1 -1 -2 4 -4
right_child=2 -3 3 -5 -6
leaf_value=0.047950211553145938 -0.003144063924936766 0.0025045803425845989 -0.050256861023538518 -0.054167302534128409 -0.051675633481919149
leaf_weight=4.6239219781418779 3.0291644136596014 5.2366187043080572 0.71048496314324638 1.8099692400428464 0.62058557505952194
leaf_count=156 196 280 353 141 113
internal_value=0.00371116 0.0118241 -0.0108435 -0.0527905 -0.0509183
internal_weight=16.0307 9.86054 6.1702 3.14104 1.33107
internal_count=1239 436 803 607 466
cat_boundaries=0 1
cat_threshold=22069250
is_linear=0
shrinkage=0.05


Tree=121
num_leaves=6
num_cat=0
split_feature=15 10 14 13 16
split_gain=2.53829 1.87354 4.00408 1.6878 1.28294
threshold=5.5348100662231454 0.075481630824372772 -4.2136528491973868 1.6177856326103213 3.2160427570343022
decision_type=2 2 2 2 2
left_child=1 2 -1 -2 -4
right_child=3 -3 4 -5 -6
leaf_value=0.048487539020318327 0.0067217349664727413 -0.016404879051218211 -0.054190266991207763 -0.053896052394124871 0.013708004033262253
leaf_weight=6.6049879680795129 2.0470276959240428 3.3278708392754188 1.5079691856954034 2.615536439785501 1.2915965110878458
leaf_count=235 248 73 381 210 106
internal_value=0.00427978 0.0158379 0.0272472 -0.0272827 -0.022865
internal_weight=17.395 12.7324 9.40455 4.66256 2.79957
internal_count=1253 795 722 458 487
is_linear=0
shrinkage=0.05


Tree=122
num_leaves=6
num_cat=0
split_feature=6 18 13 14 21
split_gain=1.6211 2.38484 3.38386 3.00448 0.682077
threshold=23.886947631835941 0.10555555555555557 1.5608872771263125 -5.4111909866332999 0.36363955140113835
decision_type=2 2 2 2 2
left_child=4 2 3 -2 -1
right_child=1 -3 -4 -5 -6
leaf_value=0.055534303713151205 0.018387820655719193 -0.043877979754687192 0.033102414982777127 -0.055046229435282236 0.011131678223012699
leaf_weight=1.6695156850037194 2.5329380690818653 3.1668331030814434 5.5206252403295366 3.0946480350103212 1.7945167456346096
leaf_count=156 115 239 265 290 244
internal_value=0.00183978 -0.00558725 0.00528986 -0.0219941 0.0325318
internal_weight=17.7791 14.315 11.1482 5.62759 3.46403
internal_count=1309 909 670 405 400
is_linear=0
shrinkage=0.05


Tree=123
num_leaves=4
num_cat=0
split_feature=22 5 11
split_gain=1.8682 2.88864 1.30227
threshold=0.34668464958667761 0.9840262532234193 0.063737503701661424
decision_type=2 2 2
left_child=1 -1 -3
right_child=-2 2 -4
leaf_value=-0.0043882528737369522 -0.02142669379801411 0.066153340334815305 0.022624542036909806
leaf_weight=7.6091642822138983 3.9998043051309642 2.8388487127813278 4.352893492745352
leaf_count=395 374 181 289
internal_value=0.00889264 0.0170862 0.039807
internal_weight=18.8007 14.8009 7.19174
internal_count=1239 865 470
is_linear=0
shrinkage=0.05


Tree=124
num_leaves=6
num_cat=0
split_feature=22 22 22 9 9
split_gain=2.25222 2.02881 1.76014 3.26897 2.08524
threshold=0.36880283057689672 0.18614424020051959 0.22973516583442691 -0.13107299804687497 0.10687255859375001
decision_type=2 2 2 2 2
left_child=1 -1 -3 -4 -5
right_child=-2 2 3 4 -6
leaf_value=-0.029223366747249287 -0.042139145463929328 0.044428527165176444 0.045946490967328522 -0.054509011932373209 0.0096160306384675126
leaf_weight=3.1822789053258047 2.8915854074584777 3.6765628347930015 2.7954076669411734 2.454172037600074 2.6224915124184918
leaf_count=228 287 151 168 260 178
internal_value=-0.00179424 0.00612521 0.0158657 0.00252572 -0.0213834
internal_weight=17.6225 14.7309 11.5486 7.87207 5.07666
internal_count=1272 985 757 606 438
is_linear=0
shrinkage=0.05


Tree=125
num_leaves=4
num_cat=0
split_feature=9 21 9
split_gain=1.35324 2.87248 4.26511
threshold=-0.13107299804687497 0.33315299749374394 0.071517944335937514
decision_type=2 2 2
left_child=-1 -2 -3
right_child=1 2 -4
leaf_value=0.033218801229681703 0.030017884037223955 -0.057445366459401737 0.014341874491550178
leaf_weight=4.5480518722470178 5.473367772443452 3.6261617530835775 4.8184775626286864
leaf_count=312 240 339 372
internal_value=0.00954072 0.00180333 -0.0164839
internal_weight=18.4661 13.918 8.44464
internal_count=1263 951 711
is_linear=0
shrinkage=0.05


Tree=126
num_leaves=5
num_cat=0
split_feature=12 21 16 15
split_gain=2.21651 1.3786 1.37072 0.644565
threshold=5.0383269786834726 0.44947255551815041 3.9246426820755009 6.335224151611329
decision_type=2 2 2 2
left_child=3 2 -2 -1
right_child=1 -3 -4 -5
leaf_value=-0.053037366100497363 -0.019647311164182332 0.032548013056614505 0.017266426104528117 -0.0058310839304590682
leaf_weight=2.1620612446568006 5.1257303134334489 4.206931206805165 4.9371940935379826 1.0865008915134238
leaf_count=371 271 257 152 213
internal_value=2.64076e-05 0.00851222 -0.00153625 -0.0372489
internal_weight=17.5184 14.2699 10.0629 3.24856
internal_count=1264 680 423 584
is_linear=0
shrinkage=0.05


Tree=127
num_leaves=6
num_cat=0
split_feature=10 7 14 7 10
split_gain=3.49775 1.94522 0.00422632 0.000388687 0.000101341
threshold=0.027679309937374458 1002.492889404297 -6.1332604885101309 1003.8211669921876 0.014565543959519292
decision_type=2 2 2 2 2
left_child=2 -2 -1 -4 -5
right_child=1 -3 3 4 -6
leaf_value=-0.055235563749131959 -0.016962870933065585 0.022339665132705345 -0.052142536996539146 -0.050410907377064197 -0.051211407061321226
leaf_weight=0.88875970157096285 5.4284855722798948 7.4948493980336934 0.73232796438969883 0.92310556718439307 0.69157361920224503
leaf_count=75 251 250 183 300 187
internal_value=-0.0058096 0.00583052 -0.0522991 -0.0511871 -0.0507538
internal_weight=16.1591 12.9233 3.23577 2.34701 1.61468
internal_count=1246 501 745 670 487
is_linear=0
shrinkage=0.05


Tree=128
num_leaves=4
num_cat=0
split_feature=9 13 6
split_gain=2.4993 3.33897 1.42063
threshold=0.21475219726562503 1.4011854529380801 24.935607910156254
decision_type=2 2 2
left_child=1 -1 -3
right_child=-2 2 -4
leaf_value=-0.047388804266375838 0.041920881638342726 -0.01631044146030218 0.021763221328005081
leaf_weight=4.1719212246534907 2.7969351587671545 4.2167342469037958 5.8476931774785044
leaf_count=310 213 329 389
internal_value=-0.00128951 -0.00977881 0.00581134
internal_weight=17.0333 14.2363 10.0644
internal_count=1241 1028 718
is_linear=0
shrinkage=0.05


Tree=129
num_leaves=6
num_cat=0
split_feature=14 14 14 12 8
split_gain=2.38005 2.08219 2.69493 2.2332 2.04626
threshold=-6.0091369152069083 -5.1089437007904044 -4.2136528491973868 7.2135627269744882 -0.16268377751111981
decision_type=2 2 2 2 2
left_child=-1 -2 -3 4 -4
right_child=1 2 3 -5 -6
leaf_value=0.036786649550607044 -0.03953399078351922 0.035197229944430052 0.053004425397272306 -0.055607757143274678 -0.028578549360142008
leaf_weight=3.5370233814464909 4.0006979290628815 3.9178247979143634 1.4201696138479749 2.374368136152043 1.6752549947850601
leaf_count=160 184 151 136 235 370
internal_value=0.000308053 -0.00932913 0.0035432 -0.0191295 0.00885142
internal_weight=16.9253 13.3883 9.38762 5.46979 3.09542
internal_count=1236 1076 892 741 506
is_linear=0
shrinkage=0.05


Tree=130
num_leaves=5
num_cat=0
split_feature=22 14 14 12
split_gain=1.95263 2.49232 1.79058 2.33159
threshold=0.36880283057689672 -4.8422727584838858 -4.2136528491973868 6.9141666889190683
decision_type=2 2 2 2
left_child=1 -1 -3 -4
right_child=-2 2 3 -5
leaf_value=-0.013176817166747574 -0.037391531402434029 0.057205563153995068 0.038651203119743321 -0.034735818058056027
leaf_weight=6.9251268251100564 2.7568860988103543 3.1411660926241902 2.5820392821769929 1.8633895036473402
leaf_count=345 289 99 346 187
internal_value=0.00118304 0.0085113 0.0283084 0.00788958
internal_weight=17.2686 14.5117 7.58659 4.44543
internal_count=1266 977 632 533
is_linear=0
shrinkage=0.05


Tree=131
num_leaves=5
num_cat=0
split_feature=16 13 21 13
split_gain=1.55301 2.26948 4.33338 3.14165
threshold=4.3201024532318124 1.7180052399635317 0.36141258925199515 1.5760324597358706
decision_type=2 2 2 2
left_child=1 3 -3 -1
right_child=-2 2 -4 -5
leaf_value=0.0031848199191612525 -0.027773211789596037 0.037495806241206651 -0.055594100945269891 0.063530961019499677
leaf_weight=5.7145429161755619 3.1331160542613352 2.1904336156585478 2.9122691467782715 3.4641632027778542
leaf_count=342 283 124 321 185
internal_value=0.0041053 0.0110989 -0.0156335 0.0259602
internal_weight=17.4145 14.2814 5.1027 9.17871
internal_count=1255 972 445 527
is_linear=0
shrinkage=0.05


Tree=132
num_leaves=4
num_cat=0
split_feature=5 9 12
split_gain=3.3185 2.38521 3.07804
threshold=0.45327743887901312 -0.13107299804687497 6.9141666889190683
decision_type=2 2 2
left_child=-1 -2 -3
right_child=1 2 -4
leaf_value=-0.041350571210758885 0.042525364908993828 0.028219135708167559 -0.032594944399600943
leaf_weight=4.0672239700797972 3.9906789433298409 3.8731437253591103 4.4959296462184284
leaf_count=381 235 387 267
internal_value=-0.00217476 0.0107168 -0.00445065
internal_weight=16.427 12.3598 8.36907
internal_count=1270 889 654
is_linear=0
shrinkage=0.05


Tree=133
num_leaves=8
num_cat=0
split_feature=5 5 8 3 5 10 10
split_gain=1.39996 1.61386 1.12336 1.17919 0.00142709 5.4594e-05 8.79471e-06
threshold=1.5340796709060671 1.9892605543136599 -0.039395853877067559 78.750000000000014 2.880393505096436 0.061780079415278667 0.035681216931216939
decision_type=2 2 2 2 2 2 2
left_child=2 -2 -1 -4 -3 6 -6
right_child=1 4 3 -5 5 -7 -8
leaf_value=0.025058381644147781 0.022994191496208131 -0.053268624238041552 0.015155588839941937 -0.022275139944729662 -0.050151306236508868 -0.050941022406936071 -0.050468575208071645
leaf_weight=6.4889816865033927 1.0907711848558386 0.73415243210911318 4.4327951657178364 4.0052529111562762 0.4251586872487676 0.57666506973328069 0.44921138329664245
leaf_count=174 56 84 333 129 333 81 105
internal_value=0.00292108 -0.0266777 0.00941697 -0.0026115 -0.0514722 -0.0505634 -0.0503143
internal_weight=18.203 3.27596 14.927 8.43805 2.18519 1.45104 0.87437
internal_count=1295 659 636 462 603 519 438
is_linear=0
shrinkage=0.05


Tree=134
num_leaves=6
num_cat=0
split_feature=16 19 2 22 20
split_gain=2.3163 2.32283 2.19141 1.99112 2.19052
threshold=1.8347908258438113 8.4151638716459285 23.250000000000004 0.1974187567830086 1.3635665893554691
decision_type=2 2 2 2 2
left_child=2 3 -1 -2 -5
right_child=1 -3 -4 4 -6
leaf_value=0.079420065510821633 -0.05662509210858499 0.026805483100973623 -0.0023215228335585212 -0.042782102916825729 0.012008350323190892
leaf_weight=1.6047698288603016 2.8046857564768271 3.4384496556012882 1.6765206550699074 2.8420618949458003 5.0936549268735689
leaf_count=77 168 67 331 246 375
internal_value=-0.000201054 -0.00896189 0.0376556 -0.0204125 -0.00761406
internal_weight=17.4601 14.1789 3.28129 10.7404 7.93572
internal_count=1264 856 408 789 621
is_linear=0
shrinkage=0.05


Tree=135
num_leaves=6
num_cat=1
split_feature=4 19 21 19 2
split_gain=1.52728 2.06473 0.011557 0.000696395 2.59164e-05
threshold=0 4.0082207307219511 0.31126556005328898 3.0816715158522134 21.75
decision_type=9 2 2 2 2
left_child=-1 2 -2 4 -4
right_child=1 -3 3 -5 -6
leaf_value=0.012889949826352094 -0.058118418014023024 -0.0018471772204395739 -0.050656372838791722 -0.052516052561278094 -0.050154224636371106
leaf_weight=7.4731405659986194 0.95467017134069676 7.0932123924430925 0.5435871925728859 0.64272790259565216 0.48729117735638283
leaf_count=382 69 273 149 81 292
internal_value=0.00412409 -0.00782475 -0.0537285 -0.0512244 -0.050419
internal_weight=17.1946 9.72149 2.62828 1.67361 1.03088
internal_count=1246 864 591 522 441
cat_boundaries=0 1
cat_threshold=290504704
is_linear=0
shrinkage=0.05


Tree=136
num_leaves=6
num_cat=0
split_feature=16 5 16 15 5
split_gain=1.85022 1.89817 3.19521 1.11741 0.0197186
threshold=4.2450644969940194 0.63337150216102611 3.2281483411788945 5.3129005432128915 1.1884568929672243
decision_type=2 2 2 2 2
left_child=1 -1 3 4 -3
right_child=-2 2 -4 -5 -6
leaf_value=0.034984638436065453 -0.030828517830017027 -0.060607962205073855 0.027109214343809526 -0.0023585071757585511 -0.051853177181161003
leaf_weight=4.6104065128602114 3.6946666624280615 1.1560500500490873 3.9407444406824652 1.5718367495283017 1.4497226493986088
leaf_count=304 299 42 111 117 396
internal_value=0.000321312 0.0093629 -0.00518766 -0.0356533 -0.0557372
internal_weight=16.4234 12.7288 8.11835 4.17761 2.60577
internal_count=1269 970 666 555 438
is_linear=0
shrinkage=0.05


Tree=137
num_leaves=6
num_cat=0
split_feature=21 7 3 10 7
split_gain=1.80632 1.88085 1.33808 2.18359 0.365053
threshold=0.47027534097433094 1002.1186523437501 77.250000000000014 0.060734963960770418 1006.2784729003907
decision_type=2 2 2 2 2
left_child=1 -1 -3 4 -4
right_child=-2 2 3 -5 -6
leaf_value=-0.045254731852692867 0.028822914345735341 0.028640237859406833 -0.055741236022100717 0.013995889324565426 -0.02263794826287778
leaf_weight=2.9374539761920486 3.8814226706017498 2.9358118593809177 1.8555446383543315 3.9267297730548307 1.5110102106773409
leaf_count=227 268 287 165 61 278
internal_value=-0.00115297 -0.00998969 0.000137246 -0.0113362 -0.0408835
internal_weight=17.048 13.1666 10.2291 7.29328 3.36655
internal_count=1286 1018 791 504 443
is_linear=0
shrinkage=0.05


Tree=138
num_leaves=7
num_cat=0
split_feature=5 5 10 22 14 5
split_gain=2.06516 2.61949 2.20959 0.440433 0.00178152 5.03618e-05
threshold=1.5340796709060671 0.9840262532234193 0.042539682539682551 0.2182537838816643 -3.2215402126312251 4.683908462524415
decision_type=2 2 2 2 2 2
left_child=1 2 -1 -2 -5 -6
right_child=3 -3 -4 4 5 -7
leaf_value=-0.03966815855760325 -0.0089183215310053437 0.037930726264612136 0.012639815108584296 -0.053658927363627054 -0.050965091798006991 -0.050311377862508659
leaf_weight=3.4211689727380854 0.85212027242232702 4.6803750335238865 4.9256315997918136 0.81343553392798562 0.55643265711842149 0.62616984234045958
leaf_count=397 143 101 113 86 130 298
internal_value=-0.000442954 0.00798927 -0.00880007 -0.0390111 -0.0518578 -0.050619
internal_weight=15.8753 13.0272 8.3468 2.84816 1.99604 1.1826
internal_count=1268 611 510 657 514 428
is_linear=0
shrinkage=0.05


Tree=139
num_leaves=5
num_cat=0
split_feature=10 13 20 22
split_gain=1.77259 2.1977 2.12155 0.749187
threshold=0.073181003584229395 1.7180052399635317 1.3374938964843752 0.22333633899688723
decision_type=2 2 2 2
left_child=1 2 -1 -3
right_child=-2 3 -4 -5
leaf_value=-0.013181203770071988 -0.040369667500943292 -0.0067763391826569505 0.03758968394769386 -0.053849539559953322
leaf_weight=3.926219443586886 3.6852972647757278 1.4606591433403076 4.3233699106713175 2.0061538937225123
leaf_count=308 104 132 373 327
internal_value=-0.0101249 -0.00061167 0.0134263 -0.0340164
internal_weight=15.4017 11.7164 8.24959 3.46681
internal_count=1244 1140 681 459
is_linear=0
shrinkage=0.05


Tree=140
num_leaves=6
num_cat=0
split_feature=14 15 15 14 19
split_gain=1.61337 2.19345 1.30378 0.00193025 2.41459e-05
threshold=-3.3560383319854732 5.1429405212402353 6.1365938186645517 -2.6246061325073238 6.7118502140045173
decision_type=2 2 2 2 2
left_child=1 -1 3 -2 -5
right_child=2 -3 -4 4 -6
leaf_value=0.028511121839499283 -0.053717138785574485 -0.012459132311090266 0.021703444514940003 -0.050187247712928276 -0.050656001211127712
leaf_weight=9.2224242600786983 0.75262513472989678 5.0588593946013125 0.89565677272912569 0.52717477648547995 0.57368261308874935
leaf_count=290 67 354 96 354 104
internal_value=0.00724613 0.0139982 -0.0278298 -0.0517657 -0.0504315
internal_weight=17.0304 14.2813 2.74914 1.85348 1.10086
internal_count=1265 644 621 525 458
is_linear=0
shrinkage=0.05


Tree=141
num_leaves=5
num_cat=0
split_feature=16 18 21 5
split_gain=1.65443 1.50723 1.36496 1.21067
threshold=4.3201024532318124 0.10555555555555557 0.46701228022575386 0.9840262532234193
decision_type=2 2 2 2
left_child=1 2 3 -1
right_child=-2 -3 -4 -5
leaf_value=-0.013048408223187813 -0.030631562986993197 -0.018216907685375067 0.046351921411663943 0.029946320538020228
leaf_weight=3.6043714121333341 3.2315693431301034 3.6474419306759946 3.1805141476215795 3.0001854991569417
leaf_count=195 286 337 155 278
internal_value=0.00148841 0.00921578 0.0194415 0.00648237
internal_weight=16.6641 13.4325 9.78507 6.60456
internal_count=1251 965 628 473
is_linear=0
shrinkage=0.05


Tree=142
num_leaves=6
num_cat=1
split_feature=4 22 5 19 19
split_gain=1.41855 2.86353 1.24125 0.00648325 0.000668021
threshold=0 0.3679353147745133 0.9840262532234193 5.1119630396366125 3.6625482439994816
decision_type=9 2 2 2 2
left_child=2 3 -1 4 -2
right_child=1 -3 -4 -5 -6
leaf_value=0.0022038741023486064 -0.050427550096888984 0.029789914877464258 0.034242854867144942 -0.055675693293535389 -0.052544174617096942
leaf_weight=6.0455085741705243 0.81354155131703298 1.4171973540360339 6.0466416655399371 2.1582968623843044 0.6880344171077013
leaf_count=303 368 153 246 129 70
internal_value=0.00380065 -0.0102887 0.00997539 -0.0539204 -0.0513974
internal_weight=17.1692 5.07707 12.0922 3.65987 1.50158
internal_count=1269 720 549 567 438
cat_boundaries=0 1
cat_threshold=289505314
is_linear=0
shrinkage=0.05


Tree=143
num_leaves=5
num_cat=0
split_feature=11 5 5 22
split_gain=1.22402 2.53829 1.40404 1.61983
threshold=0.11155913978494625 0.63337150216102611 0.87902200222015392 0.3040862381458283
decision_type=2 2 2 2
left_child=2 -2 -1 -4
right_child=1 -3 3 -5
leaf_value=-0.031615133741777733 0.050528957396358834 -0.0102770860247907 0.02988434017221276 -0.024963256582557426
leaf_weight=4.0355950088123809 3.2541434688027939 3.6316753133069142 3.247428213020612 2.2992598960772739
leaf_count=276 200 291 252 267
internal_value=0.00237853 0.018459 -0.0091769 0.00714845
internal_weight=16.4681 6.88582 9.58228 5.54669
internal_count=1286 491 795 519
is_linear=0
shrinkage=0.05


Tree=144
num_leaves=5
num_cat=1
split_feature=4 5 5 6
split_gain=2.29093 1.28153 3.498 0.314021
threshold=0 1.0261367559432986 1.2221831679344179 23.813552856445316
decision_type=9 2 2 2
left_child=-1 -2 -3 -4
right_child=1 2 3 -5
leaf_value=0.011912831431991793 -0.047424670906879955 0.041286602727380051 -0.022022116241851877 -0.054212816271482882
leaf_weight=4.8944565600540955 5.2559175735514128 1.920867347391322 1.1491239347087687 2.2235172220462118
leaf_count=338 332 28 241 338
internal_value=-0.00895942 -0.015368 -0.0125707 -0.0432448
internal_weight=15.4439 10.5494 5.29351 3.37264
internal_count=1277 939 607 579
cat_boundaries=0 1
cat_threshold=356532224
is_linear=0
shrinkage=0.05


Tree=145
num_leaves=7
num_cat=0
split_feature=12 9 22 19 19 12
split_gain=3.35203 1.26228 3.22387 0.0055758 0.000471057 2.32095e-06
threshold=5.0383269786834726 -0.12796020507812497 0.25446689128875738 4.0082207307219511 2.0611747677127528 2.1572453975677495
decision_type=2 2 2 2 2 2
left_child=3 -2 -3 4 5 -1
right_child=1 2 -4 -5 -6 -7
leaf_value=-0.050363564681695387 0.031577087134927857 0.028800343482524318 -0.032803435458200948 -0.055264314154195228 -0.05194595992851813 -0.050222065760176265
leaf_weight=0.63813041761750466 3.4154772603942538 3.9425556076021149 4.6035623004208901 1.2167033092991912 0.69105841100099485 0.53090557992982212
leaf_count=172 159 174 339 50 106 267
internal_value=-0.00608805 0.00588426 -0.00438394 -0.0526325 -0.0509111 -0.0502993
internal_weight=15.0384 11.9616 8.54612 3.0768 1.86009 1.16904
internal_count=1267 672 513 595 545 439
is_linear=0
shrinkage=0.05


Tree=146
num_leaves=6
num_cat=0
split_feature=7 7 14 14 12
split_gain=2.11178 3.58833 1.37891 0.919717 2.86025
threshold=1006.0771484375001 1006.9838867187501 -4.8789007663726798 -4.3060588836669913 6.9141666889190683
decision_type=2 2 2 2 2
left_child=2 -2 -1 -4 -5
right_child=1 -3 3 4 -6
leaf_value=-0.02836344925289119 0.10444667083976476 -0.014105077858843696 0.028229237030528875 0.03049785545504102 -0.054396983230584783
leaf_weight=4.8640721764968466 1.2140664150938403 1.345874063670635 2.8383742729492942 2.1320327602079492 1.8557436784103627
leaf_count=278 78 365 64 234 213
internal_value=0.000986682 0.0421188 -0.00802048 0.0064752 -0.00900864
internal_weight=14.2502 2.55994 11.6902 6.82615 3.98778
internal_count=1232 443 789 511 447
is_linear=0
shrinkage=0.05


Tree=147
num_leaves=6
num_cat=0
split_feature=16 19 6 11 19
split_gain=1.67382 1.7235 1.65241 2.47042 0.90867
threshold=1.8347908258438113 8.4151638716459285 24.935607910156254 0.10948485318444996 4.2492608027532706
decision_type=2 2 2 2 2
left_child=-1 2 -2 4 -4
right_child=1 -3 3 -5 -6
leaf_value=0.038463601787614786 -0.049032397858721204 0.026915358691184551 -0.0056304895761801962 0.029323245768120405 -0.054188810899398698
leaf_weight=2.727053835580592 2.6262685062174551 3.2494178180349982 1.9389040698879401 3.2709936461178586 1.9149535412434486
leaf_count=392 194 71 328 191 90
internal_value=0.0028491 -0.00462157 -0.0151308 -0.00263442 -0.0297588
internal_weight=15.7276 13.0005 9.75112 7.12485 3.85386
internal_count=1266 874 803 609 418
is_linear=0
shrinkage=0.05


Tree=148
num_leaves=6
num_cat=1
split_feature=4 3 7 12 10
split_gain=1.257 1.55515 0.900418 0.00622921 9.61125e-05
threshold=0 78.750000000000014 1003.4640197753907 7.3866827487945566 0.016604631927212576
decision_type=9 2 2 2 2
left_child=1 -1 -2 4 -4
right_child=2 -3 3 -5 -6
leaf_value=0.042182400858915975 -0.0088423587464610057 0.0057259946061928059 -0.05050094635017191 -0.056628788979707412 -0.051419231440996582
leaf_weight=5.0983398731041216 2.6644893608754527 6.8630430000193883 0.57791779478429794 0.8396949301168205 0.56209225219936343
leaf_count=275 218 288 270 94 142
internal_value=0.00753716 0.0115821 -0.00882254 -0.0533608 -0.0509537
internal_weight=16.6056 11.9614 4.64419 1.9797 1.14001
internal_count=1287 563 724 506 412
cat_boundaries=0 1
cat_threshold=89178114
is_linear=0
shrinkage=0.05


Tree=149
num_leaves=5
num_cat=0
split_feature=16 20 9 19
split_gain=2.28847 0.979631 2.32646 1.42032
threshold=4.2450644969940194 2.0939254760742192 -0.13107299804687497 5.3210528105497366
decision_type=2 2 2 2
left_child=1 2 -1 -4
right_child=-2 -3 3 -5
leaf_value=0.045426578061839251 -0.030732555183633371 0.043261758245894455 -0.034977551043990501 0.011999449525325806
leaf_weight=3.1025563832954486 3.1233325528955911 2.7835126231657332 2.6982015717876493 3.9858439892705064
leaf_count=171 302 307 379 125
internal_value=0.00757142 0.0170889 0.00964482 -0.00696413
internal_weight=15.6934 12.5701 9.7866 6.68405
internal_count=1284 982 675 504
is_linear=0
shrinkage=0.05


Tree=150
num_leaves=5
num_cat=0
split_feature=3 6 8 5
split_gain=2.56531 2.30983 1.80925 0.930426
threshold=75.750000000000014 24.005249023437504 -0.56867524981498707 0.95094442367553722
decision_type=2 2 2 2
left_child=-1 -2 -3 -4
right_child=1 2 3 -5
leaf_value=0.041952539387536215 0.0262682990725648 0.0080486395554379229 -0.055858646584718202 -0.017738025998966993
leaf_weight=2.6591798087611105 2.9766339035122646 2.9767631388676801 3.6255427959549706 2.8660093000871711
leaf_count=316 334 121 205 283
internal_value=-0.00262484 -0.0121499 -0.0242278 -0.0390285
internal_weight=15.1041 12.4449 9.46832 6.49155
internal_count=1259 943 609 488
is_linear=0
shrinkage=0.05


Tree=151
num_leaves=4
num_cat=0
split_feature=3 12 5
split_gain=1.34385 1.6018 2.13117
threshold=75.750000000000014 6.6705873012542733 1.2221831679344179
decision_type=2 2 2
left_child=-1 2 -2
right_child=1 -3 -4
leaf_value=0.035574326308446452 -0.054161177752584715 0.0090043988472281698 0.015034928969291912
leaf_weight=2.4932297861669221 2.9108696643379508 8.0397065125725913 1.8013490293014909
leaf_count=311 274 338 330
internal_value=0.0020016 -0.00456247 -0.0277094
internal_weight=15.2452 12.7519 4.71222
internal_count=1253 942 604
is_linear=0
shrinkage=0.05


Tree=152
num_leaves=7
num_cat=0
split_feature=14 8 20 22 5 14
split_gain=1.58265 1.90811 2.64954 0.587904 0.221369 0.00400205
threshold=-6.0091369152069083 -1.3422323465347288 1.5225677490234377 0.25322011113166815 0.27466662228107458 -4.677015781402587
decision_type=2 2 2 2 2 2
left_child=-1 -2 3 -3 -4 -6
right_child=1 2 4 -5 5 -7
leaf_value=0.034561661537582326 0.039638808086804887 0.024918170985650943 -0.028518573465403148 -0.0066174758542401763 -0.055313746137370091 -0.051362977160770568
leaf_weight=3.4791055569658065 2.090817476695519 2.7804477985482645 1.3707029555807824 3.1547256012418075 1.3269110202672876 1.240038678355633
leaf_count=161 108 173 143 248 55 380
internal_value=0.00487928 -0.00375255 -0.0129417 0.00815601 -0.0447421 -0.0534052
internal_weight=15.4427 11.9636 9.87283 5.93517 3.93765 2.56695
internal_count=1268 1107 999 421 578 435
is_linear=0
shrinkage=0.05


Tree=153
num_leaves=6
num_cat=0
split_feature=19 5 10 12 12
split_gain=3.06501 1.02847 0.00297099 1.03209e-05 7.53404e-06
threshold=3.1036589161492887 0.9840262532234193 0.060734963960770418 5.3340163230896005 2.2460080385208134
decision_type=2 2 2 2 2
left_child=2 -2 3 4 -1
right_child=1 -3 -4 -5 -6
leaf_value=-0.050491053065624451 -0.0081567778035412913 0.019584236265807114 -0.054199047691657322 -0.050633545705193531 -0.050260072959760753
leaf_weight=0.81728632049635386 6.4584036611486209 6.9219697141670622 0.71722486548242148 0.6330315955201512 0.62149989254248794
leaf_count=202 96 395 69 190 318
internal_value=-0.00374448 0.00619428 -0.0514255 -0.0504653 -0.0503913
internal_weight=16.1694 13.3804 2.78904 2.07182 1.43879
internal_count=1270 491 779 710 520
is_linear=0
shrinkage=0.05


Tree=154
num_leaves=4
num_cat=0
split_feature=14 13 20
split_gain=2.0055 1.6022 1.34781
threshold=-4.8789007663726798 1.6319407224655154 1.4792053222656254
decision_type=2 2 2
left_child=-1 -2 -3
right_child=1 2 -4
leaf_value=-0.023756324311495887 0.032242389348317586 0.024523333418309024 -0.037967067456813226
leaf_weight=6.5882383131829565 4.7366031561105029 1.4701107153450723 2.0889305411546957
leaf_count=377 399 105 362
internal_value=-0.00316124 0.013195 -0.0121546
internal_weight=14.8839 8.29564 3.55904
internal_count=1243 866 467
is_linear=0
shrinkage=0.05


Tree=155
num_leaves=5
num_cat=0
split_feature=13 8 15 22
split_gain=1.96455 2.15352 2.65481 1.28096
threshold=1.7462478280067446 -0.585009604692459 4.3452434539794931 0.22973516583442691
decision_type=2 2 2 2
left_child=1 -1 -3 -2
right_child=3 2 -4 -5
leaf_value=0.056247967898486878 0.0042470971126338302 0.024537481605867537 -0.031776034002086354 -0.053830205692171146
leaf_weight=2.6986243887222363 1.9290120569567091 6.2085275607605563 3.1571859312389279 1.8696436810496377
leaf_count=133 135 329 368 303
internal_value=0.00702013 0.0168937 0.00555417 -0.0243377
internal_weight=15.863 12.0643 9.36571 3.79866
internal_count=1268 830 697 438
is_linear=0
shrinkage=0.05


Tree=156
num_leaves=4
num_cat=0
split_feature=14 10 11
split_gain=2.03779 2.25596 0.708821
threshold=-5.1089437007904044 0.038496002205679634 0.065808519437551713
decision_type=2 2 2
left_child=-1 2 -2
right_child=1 -3 -4
leaf_value=-0.02517782126780815 0.010632957268688709 0.027057414429514495 -0.05160373752061316
leaf_weight=5.9064157485699988 0.66651999946770812 6.6807002866698895 1.4587879378159412
leaf_count=353 234 276 384
internal_value=-0.00245643 0.0127834 -0.0320856
internal_weight=14.7124 8.80601 2.12531
internal_count=1247 894 618
is_linear=0
shrinkage=0.05


Tree=157
num_leaves=4
num_cat=0
split_feature=7 21 15
split_gain=1.59768 1.47078 1.52765
threshold=1002.0372314453126 0.42176683098077777 3.2711534500122075
decision_type=2 2 2
left_child=-1 2 -2
right_child=1 -3 -4
leaf_value=-0.031581312990639272 -0.012863392304359934 -0.019837796981559273 0.032714191826429977
leaf_weight=3.5162033285669176 2.7016388632255239 3.646191771116718 5.7544263696909184
leaf_count=343 305 327 293
internal_value=-0.00191309 0.00670675 0.0181526
internal_weight=15.6185 12.1023 8.45607
internal_count=1268 925 598
is_linear=0
shrinkage=0.05


Tree=158
num_leaves=8
num_cat=0
split_feature=20 21 8 20 14 9 12
split_gain=2.9075 3.16301 2.39368 2.31882 0.783599 0.210318 0.00369063
threshold=1.3374938964843752 0.32020341058572138 -1.3422323465347288 1.4244110107421877 -4.633600950241088 -0.20571899414062497 7.477614402770997
decision_type=2 2 2 2 2 2 2
left_child=4 -2 -3 -4 -1 -5 -7
right_child=1 2 3 5 -6 6 -8
leaf_value=-0.057992961474911668 0.054636865954507154 0.044880356885874217 0.027499020139460685 -0.026970922822586754 -0.016508184967169204 -0.051648119828909725 -0.055481623096607993
leaf_weight=2.1591419891919941 3.0324392745678761 1.695795926687423 1.5547157443797921 1.0750392654299492 2.4075662429750091 1.4150039126761855 1.1286012605160065
leaf_count=157 127 88 55 134 246 377 100
internal_value=-0.0031178 0.0121041 -0.00667224 -0.0235709 -0.0361222 -0.0455125 -0.0533491
internal_weight=14.4683 9.9016 6.86916 5.17336 4.56671 3.61864 2.54361
internal_count=1284 881 754 666 403 611 477
is_linear=0
shrinkage=0.05


Tree=159
num_leaves=6
num_cat=0
split_feature=14 19 8 19 12
split_gain=1.71237 1.95645 0.950841 0.00685633 7.10093e-05
threshold=-6.0091369152069083 4.0463237285614015 -0.14879849553108213 2.9855098247528082 5.5949556827545175
decision_type=2 2 2 2 2
left_child=-1 2 -2 4 -4
right_child=1 -3 3 -5 -6
leaf_value=0.034738230632623671 0.0090409095727718002 0.0077321895728594096 -0.050257747277468068 -0.055819969422025488 -0.050981595827988696
leaf_weight=3.4691097150935102 0.82179522952355766 8.2729017339297553 0.79511908475979109 1.125417490606196 0.59038602736109169
leaf_count=170 210 343 350 79 135
internal_value=0.00391567 -0.0052977 -0.0376422 -0.052921 -0.0505662
internal_weight=15.0747 11.6056 3.33272 2.51092 1.38551
internal_count=1287 1117 774 564 485
is_linear=0
shrinkage=0.05


Tree=160
num_leaves=4
num_cat=0
split_feature=16 16 10
split_gain=1.76844 2.39865 1.10797
threshold=3.150794625282288 1.8347908258438113 0.049415406436279306
decision_type=2 2 2
left_child=1 -1 -2
right_child=2 -3 -4
leaf_value=0.014539315989779989 0.038031895643855763 -0.05340575872325859 0.004206335186533107
leaf_weight=2.8103276395377188 4.3344903816687275 2.4153098733222578 5.483612714917399
leaf_count=398 355 337 163
internal_value=0.0066329 -0.0168652 0.0191396
internal_weight=15.0437 5.22564 9.8181
internal_count=1253 735 518
is_linear=0
shrinkage=0.05


Tree=161
num_leaves=5
num_cat=0
split_feature=7 13 5 13
split_gain=1.73149 1.39975 1.17692 0.728826
threshold=1002.0372314453126 1.6319407224655154 0.9840262532234193 1.9469128251075747
decision_type=2 2 2 2
left_child=-1 2 -2 -3
right_child=1 3 -4 -5
leaf_value=-0.033587745632710796 0.00065465879050288116 -0.030247025119945592 0.043171192740722127 0.0082596145502618762
leaf_weight=3.3470174760805103 3.165354660668525 2.7028635949172894 3.3506712114976835 2.2532548002927797
leaf_count=358 202 307 250 139
internal_value=-0.0019459 0.00728566 0.0225175 -0.0127403
internal_weight=14.8192 11.4721 6.51603 4.95612
internal_count=1256 898 452 446
is_linear=0
shrinkage=0.05


Tree=162
num_leaves=5
num_cat=0
split_feature=3 6 21 11
split_gain=1.0832 1.98674 2.50752 0.124197
threshold=75.750000000000014 23.886947631835941 0.46193680039473944 0.085030864197530878
decision_type=2 2 2 2
left_child=-1 -2 3 -3
right_child=1 2 -4 -5
leaf_value=0.038903058903084396 0.041144381595115881 -0.032376758276206945 0.027311080242027913 -0.018509227100645943
leaf_weight=2.6563923138601249 2.7881836214182831 3.0590565504971874 3.5321114263206255 3.4191573798452737
leaf_count=312 330 208 217 192
internal_value=0.00984784 0.00381729 -0.00657946 -0.0250576
internal_weight=15.4549 12.7985 10.0103 6.47821
internal_count=1259 947 617 400
is_linear=0
shrinkage=0.05


Tree=163
num_leaves=5
num_cat=0
split_feature=9 5 12 15
split_gain=0.953255 2.18886 2.21074 0.78132
threshold=-0.17413330078124997 0.46414056420326238 6.9141666889190683 3.7587909698486333
decision_type=2 2 2 2
left_child=-1 -2 3 -3
right_child=1 2 -4 -5
leaf_value=-0.013291734629286865 0.052017796787551633 0.04972311677503459 -0.020046367110832339 0.0086913485588208297
leaf_weight=3.2082066811926788 3.3258181851851978 2.2946572834734962 4.5581234644923825 2.3466767759018694
leaf_count=259 316 234 285 182
internal_value=0.0110261 0.0172548 0.00468718 0.0289773
internal_weight=15.7335 12.5253 9.19946 4.64133
internal_count=1276 1017 701 416
is_linear=0
shrinkage=0.05


Tree=164
num_leaves=5
num_cat=0
split_feature=0 22 15 10
split_gain=2.16051 1.43246 1.07005 0.00388868
threshold=5.5000000000000009 0.24381559342145923 3.1350679397583012 0.038496002205679634
decision_type=2 2 2 2
left_child=2 -2 -1 -4
right_child=1 -3 3 -5
leaf_value=0.0069147165328203048 0.031124500707260468 -0.004350497357130622 -0.051486970265177949 -0.055615363707756153
leaf_weight=1.0781215371753217 5.126025313002172 6.3965884056888171 1.1522525616237547 1.1295729026023762
leaf_count=201 266 384 345 61
internal_value=0.00114389 0.0114311 -0.0341353 -0.0535307
internal_weight=14.8826 11.5226 3.35995 2.28183
internal_count=1257 650 607 406
is_linear=0
shrinkage=0.05


Tree=165
num_leaves=5
num_cat=1
split_feature=4 15 16 19
split_gain=0.949715 1.63972 0.861784 0.00100115
threshold=0 4.3452434539794931 3.2281483411788945 4.0082207307219511
decision_type=9 2 2 2
left_child=1 -1 3 -2
right_child=2 -3 -4 -5
leaf_value=0.042004589786746788 -0.050650789036926581 0.0026423617841159572 -0.0078911745788802275 -0.053048830775875348
leaf_weight=4.398525217882705 0.76425515308074032 6.6394897216669051 2.9375373579823645 1.0109841708181191
leaf_count=151 342 349 282 139
internal_value=0.00550956 0.00961603 -0.00785183 -0.0520165
internal_weight=15.7508 11.038 4.71278 1.77524
internal_count=1263 500 763 481
cat_boundaries=0 1
cat_threshold=72400898
is_linear=0
shrinkage=0.05


Tree=166
num_leaves=5
num_cat=0
split_feature=14 14 15 14
split_gain=1.6132 1.69795 0.317327 0.0011483
threshold=-3.3560383319854732 -5.1089437007904044 5.3537340164184579 -2.2946972846984859
decision_type=2 2 2 2
left_child=1 -1 3 -2
right_child=2 -3 -4 -5
leaf_value=-0.013093135819985622 -0.053282283868565018 0.025156513322421345 -0.012798869800205984 -0.050545177822760884
leaf_weight=5.5751481997285728 0.68248027065419603 6.0499021576251826 0.78773740497126699 0.87378464157882363
leaf_count=349 68 279 157 384
internal_value=-0.000817062 0.00681273 -0.0386569 -0.0517455
internal_weight=13.9691 11.6251 2.344 1.55626
internal_count=1237 628 609 452
is_linear=0
shrinkage=0.05


Tree=167
num_leaves=6
num_cat=0
split_feature=22 22 22 9 10
split_gain=1.12076 1.44066 1.56952 2.03106 1.04203
threshold=0.36880283057689672 0.19028159976005557 0.24381559342145923 -0.13107299804687497 0.051858879752617902
decision_type=2 2 2 2 2
left_child=1 -1 -3 -4 -5
right_child=-2 2 3 4 -6
leaf_value=-0.016043896889950553 -0.023897950324685505 0.051221623841444124 0.042822285540343445 0.011242638796159448 -0.042406019298662535
leaf_weight=3.2264481171150683 2.5067830158877777 3.1798094341829692 2.4723510403928213 1.7846954787528395 1.836479138000868
leaf_count=243 274 175 162 320 89
internal_value=0.00661456 0.0127337 0.0227463 0.00788684 -0.0159653
internal_weight=15.0066 12.4998 9.27334 6.09353 3.62117
internal_count=1263 989 746 571 409
is_linear=0
shrinkage=0.05


Tree=168
num_leaves=6
num_cat=0
split_feature=14 11 14 5 11
split_gain=2.01961 2.00069 1.78991 2.52922 1.09881
threshold=-6.0091369152069083 0.06067937438905182 -5.1089437007904044 1.2221831679344179 0.087727460711331695
decision_type=2 2 2 2 2
left_child=-1 -2 -3 -4 -5
right_child=1 2 3 4 -6
leaf_value=0.033684601079978269 -0.046513416384354106 -0.033474127344561906 0.040457710524495927 0.015942624079950247 -0.052724570987117997
leaf_weight=3.4395855785987814 2.8294366382615399 2.5733831883262592 3.9681453780794982 0.98896667028748231 1.4178182105788435
leaf_count=164 342 132 171 130 330
internal_value=-2.18507e-05 -0.00986552 0.00172247 0.0159304 -0.0245087
internal_weight=15.2173 11.7778 8.94831 6.37493 2.40678
internal_count=1269 1105 763 631 460
is_linear=0
shrinkage=0.05


Tree=169
num_leaves=5
num_cat=0
split_feature=0 11 16 19
split_gain=2.00857 1.40919 0.644296 0.00510648
threshold=5.5000000000000009 0.098688271604938274 3.9246426820755009 4.228530706092716
decision_type=2 2 2 2
left_child=2 -2 3 -1
right_child=1 -3 -4 -5
leaf_value=-0.051284026227161932 0.028503792215143792 -0.0064510545446425129 -0.0065285301874664628 -0.056464693963438922
leaf_weight=1.03001555944502 5.3296932583762082 6.2817186689244409 1.1661296268139265 0.88377001021581225
leaf_count=376 265 389 148 77
internal_value=7.1777e-05 0.00959339 -0.0358251 -0.0536764
internal_weight=14.6913 11.6114 3.07992 1.91379
internal_count=1255 654 601 453
is_linear=0
shrinkage=0.05


Tree=170
num_leaves=6
num_cat=0
split_feature=16 19 22 19 12
split_gain=1.78196 3.56816 0.281467 0.0058152 2.85731e-05
threshold=1.8347908258438113 4.0463237285614015 0.30341646075248724 2.9855098247528082 5.4367177486419687
decision_type=2 2 2 2 2
left_child=2 3 -1 4 -2
right_child=1 -3 -4 -5 -6
leaf_value=0.018700605647345742 -0.050339229579476445 0.010095788319034661 0.048658897658417292 -0.054793697526267129 -0.050750109030332481
leaf_weight=1.485381968690491 0.91457342998182711 7.804398261840106 1.6604947776213519 1.5075939499511148 0.78742679977585794
leaf_count=211 369 235 191 81 164
internal_value=0.00132483 -0.00815472 0.0345136 -0.0525324 -0.0505293
internal_weight=14.1599 11.014 3.14588 3.20959 1.702
internal_count=1251 849 402 614 533
is_linear=0
shrinkage=0.05


Tree=171
num_leaves=6
num_cat=0
split_feature=10 21 5 16 12
split_gain=1.64318 2.62773 1.70832 1.39879 0.404845
threshold=0.073181003584229395 0.33315299749374394 0.52638375759124767 2.8444799184799199 7.4415807723999032
decision_type=2 2 2 2 2
left_child=1 -1 -3 4 -4
right_child=-2 2 3 -5 -6
leaf_value=0.040034204416978275 -0.03408529815262093 -0.052276885653133431 -0.055526879320843658 0.019386222778213905 -0.0093502080635427445
leaf_weight=3.8595225947792624 3.2132865911989947 1.8567149028240235 0.95936609954514984 4.0227952646819176 0.93948579629795859
leaf_count=238 113 298 311 214 98
internal_value=-0.00243377 0.00630539 -0.0104304 0.00269044 -0.0326803
internal_weight=14.8512 11.6379 7.77836 5.92165 1.89885
internal_count=1272 1159 921 623 409
is_linear=0
shrinkage=0.05


Tree=172
num_leaves=5
num_cat=0
split_feature=14 13 13 10
split_gain=1.23913 1.66604 1.76579 1.19584
threshold=-5.1089437007904044 1.3720637559890749 1.6608999967575075 0.061159360352908747
decision_type=2 2 2 2
left_child=-1 -2 -3 -4
right_child=1 2 3 -5
leaf_value=-0.013753039303581946 -0.024081477400076292 0.053367379424160602 -0.023999193873159862 0.033971324835112358
leaf_weight=6.3037614604982091 2.0762288186961069 3.305605165020097 1.9323004880898227 1.6485970245266797
leaf_count=349 221 244 382 56
internal_value=0.00323246 0.0151789 0.0270156 0.00268965
internal_weight=15.2665 8.96273 6.8865 3.5809
internal_count=1252 903 682 438
is_linear=0
shrinkage=0.05


Tree=173
num_leaves=6
num_cat=0
split_feature=7 22 22 3 11
split_gain=1.73804 1.26207 1.1743 2.0151 0.595454
threshold=1005.509490966797 0.22243586182594302 0.2800967544317246 80.250000000000014 0.058030678998420938
decision_type=2 2 2 2 2
left_child=1 -1 -3 -4 -2
right_child=4 2 3 -5 -6
leaf_value=-0.016046438640154235 -0.0037928104246889669 0.043295044247917337 -0.025413009207593869 0.0375736869174104 -0.053147023677299246
leaf_weight=3.2236729246033056 0.98025729435176012 3.4296775331458758 2.5931248614797369 2.488276329364453 1.6229790221805158
leaf_count=163 179 135 231 213 342
internal_value=0.00239781 0.0105971 0.0206886 0.00543051 -0.0345625
internal_weight=14.338 11.7348 8.51108 5.0814 2.60324
internal_count=1263 742 579 444 521
is_linear=0
shrinkage=0.05


Tree=174
num_leaves=5
num_cat=0
split_feature=13 14 5 7
split_gain=1.87227 2.28655 2.77012 0.974335
threshold=1.3720637559890749 -5.1089437007904044 1.2937990427017214 1002.0934448242189
decision_type=2 2 2 2
left_child=-1 -2 -3 -4
right_child=1 2 3 -5
leaf_value=-0.029108548896947851 -0.018032533372501828 0.052625221742641448 0.017029304587533958 -0.051821412059598275
leaf_weight=3.6535681214154474 3.8532601074548429 4.4714392497553481 1.0244753802653579 1.0309217646026807
leaf_count=337 246 193 142 366
internal_value=0.00167445 0.0125094 0.0305405 -0.017504
internal_weight=14.0337 10.3801 6.52684 2.0554
internal_count=1284 947 701 508
is_linear=0
shrinkage=0.05


Tree=175
num_leaves=6
num_cat=1
split_feature=4 20 3 9 2
split_gain=1.4799 1.7813 1.00328 0.622133 0.00570845
threshold=0 1.0576004028320314 78.750000000000014 -0.14553833007812497 21.75
decision_type=9 2 2 2 2
left_child=2 -2 -1 -3 -5
right_child=1 3 -4 4 -6
leaf_value=0.041106898145926538 0.011077581675713691 -0.016385923602274834 0.0055983758243366086 -0.056459433190946574 -0.052226376119723673
leaf_weight=3.9723260376777034 2.370902511436725 1.5995152750911072 3.9848333686968544 1.7612326201706312 1.4538845666647828
leaf_count=231 173 163 183 155 372
internal_value=0.000679114 -0.0102013 0.0103356 -0.041868 -0.0545452
internal_weight=15.1427 7.18553 7.95716 4.81463 3.21512
internal_count=1277 863 414 690 527
cat_boundaries=0 1
cat_threshold=290504704
is_linear=0
shrinkage=0.05


Tree=176
num_leaves=4
num_cat=0
split_feature=20 15 8
split_gain=1.13967 1.36428 1.50847
threshold=2.0939254760742192 5.5472307205200204 -0.1201038360595703
decision_type=2 2 2
left_child=1 2 -1
right_child=-2 -3 -4
leaf_value=-0.0087173800480867276 0.041728566235003421 -0.023854044201030981 0.032341821449010266
leaf_weight=3.8550727180627273 2.6561838936650028 2.9744560507897395 5.3293713925595512
leaf_count=198 317 342 375
internal_value=0.0120581 0.00557638 0.0151077
internal_weight=14.8151 12.1589 9.18444
internal_count=1232 915 573
is_linear=0
shrinkage=0.05


Tree=177
num_leaves=5
num_cat=0
split_feature=7 9 9 1
split_gain=1.33133 3.67204 2.90094 1.24977
threshold=1005.1854858398439 -1.0000000180025095e-35 -0.13107299804687497 7.5000000000000009
decision_type=2 2 2 2
left_child=2 -2 -1 -4
right_child=1 -3 3 -5
leaf_value=0.036539453722814134 -0.032609730033240594 0.069594335068486349 0.0016926260325023806 -0.037761138396155774
leaf_weight=3.160267495615698 1.425211180605402 2.292481825537835 3.6610597204053175 4.4432625013723737
leaf_count=187 217 343 264 252
internal_value=0.00446905 0.0304135 -0.00409348 -0.0199382
internal_weight=14.9823 3.71769 11.2646 8.10432
internal_count=1263 560 703 516
is_linear=0
shrinkage=0.05


Tree=178
num_leaves=5
num_cat=0
split_feature=11 21 13 22
split_gain=1.20231 1.49963 0.760683 2.66619
threshold=0.11533946912098174 0.31420008763670926 1.5760324597358706 0.25446689128875738
decision_type=2 2 2 2
left_child=2 -2 3 -1
right_child=1 -3 -4 -5
leaf_value=0.030891056069914703 0.016624594912439755 -0.042238837256794823 0.032555278747586285 -0.03123743190544287
leaf_weight=3.8537134404323279 1.8012484709615826 2.7098126006894745 3.1795093190703483 3.1288432789806393
leaf_count=213 75 383 262 324
internal_value=0.00274677 -0.0187349 0.0122827 0.00305164
internal_weight=14.6731 4.51106 10.1621 6.98256
internal_count=1257 458 799 537
is_linear=0
shrinkage=0.05


Tree=179
num_leaves=6
num_cat=0
split_feature=22 6 19 8 15
split_gain=1.74159 1.7123 1.2361 1.96707 0.439757
threshold=0.1974187567830086 25.200302124023441 5.6926687339941671 -0.071596123278141008 3.3864002227783208
decision_type=2 2 2 2 2
left_child=-1 4 3 -3 -2
right_child=1 2 -4 -5 -6
leaf_value=-0.037424340721344762 -0.042283462341993441 0.078483872268555868 -0.0025125776183992834 0.0094529042134903155 -0.005901381130014538
leaf_weight=2.8068256789774759 1.5971737581712644 1.7396307782910287 3.5073656728782225 2.5369516497667073 1.7304524150895302
leaf_count=264 266 144 104 346 136
internal_value=-0.00223357 0.00665575 0.0194891 0.0375334 -0.0233638
internal_weight=13.9184 11.1116 7.78395 4.27658 3.32763
internal_count=1260 996 594 490 402
is_linear=0
shrinkage=0.05


Tree=180
num_leaves=8
num_cat=0
split_feature=14 14 12 10 10 14 14
split_gain=2.42257 1.49681 2.05872 2.02185 0.832654 0.693566 0.000488537
threshold=-4.8194322586059561 -4.2136528491973868 7.2135627269744882 0.042539682539682551 0.035299145299145303 -5.9135632514953604 -3.2215402126312251
decision_type=2 2 2 2 2 2 2
left_child=5 -2 3 4 6 -1 -3
right_child=1 2 -4 -5 -6 -7 -8
leaf_value=-0.019954397629329743 0.034086857229111887 -0.052530409709840353 -0.054169794602913136 0.051785331599006029 0.014926318853374795 -0.055915886200736509 -0.050437077991053618
leaf_weight=2.6721348673454486 2.9006317337043575 0.53096386929973838 1.7963389398282741 1.6639479458972344 0.81926906896114804 2.690992145842757 0.58667647427864777
leaf_count=189 103 101 252 41 31 214 337
internal_value=-0.011808 0.00511952 -0.0104485 0.0113625 -0.0233637 -0.0379984 -0.0514316
internal_weight=13.661 8.29783 5.3972 3.60086 1.93691 5.36313 1.11764
internal_count=1268 865 762 510 469 403 438
is_linear=0
shrinkage=0.05


Tree=181
num_leaves=5
num_cat=0
split_feature=22 16 14 1
split_gain=1.8496 1.62627 1.6105 0.667841
threshold=0.34668464958667761 4.1492958068847665 -4.8194322586059561 8.5000000000000018
decision_type=2 2 2 2
left_child=1 2 -1 -4
right_child=-2 -3 3 -5
leaf_value=-0.032616354817029541 -0.042015842723430494 0.034116348903886595 -0.0058552418080394866 0.034089661686043986
leaf_weight=3.3352849023212903 2.3795449134995588 3.6135573375577223 2.1097176405055498 2.0760835555411177
leaf_count=192 357 246 235 197
internal_value=-0.00200248 0.00654863 -0.00669647 0.0139567
internal_weight=13.5142 11.1346 7.52109 4.1858
internal_count=1227 870 624 432
is_linear=0
shrinkage=0.05


Tree=182
num_leaves=6
num_cat=0
split_feature=0 15 15 6 10
split_gain=1.71302 1.45725 1.07798 0.510541 0.00415818
threshold=5.5000000000000009 5.2590942382812509 3.2399253845214848 24.935607910156254 0.036936392914653789
decision_type=2 2 2 2 2
left_child=2 3 -1 -2 -4
right_child=1 -3 4 -5 -6
leaf_value=0.011427971365092909 0.0079717580385628359 -0.017215489889662008 -0.051501415668683763 0.033105447445888433 -0.056026369893458286
leaf_weight=0.92208374119582126 3.8995745781576243 3.6077180128049795 1.0164440080770876 4.1930531032958243 1.0143947001051854
leaf_count=207 221 265 337 189 68
internal_value=0.000624238 0.00921261 -0.0334054 0.0209943 -0.0537616
internal_weight=14.6533 11.7003 2.95292 8.09263 2.03084
internal_count=1287 675 612 410 405
is_linear=0
shrinkage=0.05


Tree=183
num_leaves=4
num_cat=0
split_feature=6 11 6
split_gain=1.7891 1.64438 1.58503
threshold=23.886947631835941 0.11533946912098174 26.570968627929691
decision_type=2 2 2
left_child=-1 2 -2
right_child=1 -3 -4
leaf_value=0.034069331107917496 -0.0305116922098044 -0.044341418788905164 0.017147037046823483
leaf_weight=2.8286740761832343 2.6438225293459237 2.7023346429050434 5.1291879843483912
leaf_count=381 214 280 392
internal_value=-0.00121553 -0.0107436 0.000936944
internal_weight=13.304 10.4753 7.77301
internal_count=1267 886 606
is_linear=0
shrinkage=0.05


Tree=184
num_leaves=6
num_cat=0
split_feature=13 20 14 5 13
split_gain=1.52186 1.11453 1.32247 1.06822 0.651904
threshold=1.2484852671623232 2.2164276123046878 -5.4538621902465811 1.1884568929672243 1.4514040350914004
decision_type=2 2 2 2 2
left_child=-1 2 -2 -4 -5
right_child=1 -3 3 4 -6
leaf_value=0.03867662081087811 -0.044380275754224457 0.023440520086004963 0.014328069852528161 -2.8312492523283004e-05 -0.052258331988174395
leaf_weight=2.37596136386128 2.5193463676405354 2.6113135573614263 3.9715589229163015 1.1187971020845 1.2819963961264873
leaf_count=188 180 275 200 71 342
internal_value=0.0022461 -0.00527867 -0.0137129 -0.00158841 -0.0279185
internal_weight=13.879 11.503 8.8917 6.37235 2.40079
internal_count=1256 1068 793 613 413
is_linear=0
shrinkage=0.05


Tree=185
num_leaves=5
num_cat=0
split_feature=3 6 14 21
split_gain=1.49371 1.76361 1.86327 1.2859
threshold=75.750000000000014 23.886947631835941 -5.1089437007904044 0.46193680039473944
decision_type=2 2 2 2
left_child=-1 -2 -3 -4
right_child=1 2 3 -5
leaf_value=0.039801686044387809 0.031160339616240443 -0.045847723797559102 -0.019037422501828091 0.02915123723621493
leaf_weight=2.5333244394278163 2.8886967439575519 2.991867557197109 3.0184021744280471 2.5572930793641717
leaf_count=311 338 171 283 177
internal_value=0.00505796 -0.00262493 -0.0140162 0.00306431
internal_weight=13.9896 11.4563 8.56756 5.5757
internal_count=1280 969 631 460
is_linear=0
shrinkage=0.05


Tree=186
num_leaves=5
num_cat=0
split_feature=13 11 1 11
split_gain=1.48872 0.830024 0.792025 0.0868832
threshold=1.6319407224655154 0.12582446060861624 7.5000000000000009 0.1943510737628385
decision_type=2 2 2 2
left_child=2 -2 -1 -3
right_child=1 3 -4 -5
leaf_value=-0.00063467684883987234 -0.037217354618447239 0.0087166739095925917 0.032026023306008275 -0.0055012628982438125
leaf_weight=2.7612376292818208 2.0203716216819894 2.1586551246327872 5.6633209735337005 2.1393934556544991
leaf_count=318 237 268 330 133
internal_value=0.00756124 -0.0107853 0.0213211 0.00163956
internal_weight=14.743 6.31842 8.42456 4.29805
internal_count=1286 638 648 401
is_linear=0
shrinkage=0.05


Tree=187
num_leaves=6
num_cat=0
split_feature=13 19 14 9 19
split_gain=1.80462 1.17534 0.985919 1.9551 1.28036
threshold=1.7462478280067446 6.8242617441548257 -5.9135632514953604 0.071517944335937514 5.202267248928548
decision_type=2 2 2 2 2
left_child=2 -2 -1 4 -4
right_child=1 -3 3 -5 -6
leaf_value=0.04303819894529351 -0.052077400841871985 0.0035643899209039996 -0.037926918050082553 0.035393116219105271 0.01300536076601441
leaf_weight=2.5205737229116485 1.9074138562027667 1.8889762530161531 2.5210465945674496 3.6155226969567593 2.4168279302830342
leaf_count=125 375 58 387 209 117
internal_value=0.00535708 -0.0243916 0.0155556 0.00745678 -0.0129983
internal_weight=14.8704 3.79639 11.074 8.5534 4.93787
internal_count=1271 433 838 713 504
is_linear=0
shrinkage=0.05


Tree=188
num_leaves=6
num_cat=0
split_feature=16 16 13 15 19
split_gain=1.42414 1.52176 1.87225 1.57114 0.819636
threshold=4.5166752338409433 3.9246426820755009 1.6904406547546389 4.8879261016845712 6.8242617441548257
decision_type=2 2 2 2 2
left_child=1 2 3 -1 -4
right_child=-2 -3 4 -5 -6
leaf_value=-0.0023910725738029285 -0.028604343384470439 0.046026242918674964 -0.051822746648918006 0.050534416452383352 -0.00082576118892403272
leaf_weight=3.1838304748598585 2.3619403787161 2.8101403623295473 1.62566194613828 2.5059201893673162 1.5289125320559831
leaf_count=270 251 96 399 204 56
internal_value=0.00679861 0.0139735 0.00378928 0.0209187 -0.0271063
internal_weight=14.0164 11.6545 8.84433 5.68975 3.15457
internal_count=1276 1025 929 474 455
is_linear=0
shrinkage=0.05


Tree=189
num_leaves=4
num_cat=0
split_feature=6 21 16
split_gain=1.35342 1.45706 3.30957
threshold=23.886947631835941 0.47683326303958901 3.9246426820755009
decision_type=2 2 2
left_child=-1 2 -2
right_child=1 -3 -4
leaf_value=0.032127720959912197 -0.054930862167494793 0.025541928861596227 0.0092093442384571459
leaf_weight=2.8066725598473576 3.4067522145815001 2.6446115008511688 4.9095295609149616
leaf_count=372 383 210 299
internal_value=0.00114749 -0.00678538 -0.0170656
internal_weight=13.7676 10.9609 8.31628
internal_count=1264 892 682
is_linear=0
shrinkage=0.05


Tree=190
num_leaves=7
num_cat=0
split_feature=14 19 12 22 19 12
split_gain=1.38121 1.3437 1.05023 0.195317 0.00131897 0.000122364
threshold=-6.0091369152069083 3.6974014163017279 2.1998569965362553 0.27911038696765905 2.9855098247528082 6.8512191772460946
decision_type=2 2 2 2 2 2
left_child=-1 2 -2 -3 5 -4
right_child=1 3 4 -5 -6 -7
leaf_value=0.036218610812248135 0.020080785010386258 0.015306450511928433 -0.050377669649610428 0.0010458580584884823 -0.053528174965160671 -0.051412688730688771
leaf_weight=3.2087696277812947 0.69259731651982237 4.6634042250370822 0.67293740087916354 4.949372035865963 0.72784259136824392 0.49606591718475102
leaf_count=156 170 158 383 242 84 97
internal_value=0.00702852 -0.000647487 -0.032616 0.00796404 -0.0518572 -0.0508169
internal_weight=15.411 12.2022 2.58944 9.61278 1.89685 1.169
internal_count=1290 1134 734 400 564 480
is_linear=0
shrinkage=0.05


Tree=191
num_leaves=5
num_cat=0
split_feature=7 9 9 13
split_gain=0.777463 2.824 1.14323 1.05094
threshold=1005.1854858398439 -1.0000000180025095e-35 -0.12796020507812497 1.5760324597358706
decision_type=2 2 2 2
left_child=2 -2 -1 -4
right_child=1 -3 3 -5
leaf_value=0.026752003997381146 -0.030942171584103229 0.059647317664777523 -0.030044564160787952 0.0065259226347054184
leaf_weight=3.0925937834108472 1.3391494049501491 2.4059022386245497 3.4173066687944793 4.6209977970356704
leaf_count=189 227 338 223 284
internal_value=0.00754824 0.0272545 0.000917973 -0.00902121
internal_weight=14.8759 3.74505 11.1309 8.0383
internal_count=1261 565 696 507
is_linear=0
shrinkage=0.05


Tree=192
num_leaves=5
num_cat=0
split_feature=13 8 20 19
split_gain=1.51786 1.4579 1.16916 0.757
threshold=1.7462478280067446 -0.66556677222251881 1.4198098318917414 6.5682161252945672
decision_type=2 2 2 2
left_child=1 -1 -3 -2
right_child=3 2 -4 -5
leaf_value=0.046101011747861714 -0.051749540735374425 0.015319349468149807 -0.024554978851237197 -0.0037246544022976474
leaf_weight=2.3039162420755011 1.6583302875951642 5.0996171747174222 2.8745899331224791 1.6242089508450588
leaf_count=120 361 347 363 58
internal_value=0.00161369 0.0110672 0.000945213 -0.0279867
internal_weight=13.5607 10.2781 7.97421 3.28254
internal_count=1249 830 710 419
is_linear=0
shrinkage=0.05


Tree=193
num_leaves=5
num_cat=0
split_feature=7 14 13 2
split_gain=0.693522 1.13254 0.82154 0.989359
threshold=1001.3834838867189 -5.4346570968627921 1.4011854529380801 23.250000000000004
decision_type=2 2 2 2
left_child=-1 -2 -3 -4
right_child=1 2 3 -5
leaf_value=-0.016947170072019294 0.03362063936933652 -0.025600353571231318 0.027432126926731422 -0.014793655612316768
leaf_weight=2.6327128419197843 3.8675829380954374 2.1699593653029288 3.4565569033075008 2.3171080850061117
leaf_count=282 169 225 211 361
internal_value=0.00625897 0.0114316 0.000628237 0.0104859
internal_weight=14.4439 11.8112 7.94362 5.77366
internal_count=1248 966 797 572
is_linear=0
shrinkage=0.05


Tree=194
num_leaves=5
num_cat=0
split_feature=22 11 6 5
split_gain=1.56866 1.1337 0.741136 0.449179
threshold=0.24381559342145923 0.056555004135649303 26.905075073242191 0.66441035270690929
decision_type=2 2 2 2
left_child=3 -2 -3 -1
right_child=1 2 -4 -5
leaf_value=0.032001622213279582 -0.053949532407658464 0.0074158243001437828 -0.030247649051557791 0.0043403095987308562
leaf_weight=2.7442067018419039 1.6501834628106733 3.4703314554135432 2.0944824687176151 3.1548658057690773
leaf_count=170 226 357 262 234
internal_value=-0.00191644 -0.0175529 -0.00675994 0.0172082
internal_weight=13.1141 7.215 5.56481 5.89907
internal_count=1249 845 619 404
is_linear=0
shrinkage=0.05


Tree=195
num_leaves=4
num_cat=0
split_feature=7 9 6
split_gain=1.1306 2.94133 2.44523
threshold=1005.1854858398439 -1.0000000180025095e-35 28.054077148437504
decision_type=2 2 2
left_child=2 -2 -1
right_child=1 -3 -4
leaf_value=0.015501604640532025 -0.029023833375723358 0.066617862738648906 -0.035202711130734352
leaf_weight=7.694309385135055 1.2514092710098341 2.2478411602533024 3.4412039909584564
leaf_count=370 224 341 322
internal_value=0.00762295 0.0324143 -0.000167533
internal_weight=14.6348 3.49925 11.1355
internal_count=1257 565 692
is_linear=0
shrinkage=0.05


Tree=196
num_leaves=7
num_cat=0
split_feature=14 15 3 19 14 16
split_gain=1.56272 0.847395 0.686908 0.652307 0.00128863 2.53238e-05
threshold=-3.3560383319854732 5.9922866821289071 78.750000000000014 4.0898326536019658 -2.7078653573989864 3.017249703407288
decision_type=2 2 2 2 2 2
left_child=2 4 3 -1 -2 -6
right_child=1 -3 -4 -5 5 -7
leaf_value=0.04177856136624275 -0.053401857034958235 0.010697733456686839 0.00089980128564387204 0.0082830996223233859 -0.050262694922433626 -0.050782028536256144
leaf_weight=2.9392771506172704 0.67951549602003081 0.81540849176963082 5.8039928593207151 2.8754930869909003 0.42435586708234141 0.52531470164831262
leaf_count=372 64 94 231 37 328 115
internal_value=0.00542324 -0.0309132 0.0130684 0.0252145 -0.0517395 -0.05055
internal_weight=14.0634 2.44459 11.6188 5.81477 1.62919 0.949671
internal_count=1241 601 640 409 507 443
is_linear=0
shrinkage=0.05


Tree=197
num_leaves=6
num_cat=0
split_feature=10 19 9 19 0
split_gain=2.27978 1.19055 0.516943 0.00355927 4.54873e-06
threshold=0.027679309937374458 6.8242617441548257 0.11940002441406251 3.1461958435829733 6.5000000000000009
decision_type=2 2 2 2 2
left_child=2 -2 3 4 -1
right_child=1 -3 -4 -5 -6
leaf_value=-0.050233376281576196 0.022746684207592294 -0.010738145200975272 -0.0057985856483044147 -0.054501327989093178 -0.050465042228609404
leaf_weight=0.43059753774469012 6.5694399030544428 4.4545460011577234 0.79826575143306389 1.3164406732539644 0.41716646437271265
leaf_count=276 391 126 209 146 128
internal_value=-0.00124834 0.00921621 -0.0401892 -0.0528741 -0.0503474
internal_weight=13.9865 11.024 2.96247 2.1642 0.847764
internal_count=1276 517 759 550 404
is_linear=0
shrinkage=0.05


Tree=198
num_leaves=6
num_cat=0
split_feature=5 19 5 11 22
split_gain=1.14575 1.86316 1.36081 1.26644 1.24621
threshold=0.63337150216102611 8.4151638716459285 1.0261367559432986 0.11432286695934339 0.30546016991138464
decision_type=2 2 2 2 2
left_child=3 2 -2 -1 -4
right_child=1 -3 4 -5 -6
leaf_value=-0.0010152794748866565 -0.058110788959939999 0.02832417494008967 0.012286858491611747 0.048502539179446559 -0.043082193657492079
leaf_weight=2.5214438044495191 1.7260557177069111 2.8692781469144393 3.0715044317712454 2.6464985462589539 1.5187379655362745
leaf_count=239 91 103 328 189 328
internal_value=0.00550931 -0.00508666 -0.0202641 0.0243428 -0.00603267
internal_weight=14.3535 9.18558 6.3163 5.16794 4.59024
internal_count=1278 850 747 428 656
is_linear=0
shrinkage=0.05


Tree=199
num_leaves=7
num_cat=0
split_feature=16 8 22 22 19 10
split_gain=1.46515 1.88858 0.408519 0.349623 0.00183781 0.000107915
threshold=3.416347980499268 -1.3422323465347288 0.24381559342145923 0.19977534562349322 5.2403358489274989 0.036936392914653789
decision_type=2 2 2 2 2 2
left_child=1 -1 -2 -3 5 -5
right_child=2 3 -4 4 -6 -7
leaf_value=0.025543840206120796 0.021795459233737144 -0.022170273699945887 -0.0025687169672678877 -0.050388201083796928 -0.053527490308509819 -0.051361272742477253
leaf_weight=1.408783763858082 3.5635653906792868 1.4997711863798029 3.3264975120036979 0.57848870582529366 1.5087476081171187 0.56147433118894696
leaf_count=93 175 158 273 374 111 72
internal_value=-0.00537355 -0.0244745 0.0100325 -0.0414602 -0.0523827 -0.0508675
internal_weight=12.4473 5.55727 6.89006 4.14848 2.64871 1.13996
internal_count=1256 808 448 715 557 446
is_linear=0
shrinkage=0.05


end of trees

feature_importances:
analog_precip_abs_error=134
fcst_precip_mm=92
hist_bust_precip_categorical_rate=71
fcst_precip_anomaly_vs_domain_mean=68
wind_speed_10m=62
hist_mean_abs_error_temp_c=51
top1_distance=50
mean_distance=46
hist_mean_abs_error_precip_mm=42
fcst_temp_anomaly_vs_domain_mean=35
fcst_mslp_hpa=33
analog_temp_abs_error=32
temp_forecast_jump=29
fcst_temp_c=26
hist_bust_temp_hard_rate=23
region_v2=21
precip_forecast_jump=21
longitude=16
lead_day=12
latitude=7
month=4
analog_temp_bust_rate=4
n_analogs=1

parameters:
[boosting: gbdt]
[objective: binary]
[metric: binary_logloss]
[tree_learner: serial]
[device_type: cpu]
[data_sample_strategy: bagging]
[data: ]
[valid: ]
[num_iterations: 200]
[learning_rate: 0.05]
[num_leaves: 31]
[num_threads: 12]
[seed: 42]
[deterministic: 0]
[force_col_wise: 0]
[force_row_wise: 0]
[histogram_pool_size: -1]
[max_depth: -1]
[min_data_in_leaf: 200]
[min_sum_hessian_in_leaf: 0.001]
[bagging_fraction: 0.8]
[pos_bagging_fraction: 1]
[neg_bagging_fraction: 1]
[bagging_freq: 1]
[bagging_seed: 400]
[bagging_by_query: 0]
[feature_fraction: 0.8]
[feature_fraction_bynode: 1]
[feature_fraction_seed: 30056]
[extra_trees: 0]
[extra_seed: 12879]
[early_stopping_round: 0]
[early_stopping_min_delta: 0]
[first_metric_only: 0]
[max_delta_step: 0]
[lambda_l1: 0]
[lambda_l2: 0]
[linear_lambda: 0]
[min_gain_to_split: 0]
[drop_rate: 0.1]
[max_drop: 50]
[skip_drop: 0.5]
[xgboost_dart_mode: 0]
[uniform_drop: 0]
[drop_seed: 17869]
[top_rate: 0.2]
[other_rate: 0.1]
[min_data_per_group: 100]
[max_cat_threshold: 32]
[cat_l2: 10]
[cat_smooth: 10]
[max_cat_to_onehot: 4]
[top_k: 20]
[monotone_constraints: ]
[monotone_constraints_method: basic]
[monotone_penalty: 0]
[feature_contri: ]
[forcedsplits_filename: ]
[refit_decay_rate: 0.9]
[cegb_tradeoff: 1]
[cegb_penalty_split: 0]
[cegb_penalty_feature_lazy: ]
[cegb_penalty_feature_coupled: ]
[path_smooth: 0]
[interaction_constraints: ]
[verbosity: -1]
[saved_feature_importance_type: 0]
[use_quantized_grad: 0]
[num_grad_quant_bins: 4]
[quant_train_renew_leaf: 0]
[stochastic_rounding: 1]
[linear_tree: 0]
[max_bin: 255]
[max_bin_by_feature: ]
[min_data_in_bin: 3]
[bin_construct_sample_cnt: 200000]
[data_random_seed: 175]
[is_enable_sparse: 1]
[enable_bundle: 1]
[use_missing: 1]
[zero_as_missing: 0]
[feature_pre_filter: 1]
[pre_partition: 0]
[two_round: 0]
[header: 0]
[label_column: ]
[weight_column: ]
[group_column: ]
[ignore_column: ]
[categorical_feature: 4]
[forcedbins_filename: ]
[precise_float_parser: 0]
[parser_config_file: ]
[objective_seed: 16083]
[num_class: 1]
[is_unbalance: 0]
[scale_pos_weight: 1]
[sigmoid: 1]
[boost_from_average: 1]
[reg_sqrt: 0]
[alpha: 0.9]
[fair_c: 1]
[poisson_max_delta_step: 0.7]
[tweedie_variance_power: 1.5]
[lambdarank_truncation_level: 30]
[lambdarank_norm: 1]
[label_gain: ]
[lambdarank_position_bias_regularization: 0]
[eval_at: ]
[multi_error_top_k: 1]
[auc_mu_weights: ]
[num_machines: 1]
[local_listen_port: 12400]
[time_out: 120]
[machine_list_filename: ]
[machines: ]
[gpu_platform_id: -1]
[gpu_device_id: -1]
[gpu_device_id_list: ]
[gpu_use_dp: 0]
[num_gpu: 1]

end of parameters

pandas_categorical:[["Andaman and Nicobar", "Andhra Pradesh", "Arunachal Pradesh", "Assam", "Bihar", "Chhattisgarh", "Goa", "Gujarat", "Haryana", "Himachal Pradesh", "Jammu and Kashmir", "Jharkhand", "Karnataka", "Kerala", "Lakshadweep", "Madhya Pradesh", "Maharashtra", "Manipur", "Meghalaya", "Mizoram", "Odisha", "Punjab", "Rajasthan", "Sikkim", "Tamil Nadu", "Tripura", "Uttar Pradesh", "Uttarakhand", "West Bengal"]]
